:0200000460009A
:100000004643464200000156000000000101020084
:1000100000000000000000000000000000000000E0
:1000200000000000000000000000000000000000D0
:1000300000000000000000000000000000000000C0
:1000400000000000010406010000000000000000A4
:100050000000800000000000000000000000000020
:100060000000000000000000000000000000000090
:100070000000000000000000000000000000000080
:10008000EB04180AFF1E04320126000000000000E5
:100090000000000000000000000000000000000060
:1000A0000000000000000000000000000000000050
:1000B0000000000000000000000000000000000040
:1000C0000000000000000000000000000000000030
:1000D0000000000000000000000000000000000020
:1000E0000000000000000000000000000000000010
:1000F0000000000000000000000000000000000000
:1001000000000000000000000000000000000000EF
:1001100000000000000000000000000000000000DF
:1001200000000000000000000000000000000000CF
:1001300000000000000000000000000000000000BF
:1001400000000000000000000000000000000000AF
:10015000000000000000000000000000000000009F
:10016000000000000000000000000000000000008F
:10017000000000000000000000000000000000007F
:10018000000000000000000000000000000000006F
:10019000000000000000000000000000000000005F
:1001A000000000000000000000000000000000004F
:1001B000000000000000000000000000000000003F
:1001C000000100000010000001000000000000001D
:1001D000000001000000000000000000000000001E
:1001E000000000000000000000000000000000000F
:1001F00000000000000000000000000000000000FF
:10020000FFFFFFFFFFFFFFFFFFFFFFFFFFFFFFFFFE
:10021000FFFFFFFFFFFFFFFFFFFFFFFFFFFFFFFFEE
:10022000FFFFFFFFFFFFFFFFFFFFFFFFFFFFFFFFDE
:10023000FFFFFFFFFFFFFFFFFFFFFFFFFFFFFFFFCE
:10024000FFFFFFFFFFFFFFFFFFFFFFFFFFFFFFFFBE
:10025000FFFFFFFFFFFFFFFFFFFFFFFFFFFFFFFFAE
:10026000FFFFFFFFFFFFFFFFFFFFFFFFFFFFFFFF9E
:10027000FFFFFFFFFFFFFFFFFFFFFFFFFFFFFFFF8E
:10028000FFFFFFFFFFFFFFFFFFFFFFFFFFFFFFFF7E
:10029000FFFFFFFFFFFFFFFFFFFFFFFFFFFFFFFF6E
:1002A000FFFFFFFFFFFFFFFFFFFFFFFFFFFFFFFF5E
:1002B000FFFFFFFFFFFFFFFFFFFFFFFFFFFFFFFF4E
:1002C000FFFFFFFFFFFFFFFFFFFFFFFFFFFFFFFF3E
:1002D000FFFFFFFFFFFFFFFFFFFFFFFFFFFFFFFF2E
:1002E000FFFFFFFFFFFFFFFFFFFFFFFFFFFFFFFF1E
:1002F000FFFFFFFFFFFFFFFFFFFFFFFFFFFFFFFF0E
:10030000FFFFFFFFFFFFFFFFFFFFFFFFFFFFFFFFFD
:10031000FFFFFFFFFFFFFFFFFFFFFFFFFFFFFFFFED
:10032000FFFFFFFFFFFFFFFFFFFFFFFFFFFFFFFFDD
:10033000FFFFFFFFFFFFFFFFFFFFFFFFFFFFFFFFCD
:10034000FFFFFFFFFFFFFFFFFFFFFFFFFFFFFFFFBD
:10035000FFFFFFFFFFFFFFFFFFFFFFFFFFFFFFFFAD
:10036000FFFFFFFFFFFFFFFFFFFFFFFFFFFFFFFF9D
:10037000FFFFFFFFFFFFFFFFFFFFFFFFFFFFFFFF8D
:10038000FFFFFFFFFFFFFFFFFFFFFFFFFFFFFFFF7D
:10039000FFFFFFFFFFFFFFFFFFFFFFFFFFFFFFFF6D
:1003A000FFFFFFFFFFFFFFFFFFFFFFFFFFFFFFFF5D
:1003B000FFFFFFFFFFFFFFFFFFFFFFFFFFFFFFFF4D
:1003C000FFFFFFFFFFFFFFFFFFFFFFFFFFFFFFFF3D
:1003D000FFFFFFFFFFFFFFFFFFFFFFFFFFFFFFFF2D
:1003E000FFFFFFFFFFFFFFFFFFFFFFFFFFFFFFFF1D
:1003F000FFFFFFFFFFFFFFFFFFFFFFFFFFFFFFFF0D
:10040000FFFFFFFFFFFFFFFFFFFFFFFFFFFFFFFFFC
:10041000FFFFFFFFFFFFFFFFFFFFFFFFFFFFFFFFEC
:10042000FFFFFFFFFFFFFFFFFFFFFFFFFFFFFFFFDC
:10043000FFFFFFFFFFFFFFFFFFFFFFFFFFFFFFFFCC
:10044000FFFFFFFFFFFFFFFFFFFFFFFFFFFFFFFFBC
:10045000FFFFFFFFFFFFFFFFFFFFFFFFFFFFFFFFAC
:10046000FFFFFFFFFFFFFFFFFFFFFFFFFFFFFFFF9C
:10047000FFFFFFFFFFFFFFFFFFFFFFFFFFFFFFFF8C
:10048000FFFFFFFFFFFFFFFFFFFFFFFFFFFFFFFF7C
:10049000FFFFFFFFFFFFFFFFFFFFFFFFFFFFFFFF6C
:1004A000FFFFFFFFFFFFFFFFFFFFFFFFFFFFFFFF5C
:1004B000FFFFFFFFFFFFFFFFFFFFFFFFFFFFFFFF4C
:1004C000FFFFFFFFFFFFFFFFFFFFFFFFFFFFFFFF3C
:1004D000FFFFFFFFFFFFFFFFFFFFFFFFFFFFFFFF2C
:1004E000FFFFFFFFFFFFFFFFFFFFFFFFFFFFFFFF1C
:1004F000FFFFFFFFFFFFFFFFFFFFFFFFFFFFFFFF0C
:10050000FFFFFFFFFFFFFFFFFFFFFFFFFFFFFFFFFB
:10051000FFFFFFFFFFFFFFFFFFFFFFFFFFFFFFFFEB
:10052000FFFFFFFFFFFFFFFFFFFFFFFFFFFFFFFFDB
:10053000FFFFFFFFFFFFFFFFFFFFFFFFFFFFFFFFCB
:10054000FFFFFFFFFFFFFFFFFFFFFFFFFFFFFFFFBB
:10055000FFFFFFFFFFFFFFFFFFFFFFFFFFFFFFFFAB
:10056000FFFFFFFFFFFFFFFFFFFFFFFFFFFFFFFF9B
:10057000FFFFFFFFFFFFFFFFFFFFFFFFFFFFFFFF8B
:10058000FFFFFFFFFFFFFFFFFFFFFFFFFFFFFFFF7B
:10059000FFFFFFFFFFFFFFFFFFFFFFFFFFFFFFFF6B
:1005A000FFFFFFFFFFFFFFFFFFFFFFFFFFFFFFFF5B
:1005B000FFFFFFFFFFFFFFFFFFFFFFFFFFFFFFFF4B
:1005C000FFFFFFFFFFFFFFFFFFFFFFFFFFFFFFFF3B
:1005D000FFFFFFFFFFFFFFFFFFFFFFFFFFFFFFFF2B
:1005E000FFFFFFFFFFFFFFFFFFFFFFFFFFFFFFFF1B
:1005F000FFFFFFFFFFFFFFFFFFFFFFFFFFFFFFFF0B
:10060000FFFFFFFFFFFFFFFFFFFFFFFFFFFFFFFFFA
:10061000FFFFFFFFFFFFFFFFFFFFFFFFFFFFFFFFEA
:10062000FFFFFFFFFFFFFFFFFFFFFFFFFFFFFFFFDA
:10063000FFFFFFFFFFFFFFFFFFFFFFFFFFFFFFFFCA
:10064000FFFFFFFFFFFFFFFFFFFFFFFFFFFFFFFFBA
:10065000FFFFFFFFFFFFFFFFFFFFFFFFFFFFFFFFAA
:10066000FFFFFFFFFFFFFFFFFFFFFFFFFFFFFFFF9A
:10067000FFFFFFFFFFFFFFFFFFFFFFFFFFFFFFFF8A
:10068000FFFFFFFFFFFFFFFFFFFFFFFFFFFFFFFF7A
:10069000FFFFFFFFFFFFFFFFFFFFFFFFFFFFFFFF6A
:1006A000FFFFFFFFFFFFFFFFFFFFFFFFFFFFFFFF5A
:1006B000FFFFFFFFFFFFFFFFFFFFFFFFFFFFFFFF4A
:1006C000FFFFFFFFFFFFFFFFFFFFFFFFFFFFFFFF3A
:1006D000FFFFFFFFFFFFFFFFFFFFFFFFFFFFFFFF2A
:1006E000FFFFFFFFFFFFFFFFFFFFFFFFFFFFFFFF1A
:1006F000FFFFFFFFFFFFFFFFFFFFFFFFFFFFFFFF0A
:10070000FFFFFFFFFFFFFFFFFFFFFFFFFFFFFFFFF9
:10071000FFFFFFFFFFFFFFFFFFFFFFFFFFFFFFFFE9
:10072000FFFFFFFFFFFFFFFFFFFFFFFFFFFFFFFFD9
:10073000FFFFFFFFFFFFFFFFFFFFFFFFFFFFFFFFC9
:10074000FFFFFFFFFFFFFFFFFFFFFFFFFFFFFFFFB9
:10075000FFFFFFFFFFFFFFFFFFFFFFFFFFFFFFFFA9
:10076000FFFFFFFFFFFFFFFFFFFFFFFFFFFFFFFF99
:10077000FFFFFFFFFFFFFFFFFFFFFFFFFFFFFFFF89
:10078000FFFFFFFFFFFFFFFFFFFFFFFFFFFFFFFF79
:10079000FFFFFFFFFFFFFFFFFFFFFFFFFFFFFFFF69
:1007A000FFFFFFFFFFFFFFFFFFFFFFFFFFFFFFFF59
:1007B000FFFFFFFFFFFFFFFFFFFFFFFFFFFFFFFF49
:1007C000FFFFFFFFFFFFFFFFFFFFFFFFFFFFFFFF39
:1007D000FFFFFFFFFFFFFFFFFFFFFFFFFFFFFFFF29
:1007E000FFFFFFFFFFFFFFFFFFFFFFFFFFFFFFFF19
:1007F000FFFFFFFFFFFFFFFFFFFFFFFFFFFFFFFF09
:10080000FFFFFFFFFFFFFFFFFFFFFFFFFFFFFFFFF8
:10081000FFFFFFFFFFFFFFFFFFFFFFFFFFFFFFFFE8
:10082000FFFFFFFFFFFFFFFFFFFFFFFFFFFFFFFFD8
:10083000FFFFFFFFFFFFFFFFFFFFFFFFFFFFFFFFC8
:10084000FFFFFFFFFFFFFFFFFFFFFFFFFFFFFFFFB8
:10085000FFFFFFFFFFFFFFFFFFFFFFFFFFFFFFFFA8
:10086000FFFFFFFFFFFFFFFFFFFFFFFFFFFFFFFF98
:10087000FFFFFFFFFFFFFFFFFFFFFFFFFFFFFFFF88
:10088000FFFFFFFFFFFFFFFFFFFFFFFFFFFFFFFF78
:10089000FFFFFFFFFFFFFFFFFFFFFFFFFFFFFFFF68
:1008A000FFFFFFFFFFFFFFFFFFFFFFFFFFFFFFFF58
:1008B000FFFFFFFFFFFFFFFFFFFFFFFFFFFFFFFF48
:1008C000FFFFFFFFFFFFFFFFFFFFFFFFFFFFFFFF38
:1008D000FFFFFFFFFFFFFFFFFFFFFFFFFFFFFFFF28
:1008E000FFFFFFFFFFFFFFFFFFFFFFFFFFFFFFFF18
:1008F000FFFFFFFFFFFFFFFFFFFFFFFFFFFFFFFF08
:10090000FFFFFFFFFFFFFFFFFFFFFFFFFFFFFFFFF7
:10091000FFFFFFFFFFFFFFFFFFFFFFFFFFFFFFFFE7
:10092000FFFFFFFFFFFFFFFFFFFFFFFFFFFFFFFFD7
:10093000FFFFFFFFFFFFFFFFFFFFFFFFFFFFFFFFC7
:10094000FFFFFFFFFFFFFFFFFFFFFFFFFFFFFFFFB7
:10095000FFFFFFFFFFFFFFFFFFFFFFFFFFFFFFFFA7
:10096000FFFFFFFFFFFFFFFFFFFFFFFFFFFFFFFF97
:10097000FFFFFFFFFFFFFFFFFFFFFFFFFFFFFFFF87
:10098000FFFFFFFFFFFFFFFFFFFFFFFFFFFFFFFF77
:10099000FFFFFFFFFFFFFFFFFFFFFFFFFFFFFFFF67
:1009A000FFFFFFFFFFFFFFFFFFFFFFFFFFFFFFFF57
:1009B000FFFFFFFFFFFFFFFFFFFFFFFFFFFFFFFF47
:1009C000FFFFFFFFFFFFFFFFFFFFFFFFFFFFFFFF37
:1009D000FFFFFFFFFFFFFFFFFFFFFFFFFFFFFFFF27
:1009E000FFFFFFFFFFFFFFFFFFFFFFFFFFFFFFFF17
:1009F000FFFFFFFFFFFFFFFFFFFFFFFFFFFFFFFF07
:100A0000FFFFFFFFFFFFFFFFFFFFFFFFFFFFFFFFF6
:100A1000FFFFFFFFFFFFFFFFFFFFFFFFFFFFFFFFE6
:100A2000FFFFFFFFFFFFFFFFFFFFFFFFFFFFFFFFD6
:100A3000FFFFFFFFFFFFFFFFFFFFFFFFFFFFFFFFC6
:100A4000FFFFFFFFFFFFFFFFFFFFFFFFFFFFFFFFB6
:100A5000FFFFFFFFFFFFFFFFFFFFFFFFFFFFFFFFA6
:100A6000FFFFFFFFFFFFFFFFFFFFFFFFFFFFFFFF96
:100A7000FFFFFFFFFFFFFFFFFFFFFFFFFFFFFFFF86
:100A8000FFFFFFFFFFFFFFFFFFFFFFFFFFFFFFFF76
:100A9000FFFFFFFFFFFFFFFFFFFFFFFFFFFFFFFF66
:100AA000FFFFFFFFFFFFFFFFFFFFFFFFFFFFFFFF56
:100AB000FFFFFFFFFFFFFFFFFFFFFFFFFFFFFFFF46
:100AC000FFFFFFFFFFFFFFFFFFFFFFFFFFFFFFFF36
:100AD000FFFFFFFFFFFFFFFFFFFFFFFFFFFFFFFF26
:100AE000FFFFFFFFFFFFFFFFFFFFFFFFFFFFFFFF16
:100AF000FFFFFFFFFFFFFFFFFFFFFFFFFFFFFFFF06
:100B0000FFFFFFFFFFFFFFFFFFFFFFFFFFFFFFFFF5
:100B1000FFFFFFFFFFFFFFFFFFFFFFFFFFFFFFFFE5
:100B2000FFFFFFFFFFFFFFFFFFFFFFFFFFFFFFFFD5
:100B3000FFFFFFFFFFFFFFFFFFFFFFFFFFFFFFFFC5
:100B4000FFFFFFFFFFFFFFFFFFFFFFFFFFFFFFFFB5
:100B5000FFFFFFFFFFFFFFFFFFFFFFFFFFFFFFFFA5
:100B6000FFFFFFFFFFFFFFFFFFFFFFFFFFFFFFFF95
:100B7000FFFFFFFFFFFFFFFFFFFFFFFFFFFFFFFF85
:100B8000FFFFFFFFFFFFFFFFFFFFFFFFFFFFFFFF75
:100B9000FFFFFFFFFFFFFFFFFFFFFFFFFFFFFFFF65
:100BA000FFFFFFFFFFFFFFFFFFFFFFFFFFFFFFFF55
:100BB000FFFFFFFFFFFFFFFFFFFFFFFFFFFFFFFF45
:100BC000FFFFFFFFFFFFFFFFFFFFFFFFFFFFFFFF35
:100BD000FFFFFFFFFFFFFFFFFFFFFFFFFFFFFFFF25
:100BE000FFFFFFFFFFFFFFFFFFFFFFFFFFFFFFFF15
:100BF000FFFFFFFFFFFFFFFFFFFFFFFFFFFFFFFF05
:100C0000FFFFFFFFFFFFFFFFFFFFFFFFFFFFFFFFF4
:100C1000FFFFFFFFFFFFFFFFFFFFFFFFFFFFFFFFE4
:100C2000FFFFFFFFFFFFFFFFFFFFFFFFFFFFFFFFD4
:100C3000FFFFFFFFFFFFFFFFFFFFFFFFFFFFFFFFC4
:100C4000FFFFFFFFFFFFFFFFFFFFFFFFFFFFFFFFB4
:100C5000FFFFFFFFFFFFFFFFFFFFFFFFFFFFFFFFA4
:100C6000FFFFFFFFFFFFFFFFFFFFFFFFFFFFFFFF94
:100C7000FFFFFFFFFFFFFFFFFFFFFFFFFFFFFFFF84
:100C8000FFFFFFFFFFFFFFFFFFFFFFFFFFFFFFFF74
:100C9000FFFFFFFFFFFFFFFFFFFFFFFFFFFFFFFF64
:100CA000FFFFFFFFFFFFFFFFFFFFFFFFFFFFFFFF54
:100CB000FFFFFFFFFFFFFFFFFFFFFFFFFFFFFFFF44
:100CC000FFFFFFFFFFFFFFFFFFFFFFFFFFFFFFFF34
:100CD000FFFFFFFFFFFFFFFFFFFFFFFFFFFFFFFF24
:100CE000FFFFFFFFFFFFFFFFFFFFFFFFFFFFFFFF14
:100CF000FFFFFFFFFFFFFFFFFFFFFFFFFFFFFFFF04
:100D0000FFFFFFFFFFFFFFFFFFFFFFFFFFFFFFFFF3
:100D1000FFFFFFFFFFFFFFFFFFFFFFFFFFFFFFFFE3
:100D2000FFFFFFFFFFFFFFFFFFFFFFFFFFFFFFFFD3
:100D3000FFFFFFFFFFFFFFFFFFFFFFFFFFFFFFFFC3
:100D4000FFFFFFFFFFFFFFFFFFFFFFFFFFFFFFFFB3
:100D5000FFFFFFFFFFFFFFFFFFFFFFFFFFFFFFFFA3
:100D6000FFFFFFFFFFFFFFFFFFFFFFFFFFFFFFFF93
:100D7000FFFFFFFFFFFFFFFFFFFFFFFFFFFFFFFF83
:100D8000FFFFFFFFFFFFFFFFFFFFFFFFFFFFFFFF73
:100D9000FFFFFFFFFFFFFFFFFFFFFFFFFFFFFFFF63
:100DA000FFFFFFFFFFFFFFFFFFFFFFFFFFFFFFFF53
:100DB000FFFFFFFFFFFFFFFFFFFFFFFFFFFFFFFF43
:100DC000FFFFFFFFFFFFFFFFFFFFFFFFFFFFFFFF33
:100DD000FFFFFFFFFFFFFFFFFFFFFFFFFFFFFFFF23
:100DE000FFFFFFFFFFFFFFFFFFFFFFFFFFFFFFFF13
:100DF000FFFFFFFFFFFFFFFFFFFFFFFFFFFFFFFF03
:100E0000FFFFFFFFFFFFFFFFFFFFFFFFFFFFFFFFF2
:100E1000FFFFFFFFFFFFFFFFFFFFFFFFFFFFFFFFE2
:100E2000FFFFFFFFFFFFFFFFFFFFFFFFFFFFFFFFD2
:100E3000FFFFFFFFFFFFFFFFFFFFFFFFFFFFFFFFC2
:100E4000FFFFFFFFFFFFFFFFFFFFFFFFFFFFFFFFB2
:100E5000FFFFFFFFFFFFFFFFFFFFFFFFFFFFFFFFA2
:100E6000FFFFFFFFFFFFFFFFFFFFFFFFFFFFFFFF92
:100E7000FFFFFFFFFFFFFFFFFFFFFFFFFFFFFFFF82
:100E8000FFFFFFFFFFFFFFFFFFFFFFFFFFFFFFFF72
:100E9000FFFFFFFFFFFFFFFFFFFFFFFFFFFFFFFF62
:100EA000FFFFFFFFFFFFFFFFFFFFFFFFFFFFFFFF52
:100EB000FFFFFFFFFFFFFFFFFFFFFFFFFFFFFFFF42
:100EC000FFFFFFFFFFFFFFFFFFFFFFFFFFFFFFFF32
:100ED000FFFFFFFFFFFFFFFFFFFFFFFFFFFFFFFF22
:100EE000FFFFFFFFFFFFFFFFFFFFFFFFFFFFFFFF12
:100EF000FFFFFFFFFFFFFFFFFFFFFFFFFFFFFFFF02
:100F0000FFFFFFFFFFFFFFFFFFFFFFFFFFFFFFFFF1
:100F1000FFFFFFFFFFFFFFFFFFFFFFFFFFFFFFFFE1
:100F2000FFFFFFFFFFFFFFFFFFFFFFFFFFFFFFFFD1
:100F3000FFFFFFFFFFFFFFFFFFFFFFFFFFFFFFFFC1
:100F4000FFFFFFFFFFFFFFFFFFFFFFFFFFFFFFFFB1
:100F5000FFFFFFFFFFFFFFFFFFFFFFFFFFFFFFFFA1
:100F6000FFFFFFFFFFFFFFFFFFFFFFFFFFFFFFFF91
:100F7000FFFFFFFFFFFFFFFFFFFFFFFFFFFFFFFF81
:100F8000FFFFFFFFFFFFFFFFFFFFFFFFFFFFFFFF71
:100F9000FFFFFFFFFFFFFFFFFFFFFFFFFFFFFFFF61
:100FA000FFFFFFFFFFFFFFFFFFFFFFFFFFFFFFFF51
:100FB000FFFFFFFFFFFFFFFFFFFFFFFFFFFFFFFF41
:100FC000FFFFFFFFFFFFFFFFFFFFFFFFFFFFFFFF31
:100FD000FFFFFFFFFFFFFFFFFFFFFFFFFFFFFFFF21
:100FE000FFFFFFFFFFFFFFFFFFFFFFFFFFFFFFFF11
:100FF000FFFFFFFFFFFFFFFFFFFFFFFFFFFFFFFF01
:10100000D1002043F1150060000000000000000046
:101010002010006000100060004C02600000000022
:10102000000000600058020000000000FFFFFFFF0A
:10103000FFFFFFFFFFFFFFFFFFFFFFFFFFFFFFFFC0
:10104000FFFFFFFFFFFFFFFFFFFFFFFFFFFFFFFFB0
:10105000FFFFFFFFFFFFFFFFFFFFFFFFFFFFFFFFA0
:10106000FFFFFFFFFFFFFFFFFFFFFFFFFFFFFFFF90
:10107000FFFFFFFFFFFFFFFFFFFFFFFFFFFFFFFF80
:10108000FFFFFFFFFFFFFFFFFFFFFFFFFFFFFFFF70
:10109000FFFFFFFFFFFFFFFFFFFFFFFFFFFFFFFF60
:1010A000FFFFFFFFFFFFFFFFFFFFFFFFFFFFFFFF50
:1010B000FFFFFFFFFFFFFFFFFFFFFFFFFFFFFFFF40
:1010C000FFFFFFFFFFFFFFFFFFFFFFFFFFFFFFFF30
:1010D000FFFFFFFFFFFFFFFFFFFFFFFFFFFFFFFF20
:1010E000FFFFFFFFFFFFFFFFFFFFFFFFFFFFFFFF10
:1010F000FFFFFFFFFFFFFFFFFFFFFFFFFFFFFFFF00
:10110000FFFFFFFFFFFFFFFFFFFFFFFFFFFFFFFFEF
:10111000FFFFFFFFFFFFFFFFFFFFFFFFFFFFFFFFDF
:10112000FFFFFFFFFFFFFFFFFFFFFFFFFFFFFFFFCF
:10113000FFFFFFFFFFFFFFFFFFFFFFFFFFFFFFFFBF
:10114000FFFFFFFFFFFFFFFFFFFFFFFFFFFFFFFFAF
:10115000FFFFFFFFFFFFFFFFFFFFFFFFFFFFFFFF9F
:10116000FFFFFFFFFFFFFFFFFFFFFFFFFFFFFFFF8F
:10117000FFFFFFFFFFFFFFFFFFFFFFFFFFFFFFFF7F
:10118000FFFFFFFFFFFFFFFFFFFFFFFFFFFFFFFF6F
:10119000FFFFFFFFFFFFFFFFFFFFFFFFFFFFFFFF5F
:1011A000FFFFFFFFFFFFFFFFFFFFFFFFFFFFFFFF4F
:1011B000FFFFFFFFFFFFFFFFFFFFFFFFFFFFFFFF3F
:1011C000FFFFFFFFFFFFFFFFFFFFFFFFFFFFFFFF2F
:1011D000FFFFFFFFFFFFFFFFFFFFFFFFFFFFFFFF1F
:1011E000FFFFFFFFFFFFFFFFFFFFFFFFFFFFFFFF0F
:1011F000FFFFFFFFFFFFFFFFFFFFFFFFFFFFFFFFFF
:10120000FFFFFFFFFFFFFFFFFFFFFFFFFFFFFFFFEE
:10121000FFFFFFFFFFFFFFFFFFFFFFFFFFFFFFFFDE
:10122000FFFFFFFFFFFFFFFFFFFFFFFFFFFFFFFFCE
:10123000FFFFFFFFFFFFFFFFFFFFFFFFFFFFFFFFBE
:10124000FFFFFFFFFFFFFFFFFFFFFFFFFFFFFFFFAE
:10125000FFFFFFFFFFFFFFFFFFFFFFFFFFFFFFFF9E
:10126000FFFFFFFFFFFFFFFFFFFFFFFFFFFFFFFF8E
:10127000FFFFFFFFFFFFFFFFFFFFFFFFFFFFFFFF7E
:10128000FFFFFFFFFFFFFFFFFFFFFFFFFFFFFFFF6E
:10129000FFFFFFFFFFFFFFFFFFFFFFFFFFFFFFFF5E
:1012A000FFFFFFFFFFFFFFFFFFFFFFFFFFFFFFFF4E
:1012B000FFFFFFFFFFFFFFFFFFFFFFFFFFFFFFFF3E
:1012C000FFFFFFFFFFFFFFFFFFFFFFFFFFFFFFFF2E
:1012D000FFFFFFFFFFFFFFFFFFFFFFFFFFFFFFFF1E
:1012E000FFFFFFFFFFFFFFFFFFFFFFFFFFFFFFFF0E
:1012F000FFFFFFFFFFFFFFFFFFFFFFFFFFFFFFFFFE
:10130000FFFFFFFFFFFFFFFFFFFFFFFFFFFFFFFFED
:10131000FFFFFFFFFFFFFFFFFFFFFFFFFFFFFFFFDD
:10132000FFFFFFFFFFFFFFFFFFFFFFFFFFFFFFFFCD
:10133000FFFFFFFFFFFFFFFFFFFFFFFFFFFFFFFFBD
:10134000FFFFFFFFFFFFFFFFFFFFFFFFFFFFFFFFAD
:10135000FFFFFFFFFFFFFFFFFFFFFFFFFFFFFFFF9D
:10136000FFFFFFFFFFFFFFFFFFFFFFFFFFFFFFFF8D
:10137000FFFFFFFFFFFFFFFFFFFFFFFFFFFFFFFF7D
:10138000FFFFFFFFFFFFFFFFFFFFFFFFFFFFFFFF6D
:10139000FFFFFFFFFFFFFFFFFFFFFFFFFFFFFFFF5D
:1013A000FFFFFFFFFFFFFFFFFFFFFFFFFFFFFFFF4D
:1013B000FFFFFFFFFFFFFFFFFFFFFFFFFFFFFFFF3D
:1013C000FFFFFFFFFFFFFFFFFFFFFFFFFFFFFFFF2D
:1013D000FFFFFFFFFFFFFFFFFFFFFFFFFFFFFFFF1D
:1013E000FFFFFFFFFFFFFFFFFFFFFFFFFFFFFFFF0D
:1013F000FFFFFFFFFFFFFFFFFFFFFFFFFFFFFFFFFD
:10140000824205D051F8043B40F8043B8242F9D8AF
:10141000704700BF044A05494FF0000342F8043BFF
:101420009142FBD8704700BFC0AE002060C60020CC
:1014300008B5BFF34F8F00F06FF9544C544B0820A0
:101440005449C3F85401544AC3F800115348C3F82F
:10145000F0405349FFF7D4FF524A53495348FFF72E
:10146000CFFF534CFFF7D6FF4FF470004FF0E02151
:101470000023504AC1F8880D44F823200133B02BD3
:10148000FAD14D4B80214D4A03F8011B9342FBD109
:101490004FF0E0254A4E4B4A4FF0FF31C5F8084D5A
:1014A000D5F8243D43F4E023C5F8243DF36923F047
:1014B0007F0343F04003F361736A23F07F0343F03B
:1014C000400373629166D1661167516700F02CF991
:1014D0003D4A3E4BA2636322E36300246A61032317
:1014E0003B4AAC612B61C5F8202DD5F8FC2D394B5A
:1014F00042F080723849C5F8FC2D1A6842F00102AA
:101500001A605B680B6000F0DFFA344800F06CFC96
:10151000F16E334B334A41F44051F1661C60C3F81D
:101520000841C3F81841C3F82841C3F83841936B08
:10153000DB0708D442F615632B4951651365936B9D
:1015400043F001039363274A284C936843F0011347
:10155000936000F077F900F05FF800F029FC00F0EC
:10156000E5FA00F0DBF82368132BFCD900F07AFBD6
:101570002368B3F5967FFBD300F0D4F800F0D0F8E1
:1015800000F026FC00F028FC30BFFDE70C0D111325
:1015900000800D401B101820787A01000000000028
:1015A00054200060C0AE0020D09A016000000020EE
:1015B00000AC002089F0000000E400E0A0E400E0BE
:1015C00000C00F4000C00A4069DE00006DDE000070
:1015D00000002020001000E0E8C400200046C323E3
:1015E0000040084000400D400000C056ECC4002000
:1015F000054B4FF42A01054A05485A641864054A08
:1016000099639546FFF714FF00C00A40BFAAAAAA33
:1016100007002000008006200F4B40F2376C0F4A75
:10162000A020D96E41F44031D966D96E41F44071A1
:10163000D966C2F844C09064936C1B06FCD4084A77
:1016400040F23761A02351649364936C13F08003DC
:10165000FBD1044A1370704700C00F4000400C409B
:1016600000800C4019C60020294A00210123C2F83D
:10167000A000C2F8A410C2F8B0305369D907FCD555
:1016800001234FF4803C22495361C2F8A000C2F804
:10169000A4C0C2F8B0304B69DB07FCD501234FF47E
:1016A000003C1B4A4B61C1F8A000C1F8A4C0C1F8BE
:1016B000B0305369D907FCD50123DFF858C014496D
:1016C0005361C2F8A000C2F8A4C0C2F8B0304B69A0
:1016D000DB07FCD5D1F8003145F60D504FF0210C59
:1016E0009AB2C1F814C0824210D045F69D518A4288
:1016F0000AD1C3F34253032B08D0A3F10403B3FA76
:1017000083F35B0918017047002070470820704779
:1017100000402A4004000300704700BF704700BF2C
:10172000704700BF00BF70474FF0E02300214FF02B
:10173000100C3448C3F8941DC3F89CCD4FF0110C25
:10174000C3F8A00D3048C3F89CCD4FF0120CC3F87D
:10175000A00D2E48C3F89CCD2D4AC3F8A00DDFF88C
:10176000D0C042F015022B48C3F89CCDC3F8A00DA1
:10177000DFF8C0C02848C3F89CCDC3F8A00DDFF83F
:10178000B8C0C3F89C2D2548254AC3F8A0CDC3F89E
:101790009C0DC3F8A02D02F5A022DFF8A0C00C32EA
:1017A0002048C3F89CCDC3F8A02D1F4AC3F89C0D58
:1017B000C3F8A02D02F14062DFF884C002321B485A
:1017C000C3F89CCDC3F8A02D0A32C3F89C0DC3F812
:1017D000A02D00BF00BF00BF00BF00BF0122C3F8A3
:1017E000942DBFF34F8FBFF36F8FC3F8501FBFF31C
:1017F0004F8FBFF36F8FD3F8142D42F44032C3F8EC
:10180000142D70473F000010250008070900100044
:1018100060C60020210002072500081316002020C2
:1018200027000B13180000602F000B071A00008020
:1018300013002000140000200900001017000040D1
:101840001900007030B5864B85B0DFF874E21822BD
:10185000844D0120C3F85CE28349C3F86052A5F5CA
:101860008055DFF860C2814CC3F864E2C3F8685267
:101870002125C3F86CC2C3F870C2C3F874C2C3F8A0
:1018800078C248F20C7CDA661A675A679A67DA6798
:10189000C3F88020C3F88420C3F88820C1F82C0343
:1018A000734AC1F83003C1F83403C1F83803C1F8F2
:1018B0003C03C1F85003A1696E4B0A406E486F4962
:1018C00013436F4AA361D4F8843043F00C03C4F887
:1018D00084304FF0FF34036843F002030360036871
:1018E00003EA0C031A43674B026044608A68664C43
:1018F0001340664A43F000538360C36823F07803C3
:10190000C360036A23401A43604B0262026A2240AA
:101910005F4C1343002243628462C46240F2056458
:10192000D1F8B83023F03F0343F00103C0F8B830DA
:10193000D1F8BC30574923F03F0343F00103C0F80E
:10194000BC3002610567C0F880404567C0F884403C
:101950000224036823F00203036081614E4B4F4968
:10196000C46143F8042B8B42FBD1434C236843F002
:1019700001032360256815F00105FBD145480222CB
:1019800040F2F561A06140F29940E26140F26642A6
:10199000C4F8001242F20141C4F81022404AC4F8CF
:1019A0002002C4F8302240F23542C4F834123D48D7
:1019B000C4F840223C4AC4F850022846C4F85422D5
:1019C00042F201223949C4F86012C4F86422FFF7D8
:1019D0004BFE0246002839D0810201234FF48020BB
:1019E00021662549C4F8A050C4F8A400C4F8B0305A
:1019F0004B69D807FCD515050124039228464C6194
:101A0000FFF732FE039A2A4B0244D2B21A7080B119
:101A1000194980024FF4802348660846C1F8A05057
:101A2000C1F8A430C1F8B0404369DB07FCD50123FD
:101A3000436120490024204801230094401A00EB10
:101A400002521E4800F0C0F905B030BD1B4B1849CA
:101A500018600870D860C3E9010005B030BD00BF50
:101A600000801F40F910010000841F4000C00F409B
:101A7000FFFCFF1F0003008000402A4000802A4036
:101A80001200FFFFFF37F70000FFF07C40000080EE
:101A9000FF000F83F05AF05A00422A4000432A40C8
:101AA0009F041830EB06180A063201263806180A79
:101AB0001AC600200000007000000070C4BC0020A6
:101AC000F9B00100F970010010B5174A4FF48054C5
:101AD0004FF4005E4FF4404C4FF4803043F242012B
:101AE000136913F0020F0DD113F4005F0FD013F43C
:101AF000805F0FD0002BF3DA13F4803F0CD15B062C
:101B00000ED510BDC2F818C050619161E8E7C2F867
:101B100014E0E5E75461E3E74FF480339361DFE7D6
:101B200040235361DCE700BF00800D40414A0320A1
:101B30004149F3EE095AD2F880309FED406A23F014
:101B400001039FED3F5ADFF814C100B5C2F88030A1
:101B5000C2F89000D1F8E010DFF804E1CBB23948C8
:101B6000CEF8003007EE903A0B0DC1F30B21F8EEE2
:101B7000E77A06EE903A07EE101A334BB8EEC77AC2
:101B8000CCF80010F8EEE66A304937EEC66A37EE58
:101B9000C55A76EEC76A77EEE57A26EE266AC3ED79
:101BA000006A25EE265AD2F8803067EEA64AC0EDCC
:101BB000007AC6EE275A264885EE276AC4EEA76A41
:101BC00075EE875AFCEEE55A36EE076A15EE90CAB6
:101BD000BCEEC66A43EA0C5376EE877AC2F88030D0
:101BE00016EE103AD2F890C1FCEEE77A01EA034112
:101BF00041EA0C014FF0000C17EE903AC2F8901138
:101C0000C3F30B03D2F890110B431249C2F8903181
:101C1000D2F8803043F00203C2F880300E4B80F8D7
:101C200040C0C1F840314FF0E0230122C3F8082141
:101C300000BD00BF00810D4000441F400000AA42CB
:101C40000000B442A0BE0020A4BE00200000FF0F90
:101C500000E400E000AC002069F2000098BE002023
:101C60009CBE0020314B40F6617210B5C3F82021B4
:101C700040F2044400F0B4F82D4A2E49D2F88030E6
:101C80002D4843F00303C2F880302C4BC1F860416B
:101C900002681A4203D1D1F8A8319A071BD0254A0D
:101CA0004FF00041244B5963D2F8403143F0020316
:101CB000C2F84031D2F840319B07FBD44FF40030DA
:101CC0004FF0E0211C4B4FF00042C1F88C0219206C
:101CD0009A6300F071F8184B0021164C4FF08042C7
:101CE0000A209A634FF420721960C4F8A8011448BE
:101CF00000F066F84FF4800203464FF4810040F292
:101D000043111860C4F858311A640E4B0E4AC4F8D7
:101D10004811C3F804224FF0E0224FF400310123B0
:101D2000C2F80C11C4F8403110BD00BF00800D4056
:101D300000C00F4000002E4000900D40001C1E000F
:101D40000000002000AC00206DF4000008B50E4B30
:101D50001B6E9B0700D4FBBE72B60C4B00200C4AD6
:101D6000C3F8400103F160430A49A3F55F231164FE
:101D70009D46BFF34F8F4FF40013074A0748DB69B6
:101D800002609B68984700BF00441F4000002E403F
:101D900000C00A4003002000000012EB0080202059
:101DA000F8B500BFF8BC08BC9E46704700000000B4
:101DB0005FF800F0050501005FF800F0A9E80000F9
:101DC0005FF800F0651B01005FF800F06906010094
:101DD0005FF800F0FD1D01005FF800F0D1EE00009B
:101DE0005FF800F0D9FB00005FF800F095E5000017
:0C1DF0004500000099500000CDE000000C
:101DFC006CC00F40030000000E0D000039C3000042
:101E0C002A3600001400000013000000010000003E
:101E1C00F4841F402B32000014000000130000005B
:101E2C0001000000F8841F402D3100001400000058
:101E3C001300000001000000F0841F402CFFFF0085
:101E4C001400000000000000000000000100000071
:101E5C0000000000EC841F400000000000000000A7
:101E6C006CC00F4030000000100F000039C30000A0
:101E7C000127000017000000120000000001000004
:101E8C0014851F401AFF0000120000000000000023
:101E9C000100000018851F401BFF0000120000000D
:101EAC00000000000100000010851F400026FF000C
:101EBC0017000000120000000000000001010000EB
:101ECC00010000000C851F400C851F400000000025
:101EDC006CC00F40C0000000504F00000DC400004B
:101EEC000CFF0000130000000000000000000000C8
:101EFC0024851F400BFF00001300000000000000B1
:101F0C000000000028851F400DFF0000130000009A
:101F1C00000000000000000020851F400A2524005E
:101F2C001300000012000000120000000102030068
:101F3C000000000000000000000000000000000095
:101F4C001603550053004200200053006500720038
:101F5C00690061006C000000180354006500650006
:101F6C006E00730079006400750069006E006F00EC
:101F7C000403090409026200030100C032080B00CB
:101F8C000202020100090400000102020100052402
:101F9C000010010524010101042402060524060099
:101FAC00010705820310001009040100020A000059
:101FBC0000070503024000000705840240000009E9
:101FCC0004020002FF6AFF000705810240000107BE
:101FDC00050102400001000009026200030100C07B
:101FEC0032080B0002020201000904000001020287
:101FFC00010005240010010524010101042402063E
:10200C0005240600010705820310000509040100E0
:10201C00020A000000070503020002000705840203
:10202C000002000904020002FF6AC70007058102D2
:10203C000002010705010200020100000A0600026D
:08204C00EF0201400100000059
:10205400000000000000000000000000000000007C
:10206400000000000000000000000000000000006C
:102074000548064B1B1AD90F01EBA301491002D0E6
:10208400034B03B118477047C0AE0020C0AE002018
:102094000000000008B5054B1BB105490548AFF326
:1020A4000080BDE80840FFF7E3BF00BF0000000068
:1020B40040BD00200058026000207047704700BFF8
:1020C4000A2910B4837C2FD00D2921D0427C90F8AA
:1020D4000CC094450FD990F80DC09C4513D9046ADF
:1020E40054F823309954427C017B0132837CD2B270
:1020F4009142427412D80133427B0021DBB2417415
:10210400934283740DD300238374012010BC704761
:1021140000210A464174017B9142ECD9427B9342EF
:10212400F1D2012010BC704701330021DBB20A4612
:1021340041748374EFE700BF10B5044600230A4AD4
:102144004FF48070A1600121A08204F12400217762
:102154001946A3612362C4E90023C4E9033340227E
:1021640011F028FD204610BDC4270020F8B5044610
:102174008068414B2173627303F16006B0F86450C8
:10218400B0F86670B5FBF1F5B7FBF2F7EDB23B4979
:10219400FFB21A79AA4203D85A79BA4298BF196889
:1021A40008339E42F5D108300DF008F9A168627B2E
:1021B40091F89D00236A1746A07391F89E00E0737E
:1021C40091F9AE1021747BB1002A42D0002553F856
:1021D400250018B10EF048FF627B236A01351746CB
:1021E400AA42F4DC002B34D1B8000EF03BFF0646C3
:1021F4002062002F38D000252F4600E0266A207B7D
:1022040001300EF02FFF202146F82500227B11F02B
:10221400D1FC226A237B52F825200135D754637BF5
:10222400AB42EBDC4FF0000204F11106A4F81120DC
:102234005BB10025236A2021227B53F82500013558
:1022440011F0B8FC637B9D42F4DB4FF00003338054
:10225400F8BD18460EF008FF677BB8000EF002FFC9
:1022640006462062002FC6D104F111064FF0000388
:10227400A4F811703380F8BD80020020C03900201A
:1022840038B5437B05465BB100242B6A20212A7BA9
:1022940053F82400013411F08DFC6B7BA342F4DC71
:1022A4004FF00003A5F8113038BD00BF4FF0000314
:1022B400A0F81130704700BF037B03F1FF3C5FFAC5
:1022C4008CFC8B4288BF8C46417B4B1E80F811C02E
:1022D400DBB2914288BF134683747047002283683F
:1022E4000121427503F108000DF038BD0122836815
:1022F4000021427503F108000DF030BD0023C374C2
:10230400704700BF034A01231268C37403778261D4
:10231400704700BFECC400202DE9F04F447B8DB022
:1023240090F91020836812FB04F1B3F8649089B229
:10233400B3F86630994280F0EF805B1A611C93FB1E
:10234400F1F30893774985690B685B1BB3F5FA7F52
:1023540005D90B688361037F83F001030377002CA5
:1023640000F0CD80074600F124030024089D3E7B45
:10237400C8460693002E00F08B80386A013E4FF069
:10238400FF3B50F8241001EB0B030E44C1F1010E86
:1023940003EB0E0113F801CFBCF1200F18BF8B46DD
:1023A4009E42F5D10BF10106BB7B13FB06F189B20A
:1023B400414580F0A180B8EB010148BF01314910CB
:1023C400079112FB045A1FFA8AF10391002E50D090
:1023D400A10009940026079C0491CDE90A851D46B5
:1023E4000DE003980244B86892B208300CF0A0FFE4
:1023F4005E453BDA0136BD7B97F91020386A049BB1
:1024040015FB0645C358A9B29B5D072BE9D8082ADA
:102414006FDD52100398043A02441FFA82F909F15D
:102424000808069A05944C4602EBC30A1FFA88F979
:1024340001F10708072501E0013D0ED39AF80030A9
:102444002B41DB07F8D5A8EB0501B868224689B211
:1024540008300DF087F8013DF0D2621C0AF1010A40
:1024640094B24C45E6D15E45059CC3DB0B9DDDE98A
:102474000948BB7CA34218D001347B7B089AA34251
:1024840015443CDD3E7B97F91020002E7FF475AF98
:1024940012FB04539BB20393B8F1000F3FD04FEAF1
:1024A40058030793BB7CA342E6D1BB7B7E7C079990
:1024B400FA7C06FB0316B6B222BB3B7D002BDBD0B5
:1024C4003B7F002BD8D0B868022108300DF068F8A3
:1024D40097F910303146039A9BB20093B868BB7BDE
:1024E40008300CF045FBB868012108300DF058F8AD
:1024F400C2E7DDF80C9092E70021079161E70DB087
:10250400BDE8F08F0399FA7BB8680A443146083075
:1025140092B20DF013F8D0E70023089312E7CDF838
:102524001C80A6E7ECC40020437D03B9704710B5B6
:102534000446806808300CF0AFFB2046FFF7ECFE41
:10254400A068BDE8104008300CF0B2BB036818471F
:102554000B680360704700BF0B680360704700BFDF
:10256400704700BF38B5D0F8B430044608309847F7
:102574004FF6FD73984201D9012038BD0346B4F8E3
:10258400BA20B4F8B81004F108000CF0D1FE94F8A5
:102594009030032BF0D8DFE803F0140E0802B4F8EF
:1025A400BA301B1AA4F8BA30E6E7B4F8B8301B1AEC
:1025B400A4F8B830E0E7B4F8BA301844A4F8BA0084
:1025C400DAE7B4F8B8301844A4F8B800D4E700BF88
:1025D400084611460FF09CBE00B583B001900DF083
:1025E4005BFD019803B000BD0FF028BE38B5054669
:1025F40011F02EFD441E2C44A5420AD2234601E0CC
:10260400AB4220D01C46187811F09CF8631E0028B9
:10261400F6D1002363702878A0B12C4602E014F8A8
:10262400010F18B111F08EF80028F8D1A54209D095
:10263400204611F00DFD2146421C2846BDE83840D5
:1026440011F026BA38BD2C46E3E700BF836C13B102
:10265400184607F0E1BDC06C08B106F0D1BC704764
:10266400836C13B1184607F073BCC06C08B106F054
:102674006FB84FF0FF307047836C53B1187810F087
:1026840008000DD0D8695B69C01A48BF6FF00040DC
:102694007047C36CA3B193F8310010F0080000D167
:1026A4007047186919685A69401A5B6862EB03033A
:1026B400B0F1004F73F10003F2D36FF000407047A4
:1026C4001846EDE72DE9F04F057983B00F46002D4C
:1026D4004CD12A4E34689AB1814688460192D9F881
:1026E4000000274A03681B69934229D10FF0A6FD15
:1026F40048B933681B1B642B2BD8019BAB42EED823
:1027040003B0BDE8F08F019B0024D9F800A0A3EB2F
:10271400050B3768834528BF834605E03368DAF83C
:102724000820DB1B93420DD22819ABEB0401404473
:102734000FF0F4FC0444A345F0D825443468DCE7E6
:102744009847D5E74FF00103254434688AF80C30E4
:10275400D3E7019A47460146521B781911F02AFA29
:10276400012389F8043003B0BDE8F08F0021384616
:1027740003B0BDE8F04F11F01DBA00BFECC4002057
:10278400990500002DE9F047002A4BD00D46044678
:1027940001EB02090026DFF8948000F108074FF6E8
:1027A400FD7A03E00120A945064420D02368384679
:1027B40015F8011B1B68434514D1D4F8B43098476D
:1027C4005045EFD80346B4F8BA20B4F8B8103846E8
:1027D4000CF0AEFD94F89030032BE3D8DFE803F05F
:1027E4001C16100A20469847A9450644DED13046F7
:1027F400BDE8F087B4F8BA301B1AA4F8BA30D1E7B0
:10280400B4F8B8301B1AA4F8B830CBE7B4F8BA302F
:102814001844A4F8BA00C5E7B4F8B8301844A4F8CA
:10282400B800BFE716463046BDE8F087150500003E
:10283400836C00B583B05BB101220DF1070118462A
:1028440007F09CFA01280BD19DF8070003B000BDE6
:10285400C06C28B101220DF1070105F0AFFEF1E7CC
:102864004FF0FF30F2E700BF836C13B1184607F056
:10287400E5BEC06C08B106F067BD704700B5836C57
:1028840083B08DF807103BB101220DF10701184602
:1028940007F0D4FE03B000BDC06C0028FAD00122BA
:1028A4000DF1070106F050FD03B000BD10B483B074
:1028B4000B46CDE90012C27C002A30D072B6C27C2D
:1028C400D40708D54FF0E02C4469DCF8801121408E
:1028D4008162CCF88011910708D54FF0E02C84690F
:1028E400DCF884112140C162CCF88411540708D566
:1028F4004FF0E02CC469DCF8881121400163CCF866
:102904008811110708D54FF0E02C046ADCF88C110B
:1029140021404163CCF88C11D2063AD462B6826865
:10292400934240D0234A836092692349C2F3011C35
:10293400C2F3826251F82CC00132BCFBF2F103B342
:102944008B4232D8B1FBF3F2B1FBF2F18B422ED3BE
:10295400B2F5817F1BD2022A27D9023A530803EB2E
:10296400032342EA0323C3600268032100201061A9
:10297400516201211364019B1366116103B010BC01
:1029840070479445EFD34A1CB2F5817FE3D30B4BD8
:10299400E9E74FF0E021446AD1F8902122408263B4
:1029A400C1F89021BAE7C368DEE70023DBE71146EC
:1029B400E9E700BF00C00F4028290020FF7F7F0007
:1029C400A2B32DE9F04115460E460746826800F190
:1029D4000C0810E0C2F58074314608EB0200AC42EA
:1029E40028BF2C46224626440EF0A2FABA682D1BB4
:1029F4002244BA6014D0B2F5807FEBD1D7F800C07E
:102A040011460B4C4046DCF800305B68A34209D108
:102A14000FF07EFC0023BB600FF0A8FCBA68D9E776
:102A2400BDE8F081604641469847F3E7704700BF30
:102A3400810500000EB400B582B0083003AA52F834
:102A4400041B01920CF08CFF02B05DF804EB03B0A0
:102A5400704700BF014620220B4808B511F04EF91B
:102A64000021027880F820100AB1FFF7BFFD064864
:102A740011F0EEFA0449024604480DF0A5FB0348A0
:102A8400BDE80840FFF750BD88B40020DCBC00203E
:102A940038B5044610480D46FFF7F2FB20222146C4
:102AA4000E4811F02BF90021027880F820100AB1A9
:102AB400FFF79CFD094811F0CBFA08490246064885
:102AC4000DF082FB044801220021FFF7F5FB2846A4
:102AD400BDE83840FFF7BEBFDCBC002088B400204E
:102AE4002DE9F04FDFF8A89191B0634896270CF0D8
:102AF400D3F8DFF8A081002299F800105F4802ADF6
:102B040098F8003009AC08AECDE9001011465A48D7
:102B14000CF028F858480CF0CBF8DFF87CE1DFF82B
:102B24007CC1BEE80F000FC59EE8070003C52A70EC
:102B3400BCE80F000FC49CE8070003C422700DF129
:102B440007040DF1230564200DF090FB04284FF0D9
:102B54000001494884BF012147480CF021FD14F8C5
:102B6400011F15F8012F44480CF0FCFCB442EAD1D3
:102B740041480CF09DF80A200DF0BEFE013FDED165
:102B840001213D480CF00CFD3B480CF085F83C4C11
:102B940099F800003A4698F8003039466FF001067B
:102BA400384F4FF0000BCDE9000433480BF0DAFF47
:102BB40031480CF07DF8344A08212F48B2F86430CB
:102BC400B3F17A0448BFA3F17904B2F866300091F6
:102BD400C4F34704A3F10E02A3F10C057A23D2B285
:102BE400214604F102090BF0E9FF2348EDB20CF091
:102BF4005FF8361B5FFA89F9D7F800803B68A3EBCE
:102C04000803B3F5FA6F12D2762202FB03FA1F4BC4
:102C1400A3FB0A3ACAF3C71ADA450AD805200DF00D
:102C24006BFE3B68A3EB0803B3F5FA6FECD34FF0EC
:102C3400760A09EB0B042146013404232A46A4B284
:102C44000D480CF085FC3319DBB29A45F3D80BF12F
:102C54000103AAEB0B020848DBB2013A534588BFD3
:102C6400002213445FFA83FB0CF022F8BBF1760FC9
:102C7400C4D111B0BDE8F08F14C5002054A10020C8
:102C8400549D0020ECC400200CC50020D34D6210DC
:102C940047A8002048A80020BC1C0020881C002055
:102CA40010B4094A4FF0013C084C094BC4F800C069
:102CB4004FF0010C92E80300064A83E8030082F80F
:102CC40000C010BC704700BF2096002074B10020E3
:102CD40000B1002009C6002000B58DB00C4B0D4A90
:102CE40002A908A8009306930292FFF731FC40F270
:102CF400AF4206A908480DF04BF9069B08A8DB680B
:102D04009847009B02A8DB6898470DB000BD00BF40
:102D140018290020953E0000E8A70020C0B23628FC
:102D24000BD8064B020103EB00109B58C26811B18B
:102D3400C3F884207047C3F8882070475C2A0020B9
:102D44002DE9F84F284D0121DFF8B4B0274C05F1E7
:102D5400040A274F274EDFF8AC90DFF89C809BF8DD
:102D64000000FFF7DBFF15F8013B33B323884FF670
:102D7400FF71B6F900209B1833D48B42A8BF0B46D1
:102D8400002199F800002380FFF7C8FF3B781A4A16
:102D940088F8003063781146184888F801302378A1
:102DA40088F8023003230BF0DDFC012199F80000C0
:102DB400FFF7B4FF002305F8013C554504F1020474
:102DC40007F1010706F10206CDD19BF800000121AD
:102DD4000DF012FE9BF800000021BDE8F84FFFF74C
:102DE4009DBF0023CCE700BF74B1002000B10020D8
:102DF400D0A70020DCB30020ACBC0020809C0020C5
:102E040049A800204DA800202DE9F041164E0746A0
:102E1400DFF85C800D46307801211446FFF77EFF11
:102E2400002198F80000FFF779FF104B1B685F66DC
:102E3400D86D10F4F81FFBD05A6F5D66D96D11F48C
:102E4400F81FFBD05A6F5C66DA6D12F4F81FFBD0E2
:102E540098F8000001215B6FFFF760FF30780021D4
:102E6400BDE8F041FFF75ABF49A80020809C00202C
:102E74004DA80020C0B236280BD8074B020103EB43
:102E840000109A58C36892681A4214BF01200020A7
:102E940070470020704700BF5C2A002070B5184DB1
:102EA4001221184B2A681B680244DFF864E003F11E
:102EB400FF3C154E002A154C1FDD122A02DD0122AB
:102EC4002A6070BD06EB020301F1FF31F8D0012A3C
:102ED400F6D013F8023C03EB43030EEBC30313F8E1
:102EE400043C002BECD014F80C30002BE8D111F08A
:102EF400FF01E5D00244002ADFDC12222A6070BD03
:102F0400249D0020A0B3002074270020D0B100200D
:102F1400C425002070B5134E441E0023202506F15D
:102F240010003146A4465A1C1CF801EF01F8015B5D
:102F3400D2B2BEF1000F08BF13468142F3D1C3F3EE
:102F44004703094A0F2B137006D8334414F8012F92
:102F540003F8012B8342F9D1044C96E80F0084E86E
:102F64000F0070BDF4C400201BC6002028BC002044
:102F74001E4B1B68013B0B2B37D8DFE803F00A0E0E
:102F840012161A1E22262A2E320619491948FFF74C
:102F94007FBD19491948FFF77BBD19491748FFF749
:102FA40077BD18491548FFF773BD17491348FFF754
:102FB4006FBD11491548FFF76BBD11491348FFF761
:102FC40067BD13491348FFF763BD11491248FFF762
:102FD4005FBD0F491148FFF75BBD11491148FFF769
:102FE40057BD11491148FFF753BD7047A0B30020E6
:102FF400F41E0020D01D0020D81C0020E81C002056
:10300400F81C0020081D0020181D0020281D002089
:103014003C1D00204C1D0020601D0020741D00205C
:10302400881D0020981D0020A81D0020BC1D002024
:103034001249134808B5FFF72BFD1249124A134BE6
:1030440048681268DFF858C0A3FB0232920C0CFBEC
:1030540002F24B681B1A9A42FBD80D4B1A682AB924
:103064000C490D48BDE80840FFF712BD0B49012289
:1030740008681A60BDE80840FFF77ABFE01D002029
:10308400F01D0020001000E0749C002083DE1B4330
:10309400D4BC0020001E0020449C0020A0B30020CB
:1030A40060E31600124B134A1B6810B5124C1078DB
:1030B40023600DF0C3FC114A031EDFF848C018BF9B
:1030C40001231078216898428CF8003004D00C4C0D
:1030D40000201370216010BD094813700068091A9C
:1030E4004B298CBF184643F0010080F0010010BD4D
:1030F400ECC4002044A8002080B1002022C6002097
:10310400D8BC002003C600204FF02033724A07EEDB
:10311400900A012910B5B8EE677B1374C2E9003335
:10312400C2E9023334D0022920D1B2EE044BB0EE0E
:10313400005BBAEE046B9FED623B27EE037B27EE48
:10314400047BA7EE056BB5EE406BF1EE10FA38D1B7
:10315400624B1B78002B39D09FED5B6B60495E4856
:1031640053EC162B10F0E6FB5B4810BD0529FBD889
:1031740001A353F821F000BFDF1100001911000072
:1031840019110000A11100008B110000B5110000FD
:10319400544A554B92ED006A1B68B8EE466B032BFC
:1031A40087EE065B7BD09FED4A7BB4EEC75BF1EE06
:1031B40010FA44D54D49484853EC152B10F0BAFB8E
:1031C400D2E7B5EEC06BF1EE10FAC7DB48494248CE
:1031D40053EC162B10F0AEFBC6E7002856D001289E
:1031E4003BD1444B93E807003B4B83E80700BBE724
:1031F400002845D0012829D13F4A374B07CA03C3C9
:103204001A80B1E7002839D0012846D002282FD0EF
:1032140003284BD1394BDFF8C0C00FCBACE8070013
:103224001A0C2CF8023B2C488CF8002010BD3449B1
:10323400294853EC172B10F07DFB274810BD31496A
:10324400254853EC152B10F075FB8DE72E4B93E8B6
:103254000300214B1860998086E72C4A1E4B07CA4D
:103264004FEA124C03C323F8022B83F800C07BE718
:10327400274B194C0FCB84E80F0075E7254BCAE7A1
:10328400254A154B07CA03C31A806DE7234B93E8FD
:103294000700114B83E8070066E7214BBBE7214990
:1032A4000D4853EC152B10F045FB5DE71E4BDFF882
:1032B40028C00FCBACE80700ACF8003054E700BFDF
:1032C400000000000000F03E8DEDB5A0F7C6B0BED2
:1032D4000000000000005940409D002021C600204D
:1032E400541E0020589C0020D4BC00202C1E00201A
:1032F400441E0020901E0020701E0020D81E0020B6
:10330400101E0020381E00207C1E00209C1E002061
:10331400C81E0020A81E0020641E0020841E002059
:10332400B81E00201C1E0020E81E0020234B1B6832
:10333400012B10B535D0122B2BD02149214A0B4437
:1033440013F8023C013B03EB430102EBC10052F8CA
:1033540031100C461C4990F808C00968BCF1010FF3
:10336400406801F1FF31C9B226D0BCF1020F20D16F
:1033740030F8110003EB430302EBC302517AFFF769
:10338400C3FE01462046FFF783FB104B00221A7050
:1033940010BD0F490F48FFF77BFB0C4B00221A703E
:1033A40010BD0B490C48FFF773FB084B00221A7041
:1033B40010BD50F82100DDE7405CDBE7249D0020D0
:1033C40074270020C4250020A0B3002021C60020BB
:1033D400F41E00200C1F0020F81E002008B5124B1C
:1033E4001B78022B0FD0032B07D0012B1AD10F49C6
:1033F4000F48BDE80840FFF74BBB0C490D48BDE83A
:103404000840FFF745BB0C4A05210C4B12681344D6
:1034140013F8010CFFF778FE01460948BDE808409F
:10342400FFF736BB08BD00BF4CA80020F41E0020E7
:10343400F81E00200C1F0020A0B30020C4B30020FD
:10344400201F00200A4B0B4A1B680B491278002BE3
:10345400895C02DB094B1B782BB10131012208483E
:10346400C9B2FEF729BF01220548FEF725BF00BFF8
:1034740084B1002006C60020D0B3002021C600205D
:10348400DCBC002010B504461348FEF737FF124891
:10349400FFF74AF8012200210F48FEF70DFF102222
:1034A4000E490D480CF090FE012200210A48FEF757
:1034B40003FF0B4B21461868FFF726FEFFF7CAFAF5
:1034C400FFF7C0FF0448FEF71DFF0348FFF72CF881
:1034D400044B01221A7010BDDCBC0020341F0020F4
:1034E400C8B3002005C60020314B93ED017A93ED5B
:1034F400026AB8EEC77A1B68B8EEC66AFF2BB7EE4D
:10350400C77AB7EEC66A9FED245B9FED254B27EE85
:10351400055B26EE046B2AD007EE903A002BB8EE3A
:10352400E77ADFED247A37EE277AB7EEC77A13DA33
:1035340037EE457BB7EEC70BB7EEC00A30EE460B4D
:10354400B7EEC00BB5EEC00A1B4BF1EE10FA4CBF40
:10355400012200221A70704737EE057BB7EEC70BC5
:10356400B7EEC00A30EE060BB7EEC00BEAE79FEDEC
:103574000E0B30EE450BB7EEC00BB7EEC00A30EEC3
:10358400460BB7EEC00BB5EE400AF1EE10FAD9D1F6
:103594000122094B1A7070479A9999999999B93FE0
:1035A4007B14AE47E17A843F000000000000000075
:1035B40084B100200000000021C600202DE9F04F56
:1035C4004FF0000887B01D468E4C8F4B06468F483F
:1035D40083F8008084F800808D4FCDE902212422F5
:1035E400414610F0E7FA8B4B8B4A41461E60032399
:1035F4008A481360012287F80880C7E90088FEF72B
:103604005BFE1022864985480CF0DEFD8549864A1A
:10361400DFF830C248681268844BACFB02C2920CDB
:1036240003FB02F24B681B1A9A42FBD801220021C9
:103634007A48FEF741FE774B29461868FFF764FD88
:10364400FFF708FA00237A4A012D137000F0C982AB
:10365400022D00F01181012D02D9EB1E022B07D897
:103664000023694A1370734A3B701370724A1370D3
:103674000023724E724A33600123DFF8ECA1137009
:1036840042F210736F4CCAF80030FFF7DBFE634858
:10369400FEF738FE6148FEF747FF6249624A486810
:1036A4001268694BA4FB0242920C03FB02F24B68C2
:1036B4001B1A9A42FBD85E4B1B78002B6BD1DFF8A8
:1036C400AC81DFF8ACB1DFF8AC91604F554C336896
:1036D400DAF8002001339342336000F031815C4B0F
:1036E40018780CF025FF5B4BC8F8000018780CF034
:1036F4001FFF594BCBF8000018780DF09FF9031EFB
:10370400564A18BF0123137010B90123484A137095
:10371400DBF80030D9F80020934280F2FE80012DBE
:1037240000F08081022D00F03B813A4A029913682F
:103734008B4201D201331360494B28463B60FFF7AB
:10374400A1FE484B1A68D8F80030934206DD3A4A85
:1037540011782D4A1278914200F21781D9F800208D
:103764009A4206DD334B1A78274B1B789A42C0F0F5
:1037740003812D4B61681A68324BA3FB02323B680C
:10378400920C03FB02F263685B1A9A42FBD8284B43
:103794001B78002B9BD02148FEF7B0FD1F48FEF795
:1037A400C3FE012200211D48FEF786FD10221C499C
:1037B4001A480CF009FD052D174A14BF02230423EF
:1037C40018491360184B48681A681E4BA3FB023251
:1037D400234B920C03FB02F24B681B1A9A42FBD850
:1037E400012200210D48FEF767FD0A4B29461C46BD
:1037F4001868FFF789FCFFF72DF9206807B0BDE8CA
:10380400F08F00BF21C6002006C6002084B100202E
:10381400D0B30020C8B30020D4BC0020DCBC0020FE
:10382400341F0020001000E0749C0020A0860100DA
:1038340002C6002007C6002008C6002044B10020AC
:1038440005C6002083DE1B43F8240100209D0020D0
:1038540045A8002046A8002044A8002003C6002054
:10386400400D0300309C0020549C002034B1002003
:1038740038B10020349C0020A44B07EE906AF3EE8C
:10388400045A9FEDA36AD3ED006AF8EEE77AA14AE1
:10389400F8EE666A87EEA65AFAEE047AE5EE257A21
:1038A40067EE867AF8FE677AFDEEE77A17EE900AFD
:1038B40082FB0061C3170028C3EBA10682FB06212B
:1038C4004FEAE67206EB8603C2EBA101A0EB4303C9
:1038D40001EB8102A6EB42020E46C0F2B0818E4893
:1038E40024780160C0E9012314B1002900F0B881F3
:1038F4004FF40073002E894A3B804FF00303B8BF96
:103904007642BB7000230A2E1370854A137000F0B0
:10391400CF81844B02221A70AAE6834A126893422A
:103924001FDD012D00F0C480022D00F00D817F4ABF
:10393400039913688B427FF6FFAE013B1360FBE6ED
:103944007B4B1B7883B9FFF77DFD7A48FEF7DAFCE1
:103954007848FEF7E9FD0123754A137000233360AC
:10396400BDE600233B60EEE67248FEF7C7FC7148F3
:10397400FEF7DAFD0023EFE7013B684A284613709F
:103984006D4B3B60FFF77EFDF3E60132634B284647
:103994001A70694B3B60FFF775FDD8F80030DDE61F
:1039A4005E4B5D491B78002B64D10A68092A02DD4D
:1039B400FF2A7FF4C1AE554B00935C4B1868534B00
:1039C4001B689842BFF4B8AEFF2A40F04F81002331
:1039D4000B600223534A13700022514B1A70FFF7F5
:1039E40083FDF2EE047AB4EEE70AF1EE10FA40F346
:1039F40040814A4B1A7851F82230013B41F8223079
:103A04004E494FF47A734E4ADFF838C14868126859
:103A1400ACFB02C2920C03FB02F24B681B1A9A42E3
:103A2400FBD889E63D4BB2EE040B1B78C3F10702C9
:103A3400009301EE102AB8EEC11B0EF07DFEDFF8F4
:103A4400D8C0009B5CF8231008293FF775AE30EE10
:103A5400000B364A1068FCEEC07B17EE902A024435
:103A6400029882423FF668AE3048013102604CF859
:103A7400231061E651F823209C46082A3FF75CAEE8
:103A8400224B2A48009300681B689842BFF454AE46
:103A9400531C14BF0132FF2241F82C200B68002B69
:103AA400B8BF5B420A2B94D100231C4A137091E7E0
:103AB4001A4B19491A7851F82230002B7FF73CAE83
:103AC400C2F107000492194AB2EE040B01EE100A87
:103AD40005931068B8EEC11B07EE900AB8EE677B39
:103AE4008DED007B0EF028FEB0EE006B059B049A72
:103AF400013B09499DED007B41F822300B4AA0EEC1
:103B0400467BBCEEC77B82ED007A15E65C9C002008
:103B14000000C8426766666684B1002006C60020BD
:103B240007C6002008C60020309C0020C8B300202F
:103B340005C60020DCBC0020400D0300001000E09E
:103B4400749C002083DE1B435E4B5F491B78002B73
:103B54006AD10A680932FFF6EFAD5C4A1268002A9E
:103B64003FF4EAAD51F82320FF2A7CD0002A00F06C
:103B7400A680013A41F823200B68002BB8BF5B42B2
:103B84000A2B00F098800223514A524913700022F4
:103B9400514B1A70FFF7A8FCF2EE047A4F4BF3EE88
:103BA400046A4A4ADFF848C170EE277A486887EE0B
:103BB400A67AD3ED007A4FF47A73F8EE677A67EE5B
:103BC400877AFCEEE77AC2ED007A454A1268ACFBCC
:103BD40002C2920C03FB02F24B681B1A9A42FBD8F6
:103BE400AAE5012E0FDD76103E493F4CA4FB0623C7
:103BF400092E4FEAD30303EB8300A6EB400641F8FA
:103C0400046D1E46F2DC394B2E4A3B6003F105334A
:103C14007B6009233B720323137000222E4B1A701E
:103C240007222B4B1A7023E551F82320002A7FF733
:103C340083AD264A1268002A3FF47EAD92E72248FB
:103C44000126C0E901232670E9B101600AB152429C
:103C54004260002B0668BFF64BAE5B42836047E6CA
:103C6400FF220260F5E74FF0FF3283E74FF0000CCC
:103C74000EE7B4EE670AF1EE10FA06D14FF6FF73C1
:103C8400124A1360BCE6FF21DFE730EE270A009BEF
:103C9400F3EE046AD3ED007A0C4B80EE267AF8EE4C
:103CA400677A67EE877AFCEEE77AC3ED007AA7E6D7
:103CB400074A1370DCE40023024A137064E7FF220E
:103CC40058E700BF06C6002084B10020C8B3002016
:103CD40008C60020001000E007C600205C9C0020FD
:103CE400749C0020A4B10020CDCCCCCC00010203F4
:103CF40083DE1B43134A034652F8201030B429B123
:103D0400114C002044F8231042F823000F4C0021EA
:103D140001220F4D34F813C00E4C0F48E1540F4CE0
:103D240045F82310E1540E4CC05CE1540D4CE154B1
:103D34000D4C24F813C00D4CE2540D4B30BC1A70DA
:103D4400FEF7ECBF70B3002060B300202096002083
:103D540048B1002048B300207C9C0020B4B300206C
:103D64004CB3002030B1002000B1002074B1002019
:103D740009C600200A4B53F820302BB1094B53F8E5
:103D84002030003B18BF0123074A0849125C0B543A
:103D9400012A03D0064B1B5C0BB102B90A547047CD
:103DA40010B1002020B1002070B10020CCB300205D
:103DB40058B100202DE9F04F4FF0000B83B0DFF82D
:103DC4003C810225374F5C46374BDFF83491374A44
:103DD400DFF830A1364E42F8045B142101925FFAF9
:103DE4008BF0344A03F8014B42F82B1044F620615F
:103DF4000093314B314A43F82B104FF44041304B80
:103E040042F82B4023F81B104FF480412D4A2E4BCF
:103E140042F82B4023F81B104FF400412B4A2C4B43
:103E240042F82B4023F81B100BF1010B46F8045BFE
:103E340049F8045B08F8014B07F8014B0AF8014BF9
:103E4400FFF798FFBBF1040FDDE90032C3D14FF057
:103E54000131204B204A21481480C3E90014204B2F
:103E64001C7007F01BFE1F4A1F4B204C156893E87B
:103E7400070084E807002DB100232246294617488D
:103E840007F02CFE124A4FF00135194B194C92E8F9
:103E940003000122256083E80300174B1A7003B066
:103EA400BDE8F08F70B10020D0B1002020B3002015
:103EB40008B30020C0B1002060B3002010B100207E
:103EC40018B3002020B1002030B3002050B30020EC
:103ED40020960020BCB30020C4B30020F0C300200F
:103EE40025C6002080B40020481F002048BC0020C4
:103EF40000B1002074B1002009C6002058B1002090
:103F0400B0B100205CB1002070B52E4C054682B0E3
:103F1400A06C8DF80750002839D00DF10706012256
:103F2400314606F08BFB2B0AD4E912018DF80730D9
:103F340000283CD03146012206F080FBD4E912016E
:103F44002B0C8DF80730C0B10122314606F076FB08
:103F5400D4E912032D0E8DF8075028B10122314601
:103F640006F06CFB02B070BD002BFBD00122314681
:103F7400184605F0E9F902B070BD0029F2D00846F0
:103F84000122314605F0E0F9D4E91203E2E7E06CDE
:103F94000028E7D00DF107060122314605F0D4F9D7
:103FA4002B0AD4E912018DF807300028C2D1002968
:103FB400D8D008460122314605F0C6F9D4E91201E9
:103FC400BEE700BFE0C300200B4B002210B5986C85
:103FD4000A4C226028B10422214605F0CFFE206855
:103FE40010BDD86C0028FBD00422044904F0E6FA82
:103FF400024B186810BD00BFE0C3002008C50020B4
:104004000B4B00220B49986C10B50A7028B10C4672
:10401400012205F0B3FE207810BDD86C0028FBD037
:104024000122044904F0CAFA024B187810BD00BFFB
:10403400E0C30020BCB700202DE9F04FC24887B090
:1040440007F02CFDC14B196829B140F20263C04A44
:10405400BD4807F043FDBF4B0025DFF830B30293A2
:10406400BD4BDFF82CA30193DFF82893BB4BDFF89B
:104074002883BB4C00935BF8040BFFF745FF5AF809
:10408400040BFFF741FF59F8040BFFF73DFFB54B55
:1040940053F82500FFF738FFB34B53F82500FFF71B
:1040A40033FFB24B53F82500FFF72EFFB04B53F804
:1040B4002500FFF729FFAF4B53F82500FFF724FF36
:1040C40018F8013BA06C8DF81730002800F0EA8046
:1040D4000DF117060122314606F0B0FAD4E91202B6
:1040E400A54B6F0033F815308DF81730002800F019
:1040F4006B8101223146039306F0A0FA039BD4E9B5
:1041040012021B0A8DF81730002800F05381012297
:10411400314606F093FAD4E91202984BDB5B8DF832
:104124001730002800F03A8101223146039306F04B
:1041340085FA039BD4E912021B0A8DF81730002874
:1041440000F0F6800122314606F078FAD4E9120331
:104154008B4AD75B8DF81770002800F0CE800122BF
:10416400314606F06BFA3F0AD4E912038DF8177052
:10417400002800F0D2800122314606F05FFAD4E92B
:104184001202009911F8013B00918DF817300028B4
:1041940000F0A8800122314606F050FAD4E9120258
:1041A400019911F8013B01918DF81730002800F0B6
:1041B4008E800122314606F041FAD4E912020299B6
:1041C40011F8013B02918DF81730002877D0314661
:1041D400012206F033FA0135042D7FF44CAF694D0A
:1041E400694F05F10808D4E9120317F8012B8DF87B
:1041F4001720002800F0F4800DF1170101220E466B
:1042040006F01CFA2B78D4E912028DF81730002836
:1042140000F0F7800122314606F010FA6B78D4E9F9
:1042240012028DF81730002800F0FA80012231467E
:1042340006F004FAAB78D4E912028DF8173000289E
:1042440000F0FC800122314606F0F8F9EA78D4E95E
:1042540012038DF81720002800F0FE803146012259
:1042640006F0ECF9D4E912030435A845BDD1FC22CB
:104274008DF81720002800F0108101220DF117019C
:1042840006F0DCF9304807F009FC304B19680029C6
:1042940000F00D8100232E4A2B4807B0BDE8F04FF3
:1042A40007F01CBCE06C002800F0DF800DF117065D
:1042B4000122314605F048F8D4E9120210E7002A39
:1042C40089D031461046012205F03EF883E7002AE2
:1042D40000F0D18010463146012205F035F8D4E9CA
:1042E40012026CE7002A00F0C38010463146012216
:1042F40005F02AF8D4E9120252E7002B00F0B58049
:104304001846012231463F0A05F01EF88DF8177051
:10431400D4E9120300287FF42EAF002B00F0A5800F
:1043240001221846314605F00FF8D4E9120228E7B5
:10433400002A00F09A8010463146012205F004F864
:10434400D4E9120304E700BFF0C3002080B40020C6
:1043540048BC00205CB1002070B1002058B100209E
:10436400E0C30020C0B1002010B1002020B1002023
:1043740060B3002050B3002018B3002030B30020F5
:1043840020960020BCB30020C4B3002008B3002052
:10439400B0B1002020B30020D0B10020002A64D0A6
:1043A400104631460122039304F0CEFF039BD4E967
:1043B4001202C1E6002A58D010463146012204F008
:1043C400C3FFD4E91202A8E6002A4ED010463146B3
:1043D4000122039304F0B8FF039BD4E9120290E690
:1043E400002B4FD00DF1170618460122314604F078
:1043F400ABFF2B78D4E912028DF8173000287FF434
:1044040009AF002A3ED010463146012204F09CFF39
:104414006B78D4E912028DF8173000287FF406AFC8
:1044240082B310463146012204F08EFFAB78D4E902
:1044340012028DF8173000287FF404AF12B310462F
:104444003146012204F080FFEA78D4E912038DF8A2
:10445400172000287FF402AF8BB1184631460122A1
:1044640004F072FFD4E91203FEE6009B01330093CB
:10447400019B01330193029B01330293ABE60435A4
:10448400A84502D004354545FCD10020FC22034652
:104494008DF8172000287FF4F0AE002B3FF4F2AE25
:1044A40001220DF11701184604F04EFFEAE607B0A9
:1044B400BDE8F08FF8B52F4C002307462374C4E9F8
:1044C4000033C4E9023319B1012838D0471EBFB202
:1044D400294D2A4807F0E2FAA86C00283DD0037859
:1044E40013F0D00F32D10026244D13E007F03AF92F
:1044F400284607F0D3FA22491E480FF09FFB721C8E
:10450400002310B196B2B7421ED02374C4E900331D
:10451400C4E9023300221B49284607F029FB002383
:104524001122144988B1A86B23700028DED1E86BEE
:10453400112210490028DBD005F080F8D8E7104B91
:1045440093E8070084E807000120F8BD002105F086
:1045540037FDE86C0028C6D007E0E86C0028C2D01C
:1045640090F8313013F0500FBDD00022002304F036
:1045740005F9B8E714BC002018BE0020D4BB002005
:10458400481F002028BE0020294B1A68053A022A39
:1045940070B582B029D8274B274C33F812502388A2
:1045A400AB4213D3254951F822100E462449895CA5
:1045B400581C0191401B80B2FFF77CFF23880199AE
:1045C40010B9013B9BB22380AB4222D21D4A002189
:1045D400C2E90011C2E9021111747BB11A491B48E6
:1045E40002B0BDE87040FEF753BA134C238863B998
:1045F400144AC2E90033C2E902331374144915485A
:1046040002B0BDE87040FEF743BA00210125124E06
:10461400CEE7C5F10105581980B2FFF74BFF08B981
:104624002388D3E70748FEF775FC0C493046D7E7E3
:10463400D4BC0020B01C002042A80020A41C0020F0
:10464400B81C002014BC0020FC2300207C1F002088
:10465400F41E0020681F0020541F002028BC0020E6
:10466400514B9A6C30B5ADF51D7D002A74D04F487E
:1046740007F014FA1A214E484E4C0DF049FE4E48EC
:104684000BF0CAFD4C4B1CAAD4F8881403A806F0FE
:1046940015FF002858D04FF0000104F28C4008F0B8
:1046A4005FFF464B1846C4F8883408F0F3FA38BB69
:1046B4000123D4F88814009020461A4607F094FA8F
:1046C400002865D0D4F88024002A49D0002002F2C2
:1046D400444101233A4A0E900EA805F041FFD4F854
:1046E400800400284CD0364907F0B0F9354D2968CC
:1046F40031B10023344A354807F0F0F9044658B97B
:104704001B2133480DF004FE2B480BF085FD0024DB
:1047140020460DF51D7D30BD2E49002364222E4810
:104724000BF0E0FE296821B100232A4A2B4807F048
:10473400D5F91E212A480DF0EBFD1F480BF06CFD46
:1047440020460DF51D7D30BD152126480DF0E0FDF8
:1047540019480BF061FDDAE7DB6C002B87D189E7A0
:10476400D4F884140029C1D00EA80123026301F5F2
:104774008961134A04F00AFDD4F880040028B2D1F8
:10478400D4F884040028B1D00D4905F00DFAADE742
:104794000346D4F8881401220090204607F024FA36
:1047A40000288FD1ACE700BFC4BB0020D4BB0020DD
:1047B400901F0020ACBE00202C9D002038C3002098
:1047C400E01F002080B40020EC1F002028BE002041
:1047D400C41F002048BC00203CBC0020F0C30020C3
:1047E400F81F0020AC1F00201B4B0120DFF878C00D
:1047F4001A491B4A30B51D1D4FF0000E13F8014B2A
:10480400042C02D9002003F801EC1478012C02D9FD
:10481400002082F800E00C780132012C02D900203B
:1048240081F800E09CF800400131012C02D90020FD
:104834008CF800E0AB420CF1010CDFD1094B1A7883
:10484400032A02D9002210461A705A78032A02D980
:10485400002210465A7030BD58B100205CB10020CF
:1048640070B10020C4B30020D0B100202DE9F04F76
:104874007F4D85B0A86C002800F0DE80C369B22BA0
:1048840003D8002005B0BDE8F08F002105F098FBA7
:10489400E96C002940F0DB80764B4FF00008DFF82C
:1048A40018B203934646744BDFF810A20293734B7D
:1048B400DFF80C920193724C724B0093FFF784FB68
:1048C400039B43F8040B0393FFF77EFB029B43F81F
:1048D400040B0293FFF778FB019B43F8040B01934D
:1048E400FFF772FB684B43F82800FFF76DFB674B3B
:1048F40043F82800FFF768FB654B43F82800FFF7EF
:1049040063FB644B43F82800FFF75EFB624B43F8FC
:104914002800FFF775FB0BF8010BA86C2660002834
:1049240067D00222214605F029FA2388D5E912022C
:104934005A494FEA4807266021F8183000286AD0FF
:104944000222214605F01AFA2388D5E912025449B5
:104954002660CB53002856D00222214605F00EFAD9
:104964002388504AD353FFF74BFB0AF8010BFFF798
:1049740047FB09F8010BFFF743FB009B03F8010B0E
:104984005FFA88F008F101080093FFF7F3F9B8F132
:10499400040F93D1444F454EDFF814813C4607F190
:1049A4000209FFF72DFB04F8010BA86C042240490F
:1049B40000283AD0414605F0E1F9D8F80030A14585
:1049C40046F8043BEDD1FFF71BFB0446FFF70CFF51
:1049D4003B78002818BF2046032B3FF453AF7B7865
:1049E400032B3FF44FAF334B00221A7005B0BDE8E0
:1049F400F08FE86C88B30222214603F0DFFD2388A0
:104A0400D5E9120294E78AB310462146022203F044
:104A1400D5FD2388A5E72AB310462146022203F0D8
:104A2400CDFD2388D5E9120291E7E86C0422002821
:104A3400C3D003F0C3FDC0E7E96C00293FF421AF04
:104A4400D1E90423B32A73F10003FFF41BAF00225E
:104A54000023084603F092FE1EE7104B4FEA480776
:104A640023F8180000230E4A2360D353002378E769
:104A7400E0C3002008B30020B0B1002020B3002020
:104A840008C500205CB10020C0B1002010B1002096
:104A940020B1002060B3002050B3002018B30020E0
:104AA40030B3002020960020C4B30020BCB3002003
:104AB400C0BB002025C60020D0B1002058B1002082
:104AC40070B10020934B2DE9F04F93B018780BF0A0
:104AD4002FFD914A0346914CDFF86C82904F107879
:104AE40023600BF025FD8F4EC8F80000FEF7DAFABC
:104AF400387000284FD18C4ADFF850923378002B5D
:104B040040F09C80894E23683168012968D0C72B06
:104B140028DC874D0123296833609942137000F023
:104B2400EB80022900F0D480824B03298248D3F819
:104B340000C0057840F08E80DFF804820CF1FF3C61
:104B4400D8F80070C3F800C00DB90321017017B97B
:104B54000C21C8F80010BCF1000F01D10421196028
:104B6400316823680229D9F8001026D18B4229DA4A
:104B740072490968994225DA00233360137823B314
:104B84006B4D2B68013B062B5FD8DFE803F07B8D70
:104B940082945A5A5A003278D2B90122644D327042
:104BA4002A68072A14D8DFE812F01D027A018C0162
:104BB400CD01D901A602D3007902994214DB3068F1
:104BC4000028D3D11378002BDAD113B0BDE8F08FCD
:104BD400564E554A3168DFF874910129236896D1FD
:104BE400D9F800109942C1DA0223514D01203360F3
:104BF4002B681070834273D0022B63D0032B34D103
:104C04004C4B4D481968DFF8388101310778196039
:104C1400042F01D101270770D8F800000D2802D114
:104C24000120C8F80000052901D101211960336869
:104C3400002BA6D02368D9F8001097E7002333701F
:104C440060E70192FFF7A0FC019A0023137013B0F0
:104C5400BDE8F08F042940F00384013DDFF8E080D3
:104C6400EDB2D8F8007005706EE7042B40F00C84A8
:104C74003148304B0778DFF8C88001371968FFB234
:104C84000770C5E72E4B01921868FEF771F9019A77
:104C9400DBE7284B1B68013B032BD6D8DFE813F076
:104CA4006A02630253024C02264B01921868FEF713
:104CB4003DFB019AC9E7204B01921878FEF78EFB61
:104CC400019AC2E70192FEF7E9F82B68019A95E789
:104CD4004FF0FF300192FEF7E1F82968019A23E7CB
:104CE400DFF85C80D8F800300344C8F8003012487C
:104CF400104B077819688BE7DFF844800E48D8F822
:104D040000700C4B013F0578D3F800C0C8F8007060
:104D14001AE700BF45A8002046A8002034B10020AF
:104D240003C600204AA800200DC60020D4B10020EC
:104D3400D4BC0020289D00204CA80020349C0020D6
:104D4400A0B30020249D002038B10020309C002016
:104D5400AF4A1288002A00F07684012A40F0CE84FB
:104D640003464FF02031AB484FF00009C0F809105A
:104D7400C0F80510C160A84980F8109081F800902F
:104D8400A649016073210171A548CDE90123FDF70E
:104D9400B5FAA348FDF7C8FB019A4946A048FDF7B8
:104DA4008BFAA048FDF756FE9F4BA048DFF8CCE2F3
:104DB4009A46D0F804C019689D4AAEFB01E1029BF3
:104DC400890C02FB01F14268A2EB0C029142FAD871
:104DD400904998480193FDF75BFE0022964B42F2FE
:104DE4001071DFF8B0921A70944BDDF804B01A70A9
:104DF400934BCDE902561960134633E0914B187872
:104E04000BF096FB904B206018780BF091FB8F4BC6
:104E1400C8F8000018780BF011FE061E14BF012319
:104E240000233B7000F04083D8F80030D9F800200C
:104E3400934200F34B83864909688B42C0F2A183F5
:104E44002368994240F36C83734B1B78002B40F02A
:104E54002B85794B1B78002B40F086847D4B784A58
:104E64001B68116801337B4A8B421360C6D1734BB4
:104E74001B78002B40F0DF83674B012268481978C8
:104E8400FDF71AFA6648FDF73DFA6548FDF74CFB55
:104E94005B466A4A137000236E4A1360AEE7DFF87C
:104EA400F881D8F80030053B072B00F26A81DFE86F
:104EB40013F01F0227021002BA02B4029102300258
:104EC400A502DFF8D481644BD8F80000D3F8009031
:104ED40000F1FF38B9F1010F5FFA88F800F0D984C6
:104EE400B9F1120F00F078845C4B5D494B4413F820
:104EF400023C03EB430301EBC30111F8100C51F81E
:104F0400082C012811F80F3C51F8145C51F80C1CC2
:104F140000F0FF84022800F0F48455F82800FEF71E
:104F24004DFB45F828004F4B9D4200F03785404625
:104F3400DFF86091FEF71EFF3B784B4A002B7FF4AD
:104F4400E1ADDBE5494B1B68013B032B3FF640AE6B
:104F5400DFE813F06401280193011701444B1B7827
:104F6400022B00F05E84032B00F03E84012B7FF4BF
:104F74002FAE40494048FDF78BFD2B4B2B49486829
:104F84001A683E4BA3FB0232294B920C03FB02F23C
:104F94004B681B1A9A42FBD83B7823B1FEF782F880
:104FA40038700028FAD1DFF8F08033483449FDF72F
:104FB4006FFDD8F80030334A013B02EB8302324BD9
:104FC400181D12F8011B0133012908BF03F8011C45
:104FD4008342F6D13B78244ADFF8B890002B7FF463
:104FE40091AD8BE54FF00109DFF8AC8027492848E3
:104FF400C5F80090C8F80090FDF74AFD1A4A3B78BE
:1050040082F80090DFF88C90002B7FF47BAD75E57F
:1050140042A8002014BC002006C60020412E707057
:10502400DCBC0020341F0020749C0020001000E031
:10503400A0860100DC20002002C6002005C6002056
:10504400549C002045A8002046A8002044A8002025
:10505400349C002044B10020249D002074270020AB
:10506400C4250020209600200DC60020289D002085
:105074004CA80020542000209420002083DE1B43F1
:10508400F41E0020BCB30020ACB30020D81C0020C8
:10509400E81C0020309C0020A0B30020DFF82493FB
:1050A400B9F80030002B00F0DE82A649A6480EF0C5
:1050B400C5FD002840F0D983A449A548FDF7E8FCC4
:1050C400A449A54AA54B48681268A3FB0232A44B25
:1050D400920C03FB02F24B681B1A9A42FBD84FF066
:1050E4000109DFF8988209239E499F48C5F800907A
:1050F400C8F8003080E7DFF8CC92B9F80030002B14
:1051040040F069820123DFF8748298492B600823F8
:105114009748C8F80030FDF7BBFC4FF00103A9F82D
:105124000030944A4FF001013B78DFF8A4921170EB
:10513400002B7FF4E7ACE1E484498F480192FDF74A
:10514400A7FC019A81E58D498D4B096801920B44B6
:1051540013F8013C002B40F038838A498A48FDF754
:1051640097FC019A71E5794988480192FDF790FC12
:10517400019A6AE5754986480192FDF789FC019A0E
:1051840063E5022301222B60824B1A606F49824837
:10519400FDF77EFC3B78774ADFF83492002B7FF4EE
:1051A400B1ACABE47D497948FDF772FC6A4B6949BF
:1051B40048681A68694BA3FB0232794B920C03FBD3
:1051C40002F24B681B1A9A42FBD8DFF8B0815F49A0
:1051D4006E48FDF75DFCD8F8002072494FF0010CD1
:1051E400013A714D3B7855F8225051F822106F4F17
:1051F40029446F4D07F802C055F822506D482944E0
:105204006D4DDFF8CC9155F8227045F8221040F826
:105214002270584A002B7FF475AC6FE45F495C48F8
:10522400FDF736FC4C4B4B4948681A684B4BA3FBC3
:1052340002325B4B920C03FB02F24B681B1A9A423C
:10524400FBD83B7823B1FDF72DFF38700028FAD145
:10525400DFF828813D494E48FDF71AFCD8F80010C4
:10526400524A3B780A440121DFF8649102F8011C98
:10527400404A002B7FF446AC40E4DFF80081404D07
:10528400D8F800302B4413F8013C002B40F0FA838B
:105294004A493D48FDF7FCFB2E492F4A2F4B4868ED
:1052A4001268A3FB0232464B920C03FB02F24B68DA
:1052B4001B1A9A42FBD8D8F8002001213B782A44D3
:1052C400DFF80C9102F8011C2A4A002B7FF41AAC77
:1052D40014E406232B603B4B0122DFF8F4901A8080
:1052E400FFF752F93B78234A002B7FF40BAC05E41B
:1052F400042201232A60344AC8F80030137045E7B9
:10530400042301222B60304B1A700223C8F80030AA
:105314003CE70E49124C0846FDF7BAFB0D490E4A0C
:105324000E4B48681268A3FB0232920C04FB02F293
:105334004B681B1A9A42FBD84FF0E023234AC3F868
:105344000C2DFEE7481F002014BC0020F41E002092
:1053540024210020001000E0749C002083DE1B4305
:1053640040420F0010210020741D0020541F002013
:10537400601D00200DC600200C1F0020A0B30020DB
:105384003CB10020641E002080200020602000200A
:1053940040200020249D0020F81E002054200020DE
:1053A400A086010008B30020B0B10020ACB30020F7
:1053B40020B3002070B3002060B3002074200020CC
:1053C400400D030042A800204CA800200400FA0568
:1053D400309C0020A94D2B78002B40F06E83A84907
:1053E400A848FDF755FB01223B782A70DFF80493A7
:1053F400A54A002B7FF486ABFFF780BB0023A349AB
:10540400A3482B60FDF744FB3B789F4ADFF8E49206
:10541400002B7FF477ABFFF771BB07239D482B600C
:1054240006F03CFB57E705239A482B6006F036FB51
:10543400994B01221A80FFF7A7F8984B19680029A5
:105444003FF4C8AD0023964A924806F047FB3B78E8
:105454008D4ADFF8A092002B7FF454ABFFF74EBBCC
:105464000539DFF894820229D8F800703FF66CAB56
:10547400DFF824E2BEF8001000293FF465AB0139DF
:10548400AEF80010FFF760BB053B022B00F224834B
:10549400814F84483988844B0131DFF85C8239803C
:1054A40007781968FFF7B4BB804B012580481D704D
:1054B400FCF724FF7E48FDF737F82A4631467C483E
:1054C400FCF7FAFE7B48FDF7C5FAADE47A4B1A788F
:1054D4007A4B9B5C412B00F08581302B00F05C8281
:1054E4005F2B00F06A82013B744971488B54FCF7CE
:1054F40005FF6F48FDF718F870497148FDF7C8FAC1
:105504007049714D4868DAF80020704BA5FB02C25F
:10551400920C03FB02F24B681B1A9A42FBD898E4E4
:105524009A42BFF696AC644B19780A293FF691ACBF
:105534004B1C624DC1F10F025F4E2944E8180193E0
:105544000EF0A6FA9DF80430412229465C48EA543C
:105554003370FDF79DFA012231785548FCF7ACFE13
:105564005849DFF864C14868DAF80020584BACFBAE
:1055740002C2920C03FB02F24B681B1A9A42FBD83C
:1055840067E44D4B1A784D4B9B5C392B00F0B78187
:105594005A2B00F010825F2B00F08B8201334749B5
:1055A40043488B54FCF7AAFE4148FCF7BDFF43492E
:1055B4004348FDF76DFA4349434D4868DAF8002043
:1055C400424BA5FB02C2920C03FB02F24B681B1A6E
:1055D4009A42FBD83DE42F4806F060FA2F4B196835
:1055E40021B10023354A2B4806F078FAFFF73EF93B
:1055F400384BFC28187000F09E8137493748FDF776
:1056040047FA374B2F4948681A682F4BA3FB0232DD
:10561400344B920C03FB02F24B681B1A9A42FBD8E0
:10562400FEF7C8FB3B78184ADFF8C890002B7FF4DC
:1056340069AAFFF763BA1E48FCF760FE1C48FCF732
:1056440073FF002325E40123DFF8AC801C492B60A1
:1056540007232548C8F80030FDF71AFA0E4B4FF01F
:1056640001021A805DE50123DFF88C801F492B605D
:1056740009231F48C8F800304DE500BF35C6002097
:1056840018200020282000200DC60020001E002025
:10569400449C0020F0C3002042A8002080B40020D5
:1056A40048BC00204CA80020289D002002C60020F1
:1056B400DCBC0020341F002006C6002014BC0020DF
:1056C400DC200020001000E083DE1B43400D0300BB
:1056D400E093040034C60020A4200020B42000205D
:1056E400749C002040420F004C1D0020102100201B
:1056F400741D0020309C0020A0B30020DFF86CA3B0
:10570400DFF87893B849B9480EF0DCFBFEF794FC57
:10571400B749B848FDF7BCF9B749B84B4868DAF857
:105724000020DFF84CC3A3FB0232920C0CFB02F204
:105734004B681B1A9A42FBD80123DFF84483B04913
:105744002B600723AF48C8F80030FDF7A1F94FF0EC
:105754000101AD4AAD48117002213B780180002B54
:105764007FF4D0A9FFF7CAB90025DFF87C82A849E5
:10577400A848039EDDF808B00AF042FEA54904A833
:105784000AF0D2FD18F8011B04A801350AF09AFEAC
:105794000146A0480AF02CFE04A80AF0E9FD9E4B3D
:1057A4001B780433AB42E9DA9A4B5D46186800284B
:1057B40000F0818199490EF041FA002840F0B1804F
:1057C4008B499748FDF764F9A6E796499648FDF793
:1057D4005FF9019AFFF739BA01232B60FDF7C8FB83
:1057E400FFF7A5BB39237FE64FF001088F4B9049A3
:1057F4009048C3F80080C5F80080FDF749F9824A53
:105804003B7882F80080DFF87882DFF87092D8F86D
:1058140000100431C8F80010002B7FF473A9FFF7BF
:105824006DB9DFF85C820523834D0322D8F800109C
:10583400294411F8010C0021FDF7C0FED8F800201E
:105844003B782A4402F8010C2A78032A05D06A78A6
:10585400032A02D0794A002111706B4ADFF81C92A6
:10586400002B7FF44FA9FFF749B9754BD3F8801487
:10587400002900F0A48000235B4A04A804930123B8
:1058840004F0B0FD00283FF417AC04A805F06CFB4D
:1058940012E4032356496B482B60FDF7F9F86A4B71
:1058A400C3F80090FFF743BB0F2B09DC591C4E4A89
:1058B4000193D0181144C3F110020EF0E9F8019BD2
:1058C400554A013B484915464D481370FDF7E0F829
:1058D400012229785D48FCF7EFFC4749DFF81CC139
:1058E4004868DAF800205A4BACFB02C2920C03FB66
:1058F40002F24B681B1A9A42FBD8FFF7AABA41235B
:105904004DE635F81800FDF759FE25F81800FFF7A5
:105914000ABB15F80800FDF751FE05F80800FFF76B
:1059240002BB4C4806F0BAF8002364222F493948D8
:105934000AF0D8FDEAE6484A4FF001304749484B9F
:10594400086092E80300012283E80300454B2649DE
:1059540026481A700EF0B6FA25494348FDF798F820
:105964002549424A254B48681268A3FB0232404B42
:10597400920C03FB02F24B681B1A9A42FBD84FF0BD
:105984000109DFF8FC8008233A493B48C5F8009038
:10599400C8F80030FFF730BB5F23A5E5304A012388
:1059A40035F8181022F818102C4A02F808302D4A3D
:1059B4001370FFF7BCBA5F23F1E55A2394E5D3F8DB
:1059C4008434002B3FF478AB109104A81946064A9E
:1059D400012303F0C3F900283FF46EAB04A803F0DD
:1059E40025FAFFF769BB00BF14BC002048BC0020A7
:1059F400F41E002000210020001000E083DE1B4381
:105A0400DC2000204C1D00200DC6002042A80020F0
:105A1400FC2300203CBC002006C60020481F0020B8
:105A2400F02000207420002080200020249D0020ED
:105A3400D81C0020E81C0020C4B3002025C6002088
:105A4400ACBE002040200020289D0020DCBC0020AB
:105A5400E0930400F0C300202096002074B10020DD
:105A640000B1002009C60020C8200020749C00203A
:105A740040420F00541F0020601D0020309C002075
:105A8400A0B3002016491748FDF702F8D8F80030F3
:105A9400DFF864901D44013BD8B2002305F8013CB3
:105AA400FEF728F93B78104A002B7FF42BA8FFF768
:105AB40025B8302373E50D487CE60D490D48FCF705
:105AC400E7FF00223B782A70DFF82C90064A002B6F
:105AD4007FF418A8FFF712B8DFF82080FFF707B9A2
:105AE400641E0020802000200DC60020189600208F
:105AF400881D002034200020309C0020A0B300200A
:105B0400164B0120002203F1040C1979042901D950
:105B140000201A71197A012901D900201A72197BFF
:105B2400012901D900201A731978012901D900200B
:105B34001A7001336345E8D1094B93F8B420032A62
:105B440003D90022104683F8B42093F8B520032A21
:105B540003D90022104683F8B5207047F0BD002019
:105B640058BD0020F0B5134C83B0134F134E256875
:105B740023685B1B632B16D8386803681B69B34220
:105B840013D10CF05BFB0028F2D0002301220DF1AD
:105B9400070109488DF80730FCF794FD2568236850
:105BA4005B1B632BE8D903B0F0BD98470028DFD016
:105BB400EBE700BFECC40020FCB100209905000015
:105BC4002DE9F047344982B034484FF00009FCF71E
:105BD4005FFF334C0121334D22680B46DFF8F0A000
:105BE400DFF8F080304F314E2970CAF8002003B33B
:105BF40038780AF023FF2168DAF80020031E3160A8
:105C0400A1EB020218BF0123642A2B70EFDD01937C
:105C1400B9F1000F32D1494698F80000FDF77EF83B
:105C240098F80100FDF77AF84FF001092268019B0A
:105C3400DBE7194698F80000FDF770F898F80100C2
:105C4400FDF76CF81A491B48FCF722FF1A4CFEF7C3
:105C5400B1F81A491A4A1B4B48681268A3FB02326E
:105C6400920C04FB02F24B681B1A9A42FBD81649A9
:105C7400164802B0BDE8F047FCF70ABF012198F8C6
:105C84000000FDF74BF898F80100FDF747F84FF0D6
:105C940000092268019BA8E7382100204C2100203C
:105CA400ECC4002003C6002044A80020A4B30020B4
:105CB4005C2100206C21002080841E00001000E084
:105CC400749C002083DE1B43001E0020449C0020A3
:105CD400A8B30020789C002050F821C02D4B2E4AF8
:105CE40043F821C000EB8103D3F810C042F821C06F
:105CF4002A4AD3F820C042F821C0294AD3F830C038
:105D040042F821C0274AD3F840C042F821C0264AAD
:105D1400D3F850C042F821C0244AD3F860C042F8F6
:105D240021C000EB4102D3F870C0214B43F821C0DD
:105D3400204BB2F880C023F811C01F4BB2F888C0C2
:105D440023F811C04318B2F890C0AC301B4A22F8B3
:105D540011C01B4A93F898C002F801C0194A93F87D
:105D64009CC002F801C0184A93F8A0C002F801C010
:105D7400164A93F8A4C002F801C0154A93F8A8C0C3
:105D8400144B02F801C0425C08445A540B44027993
:105D94001A71704708B30020B0B1002020B300206E
:105DA400C0B1002010B1002020B1002060B3002059
:105DB40050B3002018B3002030B3002020960020F8
:105DC400D0B1002058B1002070B100205CB1002097
:105DD4003CB10020BCB300202DE9F84F1A4B00243D
:105DE400DFF874A01B68194DCAF80030E1B2013421
:105DF4002846FFF771FF042CF8D1B5F8B42000242D
:105E0400134B0125DFF854B0DFF85490DFF85480C9
:105E14000D4E104F1A80E0B2FDF7ACFF3BF8022B99
:105E240016F8013B08F8015B29F8022B3D7013B901
:105E34001AF8043023B90134042CECD1BDE8F88FEE
:105E4400FDF758FFF7E700BF3CB1002058BD002024
:105E5400C4B3002009C6002040B1002020960020D1
:105E640000B1002074B1002030B5002383B0154C7C
:105E7400154D22781A41D20704D5EA5C13490AB9B0
:105E8400CA5C22B10133042BF3D103B030BDD9B2C3
:105E94000F480193FFF720FF0846FDF76BFF019BB6
:105EA400DFF83CC001220B483CF813C0217820F8ED
:105EB40013C00948C254094802709A4021EA0202F8
:105EC4002270DFE724C60020B4B3002048B30020CA
:105ED40030C4002000B1002074B1002009C60020A5
:105EE400209600202DE9F04FDFF8DCA28FB09AF85D
:105EF4000050ADB9DFF8D48298F80030012B984BEC
:105F04000C9301D01B7833B1FCF71AFF00230C9AD1
:105F14009AF800501370934A0023079213601CE010
:105F24008F4B01220C931B788AF80020002B40F041
:105F340013848C498C4A0B681078013307910B60E9
:105F4400FCF798FF894B00F001021A70002800F05A
:105F54000A849AF80050DFF87482854B0127854C37
:105F64000026181D224613F8011B11B1177003F8FF
:105F7400016C834202F10102F5D17F4B002288F8C3
:105F84000050DFF84CB21E46DFF848827B4FDFF842
:105F940048921A8001941BF8010B0121FCF76AFF57
:105FA400054617F8010B05EA010408F8014B002D1A
:105FB40040F0C482FCF7B2FE714B99F800001A78E5
:105FC400904200F04B83954200F0C0826D4B013645
:105FD40009F8014B9B45DED16B4A019C137843B110
:105FE4006A4D2B786978032B00F05D84032900F057
:105FF4007584674D2B78002B40F04A83DFF8DCB1C1
:10600400644E5D46CDF80CB0B0460896624F2E46FD
:106014004FF0000B2546DFF8C891604B604C13F835
:10602400012B002A40F0E2802278002A40F0DE8032
:1060340099F8002022B1504A1278012A00F0E18236
:106044002A7882B19AF80020002A00F0C082079AC8
:1060540012683A604FF00102227032704FF0000271
:1060640088F800202A7099F8042022B1424A527814
:10607400012A00F0B2820BF1010B0134013604371E
:10608400BBF1040F08F1010809F1010905F101054B
:10609400C5D19AF80030DDF80CB0022B02D00023F1
:1060A4008AF800303F4B00243F4A04933F4B404E54
:1060B4000293404BDFF82C8101933F4B3F4F0393F6
:1060C400DFF824913E4B089D05930692049B13F838
:1060D400011B4A1E0493324BD2B21B5D0992ABB131
:1060E4009AF80030022B03D04FF001038AF80030F5
:1060F400294B344A53F8243052F824201344079A85
:106104001068A2008342089200F03282234B1B5D88
:10611400002B40F0A980029B01340BF1010B0436E3
:106124000233042C08F1040807F10107029309F172
:106134000109019B05F1010503F101030193039B8F
:1061440003F104030393059B03F104030593069BE6
:1061540003F101030693B9D10FB0BDE8F08F00BF7E
:1061640009C60020B8B3002044A8002003C60020BC
:10617400ACB30020B0B30020D8B10020789C00203C
:106184000AC600203E9D002025C60020C4B300207E
:1061940024C600204CB3002038B30020B4B3002040
:1061A40048B3002058B100207C9C002000B100209E
:1061B400ECB1002074B1002090B3002070B1002035
:1061C40048B1002050B300200EC600200BC60020AA
:1061D4003C9D0020A8B10020ACB1002030B10020CB
:1061E400BCB30020DCB10020CCB3002099F800201F
:1061F400002A00F0B381884A02921278012A27D03B
:10620400022A00F04882DFF83CE2002299F80400F8
:1062140088B1029991F801C001218C4501911BD0EC
:10622400BCF1020F07D19EF800C0BCF1020F00F0D0
:106234003C82019949B1002A3FF41DAF5FFA8BF00B
:106244000193FDF757FD019B15E70EF1010EDDE704
:106254000022DFF8F4E101929EF800C0BCF1010FC6
:1062640008BF42F00102E4E7A200079B9BF800E0AC
:1062740008921868694A0A929AF80020022A03D000
:106284004FF001038AF80030BEF1000F0CD02B78D8
:10629400032B09D8DFE813F0DA0063002C000400B4
:1062A4003368834200F0CE8299F800300B930B9B45
:1062B40023B1D8F80020824200F0A9810A9B089AF1
:1062C4009B5883427FF427AF554B1B5D002B3FF453
:1062D40022AF049B13F8013C002B40F0FD81514B8D
:1062E4001B5D002B7FF417AFE0B2FDF703FD12E74F
:1062F400326899F8003082420B93D8D1089B4A4AFD
:10630400D2580244326003222A70002900F01D830F
:10631400059B42F211724549D3F800E0099B02FB48
:1063240003E231F912C031F81220BCF1000FC0F2BF
:10633400B483511EB1F5803F80F0AC83C2F5803246
:10634400029B1A800122019B1A700C9B1A703A78E6
:10635400002AACD10EF10102059B1A60A7E733684D
:106364008342A1D1324B1B5D002B40F0F9820029FE
:1063740000F09A83059A3B781268002B40F08F83D3
:10638400099942F2117303FB01232A4951F823109E
:10639400039B1B680B4409993360274B53F8213046
:1063A4009A4240F06A82254B13F804C0BCF1010FF5
:1063B40040F0BB80039B012A1860019B83F800C056
:1063C4000C9B83F800C044F6226301FB03F31749D6
:1063D400CB5A02990B801A4B089953F801E000F04C
:1063E4009183099949F64443124A01FB03F3D118F6
:1063F400D3584A68D31A734500F2848302444FF099
:10640400000C01233260059A85F800C0136099F8E6
:1064140000300B934BE700BFC4B3002080B30020CF
:10642400B4B300203CB1002020B3002000002020A1
:10643400D0B100208838212060B100205CB1002058
:1064440008B30020D9B10020D8B10020D6F800C08C
:10645400002900F0B7813B78012B00F0B38160453F
:106464007FF422AF9F4A059B12F804E09E490998E5
:10647400BEF1010F1B6851F820101A460B9100F071
:106484001A830B998A4280F0EF829848089950F851
:1064940001E0581C0B990D90884200F0E2820998A3
:1064A40042F2117100FB01F10D98084419440D9159
:1064B4008F4951F820000B900D9851F820100B983B
:1064C400411A714500F2CD8203990B980968014481
:1064D40031600B9242F21171099A864801FB023134
:1064E4000D9330F81110029B19800121019B197042
:1064F4000C9B1970069B1878FCF710FC7E490B9ACC
:10650400095D19B90D9B5A1C059B1A60764B0999B4
:1065140053F82130934280F0C081724B00220599D8
:106524001B5D0A60002B40F0B881E0B2FDF7E2FB8E
:1065340099F800300B93079B1868B8E60021FCF724
:10654400EDFB6E4B1A7895427FF440AD99F800202C
:10655400002A7FF43BAD0222327037E599F804102B
:1065640000293FF488AD6649DFF8B4E1029150E6B2
:10657400039B00224FF0010C1860624B2A7053F801
:10658400243003EB000E604B1A55604B03F804C033
:106594005F4B0A9343F824E03B78634560D05D4B3E
:1065A4009BF800E053F824300344C8F80030002975
:1065B40062D0059BDFF838C11A6049F64442099B52
:1065C40003FB02F25CF802200244326054E60799AD
:1065D4000A6002218AF800103BE5494A5278032AEE
:1065E4003FF449AD9AF80020002A00F0CE80079AC3
:1065F40012683A60012222703270002288F800206A
:1066040039E53F4A1278032A7FF41CAD18E5049B50
:106614009BF8002013F8013C002A40F0858008997B
:106624003C4A52580244C8F80020304A52580244A6
:10663400326001222A701BB13B78934200F0F98149
:10664400354B029A33F8143013800123019A1370E6
:106654000C9A137001238BF800302FE63170B5E4E7
:10666400002940F098802D4B8E468BF80010D3F80B
:10667400443C0344C8F80030274A029B32F81420F3
:1066840030601A800122019B1A700C9B1A70F3E58A
:10669400FFF7EAFBB2E4DFF88CE000229EF800C0CA
:1066A4000192BCF1020F7FF4C4AD0199029881F00C
:1066B400010110F801C0BCF1020F00F0B080019A92
:1066C400002A7FF4BBAD99F80420002A3FF4B6AD4C
:1066D4000EF1010E01229CE5024B1B5D012B7FF4A0
:1066E4001AADFCE55CB1002060B1002008B30020C5
:1066F4008838212000002020D0B100200AC60020C4
:10670400C4B3002060B3002048B30020B4B3002019
:1067140080B3002010B1002018B3002088C82120C5
:10672400D9B10020D8B10020002B40F0F080089AA5
:10673400A24B9B5803443360C8F80030A04B029A24
:1067440033F8143013800123019A13700C9A1370D8
:1067540000238BF80030B1E5FCF7F2FA00230C9A21
:106764001370FFF7E6BB0446E0B20134FDF7C2FA4A
:10677400042CF9D1FCF7E4FA924B01229AF8005068
:10678400DFF87C821A70FFF7E8BB07990A600221E0
:106794008AF800102DE705998BF800200A6049F665
:1067A4004442099901FB02F287498A580244C8F815
:1067B400002032609AF80020022A3FF475AD8AF86E
:1067C400003071E599F8003060450B937FF46FADAC
:1067D400089B7E4AD1580B9B0144316023B1D8F801
:1067E40000209142BFF467AD069B012118782970FF
:1067F400FCF794FA049B13F8012C1AB13A788A42F4
:1068040000F06C81724A029B32F814201A80012233
:10681400019B1A700C9B1A70079B186847E56D481A
:1068240000EB810C1CF80BC0BCF1000F3FF447AF28
:106834006948415C694890F800C0614508BF42F06E
:106844000102F6E4002900F0A3803B78002B40F01D
:106854000E81059B09981A6842F211735A4903FB89
:10686400002351F82310039B1B680B4433605C4BDB
:1068740053F820309A4200F0008100212970069BD1
:106884001878FCF74BFA4E4B029A33F81430138005
:106894000123019A13700C9A137099F800300B932A
:1068A400079B186803E54F4B1B78012B7FF49EABC5
:1068B400032900F0A78000264B494C481670B622E5
:1068C4000AF036FBB0F8B4302B800F23484D2B7000
:1068D400FFF7CAFA434B1E70FFF78CBB414B5B7842
:1068E400012B7FF486AB002140481170B6223E494B
:1068F4000AF01EFBB0F8B4302B800F233C4D2B70F4
:10690400FFF7B2FA0023374A5370FFF773BB3B78A3
:10691400012B7FF413AF059A0999136801331360AF
:106924002F4A52F82120934200F0D080099942F274
:10693400117202FB0133244A52F82320039B1B6883
:1069440013443360C8F80030F8E62A4A029B32F850
:1069540014201A800122019B1A700C9B1A70A6E461
:10696400254B089A9A5899F800300B93002A3FF463
:10697400C5AC0244029B3260114A32F814201A80DA
:106984000122019B1A700C9B1A7002222A708EE459
:106994001A4B089A9B5818443060002B7FF46DAF53
:1069A4000A4B089A9A5833681344029A3360084B86
:1069B40033F81430138001232B706AE720B10020D0
:1069C4002096002018C600208838212008B3002013
:1069D40018B30020BCB30020A8B100200AC60020D0
:1069E40060B10020D8B1002058BD002030C4002080
:1069F40024C6002030B30020B0B10020C0B1002074
:106A04000BC60020414B5B78012B7FF454AF00266A
:106A14003F4940481670B6220AF08AFAB0F8B430FA
:106A24002B800F233C4D2B70FFF71EFA374B1E7043
:106A340068E73A4A099952F82110059A12688A427D
:106A4400BFF408AE01990B700C990B7042F21173EC
:106A5400099903FB0122324B33F81230029A138056
:106A6400F8E50EEB0C0131600121297031E52D4B65
:106A7400089A9B5803443360FFE6E0B2FDF73AF905
:106A8400049B13F8013C002B7FF4F7AE254B089AC6
:106A94009B5882E74FF6FF7252E4524250E4214B76
:106AA40008995B58034476E41E4B089A29709B5856
:106AB40003443360E3E68B427FF4E3AC039B0022A0
:106AC400C3F800C0059B1A601346DAE4E0B2FDF790
:106AD40011F9059B079A1B68106827E7019B42F28E
:106AE40011711A700C9B1A70059B1A68099B01FBA3
:106AF40003220B49029B31F812201A80079B186865
:106B0400FFF7D5BB00EB0E027BE400BFD8B1002039
:106B140058BD002030C4002024C6002060B10020ED
:106B240000002020C0B1002070B5102282B032498C
:106B34003248FBF745FF102231493048FBF740FF4C
:106B4400102230492D48FBF73BFF10222E492B48D9
:106B5400FBF736FF10222D492848FBF731FF10229E
:106B64002B492648FBF72CFF10222A492348FBF720
:106B740027FF102228492148FBF722FF0822274932
:106B84001E48FBF71DFF082225491C48FBF718FF88
:106B9400082224491948FBF713FF234D04222349F3
:106BA400164805F10806FBF70BFF04222049134899
:106BB400FBF706FF04221F491048FBF701FF0422DC
:106BC4001D490E48FBF7FCFE2C1F14F8013B012263
:106BD4000DF1070109488DF80730FBF7F1FEAC42CF
:106BE400F3D1251DB542EFD1022214490348FBF726
:106BF400E7FE02B070BD00BF08B30020FCB1002066
:106C0400B0B1002020B30020C0B1002010B100209A
:106C140020B1002060B3002050B3002018B300203E
:106C240030B3002020960020C0B30020D0B1002053
:106C340058B1002070B100205CB10020C4B3002022
:106C44002DE9F043042283B02A4F002305460DEBBF
:106C5400020138460193FBF735FD032D019E22D82E
:106C640042F210739E421ED8234B49F64441B200AF
:106C7400384643F82560214B01FB0531FBF722FD23
:106C84001F4B44F622617200384601FB0531FBF7C5
:106C940019FD012201A938468DF80420FBF790FE66
:106CA40003B0BDE8F0834FF00608A6FB086856EA77
:106CB400080314D000242546A14606E0013445F11A
:106CC4000005B44275EB080309D2012201A9094861
:106CD4008DF80490FBF7F6FC3B79002BEED00023F3
:106CE400012201A903488DF80430FBF769FE03B0C3
:106CF400BDE8F083FCB1002060B100208838212079
:106D04000000202004460E21344808B50BF000FB97
:106D1400334809F081FAD4F88804F8B103681B6B8E
:106D24009847D8B9D4F8880478B303681B6B98479C
:106D340058BBD4F8803413B1DB793BB1FEE7D4F807
:106D440084341BB193F84434002BF7D11021254827
:106D54000BF0DEFA224809F05FFAEFE71721224828
:106D64000BF0D6FA1E4809F057FAD4F8880460B13B
:106D740003681B6B98470128D4D130211B480BF0C2
:106D8400C7FA174809F048FACCE70B2118480BF06A
:106D9400BFFAD4F88804F0B103681B6B9847014626
:106DA400002310220E4809F051FA032111480BF078
:106DB400AFFAD4F8880460B103685B6B9847C1B23A
:106DC40000231022064809F041FA054809F024FA84
:106DD400B4E70146F4E72B21E2E700BF7C21002061
:106DE4002C9D0020E82100208C210020B0210020CF
:106DF400A4210020E421002070B59A4C90B09A4D53
:106E04000121207809F02CFE0121287809F028FEC0
:106E1400964807F08DFB964B944893E80600FBF7E1
:106E240045FD28780021934DFBF778FF2078002456
:106E34000121FBF773FF2046013409F0A7FE05F892
:106E4400010B082CF7D100221C208B4C11468B4DD2
:106E5400FBF7DAFF042200210C20FBF7D5FF4FF0EB
:106E640080224FF0802386498648C4E90023C1E983
:106E740000234FF00134844B01211F2204601020B1
:106E840019700021FBF7C0FFFD24FBF759FF7F4871
:106E940008F05AFF7D4807F06FFF00217B4808F097
:106EA4005DFFA223B4227A497A480094FBF7C2FD1D
:106EB400794CFBF715FE80217448A61C08F058FF96
:106EC400022210217548FBF751F97448FBF7D8F9F1
:106ED4007248FBF7EBF97148FBF700FA642009F0FC
:106EE4000BFD6E48FBF702FA0021287809F0B8FD83
:106EF4000021687809F0B4FD694B0221187809F083
:106F0400AFFD0121207809F0ABFD14F8010B00213D
:106F140009F072FDB442F4D1624C261D012120789F
:106F240009F09EFD14F8010B002109F065FDA6424D
:106F3400F4D15D4E4FF000013046A6F28C4406F0C9
:106F44000FFB3046C4F8886405F0A4FE002850D135
:106F5400012300902046D4F888141A4604F044FE15
:106F640000283CD0D4F88004002849D04F4904F0CC
:106F74006DFD00284DD04E4B196859B300234D4A7E
:106F84004D4804F0ABFD28B3FCF714FF4B4CFDF760
:106F940053F84B494B48FBF77BFD01224A4B2878B9
:106FA4001A7009F04BFD031E687818BF0123237083
:106FB40009F044FD0021454A454B401A116044F64E
:106FC400206218BF01201A60607010B0BDE87040E4
:106FD400FBF782BE3F494048FBF75AFDD4E70090D7
:106FE40003460122D4F88814204604F0FDFD00284D
:106FF400B8D13A483A49FBF74BFD3A48FFF782FECD
:10700400D4F884040028B6D0284902F0CDFD002825
:10701400B1D1D4F880247AB1002002F24441012392
:10702400224A029002A803F09BFAD4F8800480B1AB
:107034001E4904F00BFD9EE7D4F8841400299AD06D
:107044000E92012301F58961184A02A802F09EF804
:10705400EBE7D4F8840400288DD0144902F0A4FD91
:1070640089E700BF4DA8002049A80020809C00208B
:1070740078B10020DCB30020209600203C9D002045
:1070840000B1002074B1002009C6002014C50020FE
:10709400FC2100200CC50020789C0020DCBC0020D2
:1070A40044A800207C9C002038C30020E01F00205E
:1070B40080B40020EC1F002028BE0020ACB10020CA
:1070C400001E0020449C00200AC60020B8B3002003
:1070D400589C002020220020302200201022002072
:1070E40000220020ACBE002038B509F02BFD00249E
:1070F400394B3A4A3A491C719C6001F108001A6004
:107104000D46384A384BC1F8B840C1F8B430C1E92B
:10711400002408F0CFFB354A05F10800344B2A60FF
:107124003449354A07F040FE1023252205F10800B2
:10713400112107F07FFC29463048FAF7FDFF30495A
:10714400304A31480BF060FE304B31484FF47A7CC2
:107154003049314AC3F88044C3F88444C3F88844AE
:1071640083F89444C3F89C44C3F8A844C3F8B044D7
:1071740004730C731473294DC0E9014CC0E9124423
:10718400C1E9014CC1E91244C2E9014CC2E912440B
:10719400234C046014602348234A0C602349C5E946
:1071A4000002234A2348C3F88C24234AC3F89824B2
:1071B400224AC3F8A0240722C3F8A4244FF028527B
:1071C400C3F8AC2409F08AF80E4A1D491948BDE8F1
:1071D40038400BF019BE00BFFCB100202C9D0020EC
:1071E4000CC50020F427002055D80000DC2700201F
:1071F40071C70000042E0020A1C80000DCBC0020E0
:107204008905000060A50020E8A70020ACBE00208E
:1072140018BE0020E0C30020C4BB002078B10020C9
:107224000C28002080C3C90107000080481F0020EB
:10723400302800203CBC0020A828002000093D0084
:1072440021E300002DE9F04FA94C93B0A94A20682E
:1072540003681B69934261D10AF0F0FF10B913B0BF
:10726400BDE8F08F4FF00003012204A9A0488DF877
:107274001030FBF727FAA04A9DF8103012789F4986
:107284009A420B70EBD14FF00003012204A99848F5
:107294008DF81030FBF716FA9DF810209749A2F1EB
:1072A40048030A701A2BDAD801A252F823F000BF5F
:1072B4009D5A00004D5800009557000029570000C2
:1072C4001D570000DD560000735600000D560000E7
:1072D400B55C0000F15B00009D5B00000F520000F4
:1072E4000F520000C55A00006D5C0000115C0000E4
:1072F4000F520000D1550000ED5400005554000019
:107304000F54000005540000C5530000A5530000AD
:107314003553000007530000D152000098479DE701
:107324000024012204A972488DF81040FBF7CAF921
:10733400734A9DF81030154613702341DB0706D4B9
:107344000134042C8BD02B782341DB07F8D5E0B231
:10735400FCF7D0FCF4E7FDF783F96A4C03460122FD
:1073640004A9634823708DF81030FBF729FB2378B8
:10737400002B00F0DC84FCF71DFD13B0BDE8F04FDA
:10738400FCF75ABE0024012204A959488DF8104084
:10739400FBF798F99DF810100222594B54481970C4
:1073A40004A9ADF81040FBF78DF9554BBDF810005A
:1073B4001A78032A00F22C81534B4FF0010504A9DB
:1073C40023F8120001224A488DF81050FBF7F8FA0E
:1073D400082221464C4809F093FD494B4B4A1B783F
:1073E4004B484C4930F81300D5544B4A21F813004C
:1073F400157034E70023012204A93D488DF81030AC
:10740400FBF760F9454901229DF81000444B0870D0
:107414001A7024E7032304A9012235488DF810309B
:10742400FBF7CEFA322304A904240422304804933F
:10743400FBF7C6FA04A901222D488DF81040FBF78A
:10744400BFFA42F21073224604A929480493FBF7B9
:10745400B7FA04E713B0BDE8F04FFFF765BB314B53
:107464004FF00001B622224819702F49FBF72AF980
:10747400FEF746FB2D4A05462A4B1178032900F0F6
:1074840050845278032A00F04C844FF000021A70A2
:10749400FEF7A2FC012204A915488DF81050FBF751
:1074A4008FFADCE6224B00212248012298461B6811
:1074B4008DF810108146036004A90D48FBF702F90A
:1074C4009DF810301C4A802B1746137000F06D8510
:1074D4005A1ED1B2112940F23084FEF743FB002337
:1074E400012204A902488DF81030FBF769FAB6E6C8
:1074F400FCB10020990500004BA8002004C6002020
:107504001CC6002023C60020DCB3002074B1002078
:107514002096002000B1002009C600202FC60020BC
:107524002EC6002025C6002058BD0020C4B300206C
:107534003CB1002040B100201DC6002000240122DF
:1075440004A991488DF81040FBF7BCF89DF8103061
:1075540001228E498C480B7004A98DF81040FBF76A
:10756400B1F88B4A9DF8103015468A498A48137041
:1075740008F046FF2B78002BB1D0874904A808F007
:10758400D3FE4FF0000301220DF10F017E480134B8
:107594008DF80F30FBF796F89DF80F1004A808F04B
:1075A40091FF01467C4808F023FF04A808F0E0FEA0
:1075B400774B1B789C42E0DB744A1278013A022A2A
:1075C4008DD8B3FA83F46409002B88D0734804F08F
:1075D40065FA2346642272496F4808F083FF6B4BB7
:1075E4001B78012B00F01484022B00F0FD83032B85
:1075F40000F0E68301246B4B986C1D4610B100210A
:1076040002F0DEFCE86C18B10022002301F0B6F8A9
:10761400012204A95C488DF81040FBF7D1F91EE65D
:10762400614C4FF00003012204A957488DF8103033
:10763400FBF748F89DF8103004F8013B5B4B9C4283
:10764400EFD15B4B03CB1B882060616023815949D8
:10765400554813B0BDE8F04FFBF71ABA00240122D5
:1076640004A949488DF81040FBF72CF89DF8103018
:10767400022204A944480093ADF81040FBF722F815
:10768400009BBDF81020013BDBB2032BC0D84A4954
:107694004A4821F813204A4931F813C00121C15442
:1076A40094454848017008BF21464748C05CFBF731
:1076B40035FB012204A934488DF81020FBF780F92A
:1076C400CDE542480024FAF7DBFD4048FAF7EEFD29
:1076D400012204A92C488DF81040FAF7F3FF3C4A24
:1076E4009DF8103017461370002B00F01483394DA9
:1076F40008E03648FAF7E4FC01343A78E3B29A42F7
:1077040040F209834FF0000304A901221E488DF8BA
:107714001030FAF7D7FF9DF81010FE292970E8D130
:10772400012200212948FAF7C7FDE5E700240122D8
:1077340004A915488DF81040FAF7C4FF9DF81020ED
:107744002346234C02F0010023492270C2F3400473
:1077540060F30703C2F38000C2F3C00264F30F2393
:1077640060F3174362F31F630B6078E501231B4941
:107774001B4A0B70137072E518490020184B012244
:1077840008701A706BE500BFFCB1002029C6002008
:1077940028C60020FC2300203CBC0020F0C30020AD
:1077A40048BC0020E0C30020449C00204A9C0020E8
:1077B400389C0020001E002000B1002074B100207D
:1077C4002096002009C600207C9C0020DCBC002000
:1077D4001DC600201CC60020ACB300202FC600200C
:1077E4002EC600204FF00006012204A92548264D8C
:1077F4008DF81060FAF766FF9DF81030012204A995
:1078040020482B702F468DF81060FAF75BFF1F4B52
:107814009DF810201A702B78802B00F0AD82591E31
:10782400C8B211283FF659AE19484FF0180C0CFB9A
:107834000101097A00293FF450AE013AD2B2032A79
:10784400154600F2A0821348023B1049124C8046B0
:107854000A70825CA1466255102B00F28B85DFE82A
:1078640013F07A056B055E055105440537052A05B5
:107874001D0510050305F104AA049C048E0480046C
:107884007104DB02FCB100201DC600201EC60020CE
:10789400C42500203CB1002040B10020B64E002495
:1078A400B64FDFF83883DFF83893DFF838A3DFF812
:1078B40038B3B34BB34D042204A9B34800930494E2
:1078C400FAF700FF049A04A9AF4845F8042B0422F0
:1078D4000494FAF7F7FE049A334604A9AA4843F835
:1078E400042B04221E460494FAF7ECFE049A3B4649
:1078F40004A9A54843F8042B04221F460494FAF76C
:10790400E1FE049A434604A99F4843F8042B042249
:1079140098460494FAF7D6FE049A4B4604A99A486A
:1079240043F8042B042299460494FAF7CBFE049AF4
:10793400534604A9944843F8042B04229A46049419
:10794400FAF7C0FE049A5B4604A98F4843F8042B57
:1079540004229B460494FAF7B5FE049A009B43F86C
:10796400042B8A4A9542A6D1894B8A4C98468A4E62
:107974004FF00005022204A983480093ADF810508B
:10798400FAF7A0FEBDF8102004A97F4824F8022BC2
:107994000222ADF81050FAF795FEBDF810203346D8
:1079A40004A9794823F8022B02221E46ADF8105090
:1079B400FAF788FEBDF81020009B23F8022B774AC3
:1079C4009442D5D1764F0024764E774B774D0122E1
:1079D40004A96D4800938DF81040FAF773FE9DF8E2
:1079E400102004A9684805F8012B01228DF81040E5
:1079F400FAF768FE9DF810203B4604A9624803F894
:107A0400012B01221F468DF81040FAF75BFE9DF80A
:107A14001020334604A95C4803F8012B01221E46BA
:107A24008DF81040FAF74EFE9DF81020009B03F8E5
:107A3400012B5F4AAA42CAD15E4B1C1F00934FF030
:107A44000003012204A950488DF81030FAF73AFED9
:107A54009DF81020009B04F8012BA342EED10433BF
:107A6400554A9A42E9D14FF00005012204A946483B
:107A7400524C8DF81050FAF725FE9DF81030012273
:107A840004A9414823708DF81050FAF71BFE9DF8A5
:107A940010306370FCF7A8FE23780646032B04D04D
:107AA4006378032B01D0464B1D7046490024464A97
:107AB400E0B20134CDE90012FCF75CF9012343493B
:107AC400042C019A0B70414602F8013B31F8020B79
:107AD4008846009921F8020BEAD1012204A92A4818
:107AE4008DF81060FAF76CFFFFF7B9BB4B23012246
:107AF40004A925488DF81030FAF762FF16230422F2
:107B040004A921480493FAF75BFF314B00221A6061
:107B1400FFF7A5BB2F4B986C1D4610B1002102F056
:107B24004FFAD5F84CC0BCF1000F06D060460022D5
:107B3400002300F023FED5F84CC0B226264C634641
:107B44000EE002F01BF92378012204A90E488DF8F7
:107B54001030FAF735FF731E1E463FF480ABEB6C12
:107B6400A86C012221460028EBD10122002BEAD087
:107B7400184600F023FDE6E7B0B1002020B3002052
:107B840050B3002008B30020FCB1002018B300203B
:107B94002096002018B3002030B3002020B300202A
:107BA40058B1002070B100205CB10020D0B1002099
:107BB400D4B10020C0B30020C8B30020C4B3002057
:107BC40025C6002000B1002074B1002009C60020A1
:107BD400D4BC0020E0C30020BCB70020C0B100200A
:107BE40010B1002020B1002060B300200023012246
:107BF40004A9AA48AA4C8DF81030FAF763FD9DF841
:107C0400101000230122A548217004A98DF810301A
:107C1400FAF758FD20789DF810300138A14AC0B217
:107C2400137003283FF65BAC012B3FF658AC9E4A19
:107C340020701354002B7FF43CADFCF75BF838E55F
:107C440000239A4A1C461360E0B20134FCF752F850
:107C5400042CF9D1964B974C0FCB84E80F00F6E433
:107C64000024012204A98D488DF81040FAF72AFD5A
:107C74008B4B21469DF810001F46187008F0F0FE4B
:107C84008D498E4A8E4B48681268A3FB0232920CCF
:107C940002EB820252004B681B1A9A42FBD83878D6
:107CA40008F0CCFE874C0346012204A97B482370CC
:107CB4008DF81030FAF784FEFFF7D1BA002304A937
:107CC40001227648764C8DF81030FAF7FBFC9DF8CB
:107CD4001000002304A90122207070488DF8103090
:107CE400FAF7F0FC6F4B01219DF8102020781A70F0
:107CF40008F0B6FE6B4B2078197813B0BDE8F04F4E
:107D040008F07ABE0024E0B20134FBF7F3FF042C40
:107D1400F9D1FFF7A4BA6C4813B0BDE8F04FFAF7F5
:107D240003BC227982F001021A70FFF7B3BB6749E2
:107D34006748FAF7ADFEFFF71EBB6649182000FB43
:107D44000212127A002A3FF4C8AB023B102B00F255
:107D54001F83DFE813F0F101EB01E501DF01D90135
:107D6400D301CD01C701C101BB018A0159015301EE
:107D74004D0147010C01D700531EDBB2012B88BF14
:107D8400012140F2FA8000230E461D4600934FF075
:107D94000003012204A941488DF81030FAF792FC3F
:107DA4002279002A7FF49BAB009B0020013345F12C
:107DB4000002904208BF9E421546E7D1FFF78FBBF1
:107DC400454BD3F88004002800F0F58001460123D8
:107DD400424A04A8049402F005FB00283FF40AACCC
:107DE40004A803F0C1F805E43D4B196821B123460A
:107DF4003A4A3C4803F072FEFCF738FD3A4BFC2843
:107E0400187000F0EB800024FBF7D4FFFFF7F3BBFE
:107E1400FCF712F9FFF7EEBB0023012204A91F4867
:107E24008DF81030FAF74EFC304C9DF8103008F8FD
:107E34000530FCF7D9FC23780546032B05D063787D
:107E4400032B02D02A4B00221A70164B1878FBF72A
:107E540091FF3B78112B12D0122B7FF41BAB114BEB
:107E6400187818F80030002B7FF414AB19F80030A0
:107E7400002B3FF40FABFBF73DFFFFF70BBB094BA8
:107E840001221C481B781C4930F8130021F8130008
:107E94001A49CA541A4B1A70FFF7FCBAFCB10020F5
:107EA4001DC600201EC600203CB10020D4BC00200A
:107EB400609C0020449C0020001000E0749C002082
:107EC40083DE1B430CC60020DCBC0020001E002007
:107ED40040220020C4250020ACBE002048BC002065
:107EE40080B40020F0C3002034C60020C4B30020B6
:107EF40025C600202096002000B1002074B1002087
:107F040009C600200422B549B548FAF7DBFBFCF7A3
:107F14006BFCB44B05461A78032A05D05B78032B17
:107F240002D0B14B00221A700024E0B2FBF722FF0A
:107F34003B78112B0CD0122B05D118F8043013B94F
:107F440019F8043083B90134042CEED1FFF7A2BA36
:107F5400A64BA74A33F8143022F814300123A54A5B
:107F64001355A54A1370EEE7FBF7C4FEEBE70822AE
:107F74009E499B48FAF7A6FBC9E798484FF00002D0
:107F84009E4C9F498046C05CA1460B7004A9E054F6
:107F94008DF81020012292480093FAF793FB914C3C
:107FA4009DF81020009BE25443E702228D498C483F
:107FB400FAF788FBABE7D3F8841400293FF41AAB33
:107FC400109001238F4A04A800F0C8FE00283FF453
:107FD40011AB04A800F02AFFFFF70CBBFAF760FE10
:107FE400FFF708BB042288497D48FAF76BFB8EE74C
:107FF400042286497A48FAF765FB88E70422844913
:108004007748FAF75FFB82E74FF00006012204A9E4
:1080140073487B4D7F4C8DF81060FAF753FB9DF845
:108024001030012204A96E482B7023718DF8106062
:10803400FAF748FB9DF81030012204A968482B7018
:1080440063718DF81060FAF73DFB9DF81030012242
:1080540004A963482B70A3718DF81060FAF732FB02
:108064009DF810302B70E37151E74FF000060122A8
:1080740004A95B48624D674C8DF81060FAF722FB47
:108084009DF81030012204A955482B7023708DF8F7
:108094001060FAF717FB9DF81030012204A950482C
:1080A4002B7063708DF81060FAF70CFB9DF810309C
:1080B400012204A94A482B70A3708DF81060FAF7C6
:1080C40001FB9DF810302B70E37020E71022524919
:1080D4004348FAF7F7FA1AE7102250494048FAF7EA
:1080E400F1FA14E710224E493D48FAF7EBFA0EE78D
:1080F40010224C493A48FAF7E5FA08E710224A49AF
:108104003748FAF7DFFA02E7102248493448FAF709
:10811400D9FAFCE6102246493148FAF7D3FAF6E6D2
:10812400102244492E48FAF7CDFAF0E608224249D3
:108134002B48FAF7C7FAEAE6082240492848FAF732
:10814400C1FAE4E60023022204A92548ADF8103060
:10815400FAF7B8FA254BBDF81020224C23F8152065
:1081640067E60023012204A91D488DF81030FAF7B0
:10817400A9FA254B9DF810201A4C5A5559E60023AC
:10818400012204A916488DF81030FAF79BFA1F4B08
:108194009DF81020134C5A554BE60023012204A9E4
:1081A4000F488DF81030FAF78DFA194B9DF810200E
:1081B4000C4C5A553DE60023012204A908488DF8C9
:1081C4001030FAF77FFA0E4A124B1278054C13441A
:1081D4009DF810201A711A4B1A702AE63CB100203F
:1081E400FCB10020C4B3002025C600202096002046
:1081F40000B1002074B1002009C6002040B1002065
:108204001EC6002048BC00205CB1002070B10020D4
:1082140058B10020BCB3002050B3002060B300204C
:1082240020B1002010B10020C0B1002020B30020F4
:10823400B0B1002008B3002030B3002018B30020F0
:108244001FC600200023012204A954488DF81030D1
:10825400FAF738FA524A9DF8103052491370524ACC
:10826400524C12788B54E4E50023042204A94B48B1
:108274000493FAF727FA4E4B049A4C4C43F8252002
:10828400D7E50023042204A944480493FAF71AFA10
:10829400484B049A454C43F82520CAE500230422A0
:1082A40004A93E480493FAF70DFA434B049A3F4C51
:1082B40043F82520BDE50023042204A9374804938C
:1082C400FAF700FA3D4B049A384C43F82520B0E500
:1082D4000023042204A931480493FAF7F3F9384B34
:1082E400049A324C43F82520A3E50023042204A970
:1082F4002A480493FAF7E6F9324B049A2B4C43F8D4
:10830400252096E50023042204A924480493FAF7BF
:10831400D9F92D4B049A254C43F8252089E50023EF
:10832400042204A91D480493FAF7CCF9274B049AB4
:108334001E4C43F825207CE50023022204A917489B
:10834400ADF81030FAF7BEF9214BBDF81020174CE8
:1083540023F815206DE50023022204A90F48ADF887
:108364001030FAF7AFF91B4BBDF810200F4C23F86F
:1083740015205EE50023012204A908488DF8103079
:10838400FAF7A0F9144B9DF81020084C5A5550E503
:10839400042211490148FAF795F9B8E5FCB1002027
:1083A4001FC60020BCB300201EC60020C4B300209A
:1083B40050B3002060B3002020B1002010B1002091
:1083C400C0B1002020B30020B0B1002008B30020C9
:1083D40030B3002018B30020D0B1002038B5274BAB
:1083E4001B78EBB1264CFEF72DFF237803BB254DFC
:1083F4000023A968237069B12868234A03685B686D
:10840400934235D105F10C0009F082FF0023AB60E3
:1084140009F0ACFF1D4B1A782ABB2B796BB938BD18
:10842400174CFCF74FFBFEF70DFF2378002BDED033
:10843400174B1878FEF704FCD9E70024154807F019
:108444002BFEE0B20134FBF755FC042CF9D1FAF70A
:1084540077FC0024104B1C70FDF7B2FB2C71BDE8B7
:108464003840FAF739BC00221A70FAF7E1FDD4E774
:108474000A4605F10C019847C8E700BF0EC6002064
:108484002EC60020FCB100208105000018C6002083
:108494002FC60020E8A7002009C6002030B500F14F
:1084A400240385B08C460446154693E8070001ABC7
:1084B40083E807004FEA4C121946206A01F028FAB3
:1084C400012806D12A4601A9206A01F0DDF905B088
:1084D40030BD002005B030BD10B5044600F090FD5D
:1084E400002384F8313084F8333010BD90F831C063
:1084F400BCF1000F01D00020704710B582B00C46CB
:108504003822614601900BF055FB0122019B40216A
:1085140010461C6283F8332083F8311002B010BD7A
:1085240070B514460A789E460B46202A03D113F8E8
:10853400012F202AFBD02360A3601978C1B32F290F
:1085440029D05A1C1C4DA1F1220C1F295FFA8CFC66
:1085540006D9BCF11D0F25FA0CF303D8DB070FD5A0
:10856400002070BD81F0FF0C4FEADC1301F0DF0C3A
:10857400BCF15C0F0CBF002303F00103002BEFD010
:108584002E29134602D0202918BFA26012F8011B1D
:1085940071B12F29D7D113F8012F202AFBD02F2A0C
:1085A400F9D02146CEF80030BDE8704001F088B81B
:1085B4002F29F0D0F5E700BF012100352DE9F04F58
:1085C40090F8333083B00446DD076FD558060E4665
:1085D400924640F1AA80D4E90023D4E904101AEBAE
:1085E400020543F10003A94270EB0303C0F0A3802A
:1085F400BAF1000F56D05546D4E90032276AD7F8AD
:10860400381411EA030970D1134370D194F831304E
:108614005A064CBFD7F83414E169A16197F8452490
:108624000239D7F82C34C9F3080B914040F2FF10FB
:1086340003EB59231944BBF1000F42D1854240D9C1
:10864400D7F8180281423CD0B5F5806F56D3012388
:108654009340A3EB59296B0A994528BF9946814257
:108664000AD801EB0903984206D207F50470019178
:1086740005F082FD0199C8B1D7F814024B46324681
:1086840007687F69B84788B14FEA49294B464E4489
:10869400D4E900125B1842F10002B5EB0905C4E904
:1086A4000032ABD1504603B0BDE8F08F94F83230BD
:1086B4004FF0FF3043F0020384F8323003B0BDE8DA
:1086C400F08F002207F5047005F080FD0028EDD03E
:1086D400CBF5007900EB0B013046A94528BFA9462C
:1086E4004A4608F025FC4B46D1E7A16996E794F881
:1086F4003330A1695B060DD501318EE7D7F814023A
:10870400324603681B6998470028CFD04FF40073A2
:108714009946BCE704F11802384601F0D1F8002864
:10872400C4DB0BD0276AA16978E794F831301907C4
:108734007FF55EAF4FE7A1EB020A59E794F83130B9
:1087440013F0500FB2D0AAEB050A5046ABE700BFB6
:10875400F0B583B00122044685690DF10701D0E923
:108764000067FFF72BFF0128A5610CBF9DF80700E8
:108774004FF0FF30C4E9006703B0F0BD2DE9F04FBE
:10878400044690F83110806983B0804600295BD09C
:10879400D4E900CE9E4508BF94455FD052EA030059
:1087A40058D00F0704D5D4E90450954298414BD3CF
:1087B400206A551E94F83360834690F84504009669
:1087C40063F100060930C0B225FA00F9C0F12007B0
:1087D400A0F12005BA4606FA07F7019526FA05F531
:1087E400009E49EA0709760649EA05053AD41CF1D0
:1087F400FF3626FA00F04EF1FF365CEA0E0E06FA5A
:108804000AF70097019F26FA07F6009F40EA07003F
:1088140040EA060001D0854228D249064CBFDBF865
:108824003414E169A1611746994606E0A169013D46
:10883400206A01F045F8002806DD04F11802002D35
:10884400F4D13A464B4607E00020C4F8188003B040
:10885400BDE8F08F0021A161C4E90023012003B029
:10886400BDE8F08FE1692944A161F5E72D1ADAE743
:108874002DE9F04F8DB00C4619460646009390F84A
:108884003130002B40F0D580904694F8312012F01E
:10889400500F00F0CE8001F00302032A00F0C980DB
:1088A400013201F008010A430192B8F1000F00F00F
:1088B400CA80D8F80C2002F10E07B44AA2FB07279D
:1088C400D4E90021FF080A4307F10207FFB204D0EC
:1088D4000022A3610023C4E900234FF000094D46A0
:1088E400202204A92046FFF769FE10B3202840F097
:1088F400A0809DF910309DF81020002BC0F2A580B7
:10890400B9F1000F04D12368A3F1200BA3699A469F
:1089140009F10103DBB2B94538BF9946002A00F0DA
:10892400FE80202204A920460025FFF747FE0028E8
:10893400DCD1009B9A057CD5019BC3F3400383F0F3
:108944000103DB0775D4B8F1000F72D0B94580F08C
:10895400678143464D46B0461E46202204A9204660
:10896400FFF72CFE6B1C00285AD0202860D125B9B3
:108974002268A2F1200BA2699246DDB2BD42ECD37B
:1089840033464646382200213046984694F8335000
:108994000BF010F9236AC5F380153362282386F897
:1089A4002C5086F83130D8F80030C6E909ABC8F845
:1089B40004304FF000097C1E01225FFA89F1304631
:1089C400FFF76CFD0546A0B390F90030002B30DBB7
:1089D400202200210BF0EEF8B9F1000F00F0AD8079
:1089E400B9F1010F00F0C280C1232A46203502F8F4
:1089F400023BD8E90130834203F1010307D0C8F8F0
:108A0400043013F8011C22F8021BAA42F3D109F125
:108A140001094F45D0D1304600F0F2FA05460EE088
:108A24002046D4F8189000F023FB002840F0828000
:108A3400464600231D4686F8313086F833302846F2
:108A44000DB0BDE8F08F032747E74DBBB94538BFEC
:108A5400A946852A7FF444AF2946382230460125A9
:108A64000BF0A8F8BDF814309DF8112013F0100F86
:108A740003F0370386F8302043F0080208BF13469A
:108A840086F831302368226A203B3262A269C6E943
:108A9400092394F83330C3F3801386F82C301FE78E
:108AA400C02A10D0C12A7FF43CAF424604A9304604
:108AB40000F090FD00283FF434AFD8E901329A4227
:108AC40068D005460CE79DF81130019A990786F89D
:108AD400332003D542F0400386F83330099BF36119
:108AE400DDE90623C6E90423DDE90A23C6E90223F6
:108AF400B8F1000F4ED0D8F80030D8F80C20C8F8E0
:108B040004309DF813309A427FF40BAFB8F810503C
:108B1400BDF81430ED1AB5FA85F56D09E0E6B8F143
:108B2400000F86D0009B980583D5019B99073FF5DC
:108B34000DAF7EE7C4F8189020E785232B70144B03
:108B440086F830406C701B68002B3DD00DF10B0291
:108B54000DF10E0103A89847BDF80C306B81BDF8E8
:108B64000E302B819DF80B302B7550E74FF4E073DA
:108B74002B80019B63F07F0386F83330D8F80C30E8
:108B8400EB70B8F81030AB8041E700BF8988888863
:108B940068B40020009B1A053FF54BAF009B13F40B
:108BA400884F17D196F833309B077FF548AF96F876
:108BB4003130DF063FF53DAFDC073FF53AAF43F018
:108BC400200386F831303AE745F621436B81EB8187
:108BD4006B821CE796F83130D9063FF52AAFDA07E5
:108BE4003FF527AF009B5B0534D596F833309F07DC
:108BF4007FF51FAF002200233046FFF7BFFD00289A
:108C04003FF417AF304600F02BFB00283FF411AFC0
:108C140096F8333098077FF512AF96F83130CEE7E7
:108C240038220021304694F833500AF0C3FF236AF7
:108C3400C5F380153362282386F82C5086F831302A
:108C4400D8F80030C6E909ABC8F80430002F7FF427
:108C5400B0AEE0E6009B5C04DAD53046D6E90423E6
:108C6400FFF78CFD0028D3D1E3E600BF2DE9F043E4
:108C7400002497B00E4690F8311001921494002904
:108C84003DD196F8311011F0500F38D09946137831
:108C9400044615462F2B36D0002701AB03AA2946DC
:108CA4002046FFF73DFC50B3019D2B78002B3ED0AE
:108CB400002303AA31462046FFF7DAFDF8B1A446A3
:108CC40008AE04F13008DCF800000CF1100C5CF87C
:108CD4000C1CB6465CF8082C10365CF8043CC44501
:108CE400AEE80F00EFD1DCF800003060204600F061
:108CF40087F908AE84F8317084F83370CDE700202A
:108D040017B0BDE8F08315F8011F2F29FBD0366A90
:108D140038220195A1B920460AF04CFF01234022D4
:108D24002662184684F8333084F83120E8E74B464D
:108D340003AA31462046FFF79BFD17B0BDE8F08338
:108D4400002108A80AF036FF0123109608AE8DF81A
:108D5400533040238DF851309EE700BF19B101F51F
:108D64008961FFF783BF0846704700BF90F8313030
:108D74008BB900B591F831E01EF0500F09D00B68A3
:108D840013F01F0C05D113465DF804EB6246FFF7A0
:108D94006FBD002000BD0020704700BF8169F8B599
:108DA4000446006A01B10131012200F0B7FC012838
:108DB400074632D901230146206A1A4600F00CFD09
:108DC400054650B3A36994F833204BB3510612D52A
:108DD400591CB94218D022F04002E16984F83320CA
:108DE40005E0206A00F0B8FD3146B0B1A3694E1C1D
:108DF40099423246F5D34FF0FF323946206A00F0EB
:108E0400ABFD50B1A16911B92846A761F8BD3A4636
:108E1400206A00F0A1FD0028F6D100252846F8BDFF
:108E240042F0400284F83320EEE700BF90F833307C
:108E34009A073ED5C16970B50546E1B900242146BB
:108E4400012228460134FFF729FB90B10378E1B2EF
:108E540003F07F03037095F830308B42F0D2002387
:108E64002C6A85F83130204685F8333005F084F9D2
:108E740030BB002070BD5B06006A1CD590F84534F9
:108E8400D5E902240933013ADBB244F1FF34C3F1DA
:108E9400200CDA40203B04FA0CFC24FA03F342EAE7
:108EA4000C021A430023013200F096FC0028C5D1BD
:108EB400DFE70020704700F073FD0028BED1D8E73B
:108EC40004F5047005F058F90028D2D0D4F8400411
:108ED4000368BDE87040DB69184700BFF0B50027A0
:108EE40083B006463C46394600223046FFF7D6FAA0
:108EF4000546002855D00278C02A5BD0C12A22D06A
:108F0400852A4ED196F8313003F0370383803B4BEA
:108F14001B6883B10DF103020DF1060101A8984706
:108F24009DF803306B75BDF80630AB812B82BDF81C
:108F34000430EB816B82326A92F8103243F0010301
:108F440082F810322A78A2F185000023B0FA80F06A
:108F54004009E103012B01EB54010A4494B24FEAA6
:108F6400C43206D128B102EB5402297904230A44FD
:108F740094B20133202B01D0EA5CEAE7013796F87A
:108F84003030F9B28B42AFD2012206F12401306AAB
:108F940000F07AFC28B1356A4480284605F0ECF8E4
:108FA400E8B996F83230002043F0010386F83230F5
:108FB40003B0F0BD96F83320437852064CBF43F01B
:108FC400020303F0FD034370D6E90423C0E902233E
:108FD400F3694361D6E90223C0E90623ABE705F54B
:108FE400047005F0C9F80028DBD0D5F84004036804
:108FF400DB6998470028DBD1D3E700BF68B40020C1
:1090040090F83120F2B190F9331090F83320002910
:1090140012DB026A10B582B014460190104605F0C6
:10902400ABF8019B80B993F83220002042F0010292
:1090340083F8322002B010BD02F07F0280F83320A2
:10904400FFF74CBF0120704704F50470019305F04D
:1090540093F8019B0028E6D0D4F840040268D26952
:10906400904710B1012002B010BD019BDBE700BFA7
:1090740070B590F8313005465A064CD480682B6A96
:10908400D3F83C341844B0F1806F01D3002070BD94
:109094002846FFF783FE0028F8D0286A0024AE692A
:1090A40090F84534023E9E40D0F82C341E440522EC
:1090B400311900F5047005F089F84FF400720021AD
:1090C4000028E3D00AF076FD286A012390F84524AD
:1090D4001C4493409C42EAD395F831305B0615D486
:1090E40095F8332062F07F02D5E9023185F8332008
:1090F400D0F83C249B1841F10000AB60D5E9043161
:10910400E8609B1841F10001C5E904312846BDE837
:109114007040FFF775BF006A00F01AFDAFE700BFAB
:1091240091F8313013F0500F02D1002108467047F6
:1091340010B540F6022382B00446FFF799FB38B11C
:109144003023204684F83130FFF792FF014618B9E6
:109154000021084602B010BDA0690022002301913D
:10916400E0612046FFF70AFBC12294F831300199EF
:1091740084F83320002BECD04123204684F833308C
:1091840002B0BDE81040FFF7A9BE00BFF0B500244F
:1091940097B00D4690F8311001921494002946D1ED
:1091A40095F8311011F0500F41D01E461378044643
:1091B40011462F2B3ED001AB03AA2046FFF7B0F98E
:1091C400002834D0019B1B78002B41D0002303AA34
:1091D40029462046FFF74CFB30B946B303AA29467B
:1091E4002046FFF79DFF10B3A44608AD04F13007F5
:1091F400DCF800000CF1100C5CF80C1CAE465CF8BA
:10920400082C10355CF8043CBC45AEE80F00EFD1E7
:10921400DCF8000028602046FFF75EF9019901ABF5
:1092240003AA204608ADFFF77BF90028CAD1002025
:1092340017B0F0BD013101910B782F2BFAD0296AB8
:1092440008A8FFF753F90028F1D0019908ADB2E757
:1092540003AA29462046FFF763FF17B0F0BD00BFFD
:1092640090F833309A0764D5C169B9B313F0400C50
:1092740070B50446D0F818E082B0006A30D090F897
:1092840045C4A2680CF1090CE568013A5FFA8CFC4C
:1092940045F1FF35CCF1200622FA0CF2ACF1200C9A
:1092A40005FA06F625FA0CFC324342EA0C020132B6
:1092B400BEF1000F20D1C4F81CE001918ABB63F019
:1092C4007F03204694ED007B84F8333084ED027BE9
:1092D40084ED047BFFF794FE02B070BD012070475B
:1092E400BEF1000F0FD10191C4F81CE000F058FB4F
:1092F400E0B194F83330E2E70139A1EB0E010A44FE
:109304000EF10101D9E701AA7146CDF804C000F0BD
:10931400D7FA00280ADB0ED101990029E9D0206A86
:10932400E4E7002300F058FA0028E2D1002002B05C
:1093340070BD002070474FF0FF32A169206A00F031
:109344000BFB0028E8D1F1E72DE9F84F90F8333012
:1093540004469D0740F1AC8093461A070E4600F17F
:109364002581D4E90031BBF1000F00F0D1805D46C6
:109374004FF00109206AA169D0F8382412EA0308E1
:109384006CD1002900F0D58094F833305B0640F1AD
:10939400ED80A268E368013A43F1FF3C90F845345C
:1093A4000933DBB2C3F1200EDA40203B0CFA0EFE87
:1093B4002CFA03F342EA0E021A43E36913448B4284
:1093C40040F2DB800131A16190F845240239D0F8E4
:1093D4002C3491401944B5F5007F72D3B5F5806FF4
:1093E400D0F81832C0F0AB8009FA02F2A2EB0808F8
:1093F4006A0A904528BF9046994204D808EB0102B6
:109404009A4200F2CB80D0F8140243463246D0F898
:1094140000C0DCF824A0D047002849D04FEA4828EF
:109424004346A5EB08052268464461689B182269F7
:10943400606941F100019A428841C4E9003102D3D4
:10944400002D97D164E094F8332062F07F02C4E9E0
:10945400043184F83320002D8CD159E090F8452450
:109464000239C8F3080A4FEA58289140D0F82C343E
:1094740041441944BAF1000FADD0012200F5047043
:1094840004F0A4FEA0B1CAF5007850443146A845C2
:1094940028BFA846C244424607F04AFDBAF5007FF9
:1094A400BED1206A00F5047004F066FE0028B7D12E
:1094B40094F83230002043F0010384F83230BDE8E0
:1094C400F88F226827696369BA42626872EB030302
:1094D40033D2012200F5047004F078FE0028E7D0AE
:1094E4002A46314607F024FD20696269D4E9003137
:1094F400EB1841F1000198428A41C4E9003107D2D6
:1095040094F8332062F07F02C4E9043184F83320F4
:10951400D4E9020298428A4150D32D4B1B682BB1E7
:1095240094F8333063F07F0384F833305846BDE851
:10953400F88FE16949B3A16146E70522CAE7994278
:1095440006D1002380F810324FF0FF33C0F81832F0
:10955400D0F81402324603681B6A98470028A7D043
:109564004FF40073A5F5007598465CE704F1180202
:1095740000F0A6F900289BDB04D12046FFF70EFC7F
:10958400002895D0A169206A1EE72046FFF706FC53
:1095940000288DD0A169206AE16115E7002380F8D5
:1095A40010324FF0FF33C0F818322CE7D0E904230F
:1095B400FFF7E4F800287FF4D4AE79E794F8332079
:1095C4005846C4E9023162F07F0384F83330AEE7D1
:1095D40068B4002070B5154601F1020E01F12004B3
:1095E400D2E901269642BEF800000EF1020E02F105
:1095F40001025FFA80FC1CD0ACF120037E28ACF1A0
:1096040061016A60DBB212D812F8010C192998BF03
:109614009C46A0F12003A0F16101DBB2192998BF97
:109624001846844503D1A645DCD1012070BD002035
:1096340070BDB0FA80F0400970BD00BF2DE9F84359
:1096440090F831300F4693B390F83030012B34D971
:10965400154606464FF00208002401F1FF390022A6
:1096640041463046FEF71AFF08B30378C12B1ED1DA
:1096740009EB040C00F11E0230F8023F8BB10134F7
:10968400AC4214D27F2B28BF3F2390420CF8013FF9
:10969400F2D108F1010896F830305FFA88F84345B2
:1096A400DDD22744002320463B70BDE8F883002325
:1096B4001C463B702046BDE8F8830024F2E700BF57
:1096C40030B50D688C684D60A54224D02846002230
:1096D40001304FEAC23C48600CEB520210F8013CE6
:1096E400A3F1200CA3F1610E5FFA8CFCBEF1190FFB
:1096F40098BF634684421344C3F34E0202EBC33261
:1097040092B2E5D1641B0A82601ECC60FE288CBF35
:109714000020012030BD0022F4E700BF2DE9F84FFE
:109724008A4680469146002940D08F1ED8F83034AE
:10973400BB4241D907F007030125C7F3C80B9D407D
:109744003E463C46D8F82C140022404601EB143126
:1097540004F03CFDE8B10BF1FF3C844400F2FF103F
:109764001CF8011F0AE04A452AD0A74210D0D8F8B5
:109774003024A24214D913F0FF050CD0013429423D
:109784004FEA4503A4EB0602EDD0A7422646EED1EC
:109794000120BDE8F88F84454FF00105E0D101E0D8
:1097A4000026344601254FF0000BCBE7D0F8207497
:1097B400D8F83034BB42BDD800270125BB46BFE7EB
:1097C400BAF1000F04D1B9F1010F08BFC8F8206441
:1097D400B01CBDE8F88F00BF2DE9F04114468A1E85
:1097E400D0F8305482B01119A9423BD8D0F8206483
:1097F400002B3BD1B24238BFC0F8202402F007014D
:109804001D4601230646C2F3C8078B40D0F82C142A
:1098140001EB1231012230460193009104F0D6FC91
:1098240000B3009900EB070E00F50078019B0131AD
:109834009EF800C05A001CEA030F8CEA030C14BF04
:1098440001200020A8420DD0013C8EF800C017D0A2
:1098540012F0FF03ECD10EF1010E1F460123F04577
:10986400E6D1D7E7002002B0BDE8F081B242C5D806
:10987400B142C3D9A94228BF0021C0F82014BDE7D2
:10988400012002B0BDE8F08138B50C460B6890F8B1
:1098940045C400F50470D0F82812023B656803FA49
:1098A4000CF3294003EB5123D0F81C12194404F0A3
:1098B4008DFC18B16368C3F30803184438BD00BFB6
:1098C400D0F8303401338B4202D24FF0FF3070476E
:1098D4000B46D0F8241400F5047001EBD31110B535
:1098E40082B014460022019304F070FC50B1019B35
:1098F4009900C1F3080143585A1C07D00120236082
:1099040002B010BD4FF0FF3002B010BD0020F7E7E9
:109914004B6870B5D0F838441C4013444B60144471
:1099240090F845340933DBB2DC4012D006460D46CC
:10993400013C02E02A60013C0BD329682B7A4A1CC3
:10994400002BF7D12A463046FFF7BAFF0128F2D0A0
:1099540070BD012070BD00BF012904D9D0F8303496
:1099640001338B4201D2002070470B46D0F82414F7
:1099740000F5047001EBD31110B582B01446012236
:10998400019304F023FC024638B1019B01209900A5
:10999400C1F30801545002B010BD002002B010BD44
:1099A4002DE9F04F05460C4683B04FF00008D5F87A
:1099B40030340F4601339C423DD8D5F8241400229C
:1099C40005F504704FEAD41B01EBD41104F0FEFB3F
:1099D40088B3A300C3F30803C258511C2FD0012C31
:1099E40029D916464FF0010AD5F8302401329442A1
:1099F40021D8D5F82414012205F5047001935944A3
:109A040004F0E4FBB8B1019B40F80380BAF1000F05
:109A14001AD0631CB34208D0E21B002339462846FF
:109A24000132FFF7D9FE30B13746D5F83034344629
:109A340001339C42C1D9002003B0BDE8F08F012C52
:109A4400F9D94FF0000ACFE7E21B534639462846BE
:109A54000132FFF7C1FE0028EDD003B0BDE8F08F5E
:109A640070B50446154600204FF0FF3282B0C4F8AA
:109A7400401484F844046160C4F81412207084F81B
:109A84001002A260C4F81822F5B1042D02D90020F6
:109A940002B070BD0246014604F5047004F5047674
:109AA40004F094FB0028F2D06FF0704300F5DF70EF
:109AB400EB18190100EB03131A79002AE7D0425C72
:109AC4005206E4D19B6801E004F5047600221946AD
:109AD4003046019304F07AFB05460028D7D00522CE
:109AE4001A4903300AF0CEF80028D0D195F86C203A
:109AF400019B092ACBD12A6D01461A44C4F82424B7
:109B04006A6DC4F82824AA6D1A44C4F82C240122CE
:109B1400EB6DC4F830342B6EC4F8343495F86D50C2
:109B2400C4F8200405F1090384F8455402FA03F348
:109B3400581EC4F83C34C4F838042046FFF7EEFD40
:109B44004023012084F84434A2E700BFB823002056
:109B5400F8B5D0F830340546D0F8344401339C428B
:109B640007D9002695F845040930C0B206FA00F07A
:109B7400F8BD002600F50477D5F8241400223846F1
:109B8400013601EBD41104F021FBA4000028E8D035
:109B9400C4F308040459631CE4D0D5F83034013309
:109BA400A342DED3E8E700BF30B500F589648FB087
:109BB40000230A46684621460C93FFF757F8864669
:109BC400C8B19DF8313013F0500317D06D46A44648
:109BD4002C460CF1100C10350FCC4CF8043C0CAB9B
:109BE4004CF8100C9C424CF80C1C4CF8082CEFD18F
:109BF4002868CCF8000070460FB030BD9E46704611
:109C04000FB030BD024630B552F8101F83B0044681
:109C14008068019101F022FE60B10199A37859B1E5
:109C2400013103F0BF0225698D4218BF134663F06A
:109C34007F03A37003B030BD43F04003F7E700BFD8
:109C4400F8B5047814F0400404D11A4B054642696F
:109C54009A4202D300263046F8BDFFF7D3FF0646EA
:109C64000028F7D0A86803798279CBB12F694369BA
:109C7400023F97401F4407E009F09CFF0134A868A5
:109C8400E3B202799A420AD905223919243004F040
:109C94009DFA4FF4007200210028EDD1DAE78279B1
:109CA4004FF4007369693046934011FA83F36B6192
:109CB400F8BD00BF00FE1F0010B5044680680A46C8
:109CC4002430A16904F082FA20B1A38803F00F03C1
:109CD40000EB431010BD00BFCA68034610B50C4624
:109CE40082B022B90178A1B1002002B010BD2322B4
:109CF40000210130019309F05DFF019B1021012235
:109D040019709A70D4E9021299601A62012002B0A3
:109D140010BD2422A468019009F04CFF019B9C60B3
:109D2400E279102A06D0202ADED18021012219707E
:109D34009A70EBE74021F9E790F800C0BCF1000FFE
:109D440001D00020704710B582B00C462422614631
:109D5400019009F02FFF019B9C60E279102A0AD040
:109D6400202A06D180210122197010469A7002B06F
:109D740010BD0020FBE74021F5E700BF2DE9F04FBF
:109D8400837883B00446DE0740F1968091460278DA
:109D94000F46150700F19980500608D5A368198964
:109DA4006369C3EB41139BB2994528BF9946B9F146
:109DB400000F7DD0636912F040004D464FF000085B
:109DC400A668C3F3080B3FD0326A02EB5321BBF100
:109DD400000F57D1B5F5007F54D3F36A8B4251D0AD
:109DE400B5F5806FC0F0A28022784FEA552B520659
:109DF40005D43279A2EB0802934528BF93468B42DF
:109E04000BD30BEB0102934207D206F1240001911C
:109E140004F0B2F9019900284ED0B06A5B463A4684
:109E240006687669B047002846D04FEA4B26636936
:109E3400AD1B334463613BD022783744C3F3080B32
:109E4400A66812F04000BFD196F8058008EA5328AE
:109E5400BBF1000F40D1B8F1000F3DD1002B43D12D
:109E640011064FF000084CBF336A236AB5F5007F32
:109E74002361A3F10203B179726903FA01F303EBDD
:109E84000201AAD2002206F1240004F09FF998B13D
:109E9400CBF5007600EB0B013846AE4228BF2E46C8
:109EA400324607F045F86369AD1B33446361C3D19F
:109EB400484603B0BDE8F08F63784FF0FF3043F0BD
:109EC4000203637003B0BDE8F08FC36941695B1A94
:109ED400994528BF99466AE72169B27973690239BD
:109EE40043449140194472E7120721690CD5A378C1
:109EF4005B0609D54B1C013980462361B37972692D
:109F040001FA03F3991865E704F11002304601F0F1
:109F14002BFC0028D0DB13D0A6684FF0000823697F
:109F2400B279023B93407269991853E7B06A3A4692
:109F340003681B6998470028BED04FF4007676E783
:109F4400237813F0D00FB7D0A9EB05094846B0E742
:109F540070B582B0012204460DF10701D0E9046511
:109F6400FFF70CFF01280CBF9DF807004FF0FF30EE
:109F7400C4E9046502B070BD436913F4F07F10B501
:109F8400044684B00BD0012909D103F120024261B7
:109F9400A06803F4F0733430184404B010BD0122F7
:109FA4000DF10F0120460193FFF7E8FE019B40B23B
:109FB400012803D162691F326261E9E70020ECE7FE
:109FC4002DE9F0410269044603781746002B38D086
:109FD4000E464169B1423ED0002E36D0180729D52D
:109FE400E269B2422DD3D4F808C0751EA2789CF859
:109FF400060012F0400F00F10900C0B225FA00F586
:10A004002CD14A1EC24009B195422BD21B064CBF2B
:10A01400DCF82030236A236106E02169013DA06851
:10A0240001F0A2FB00280CDD04F11002002DF4D194
:10A03400A2780CE05A06D6D5A3681B89B6EB431F59
:10A04400F6D900202761BDE8F0818278066122F00C
:10A0540020026661A2700120BDE8F081236A2B44CE
:10A064002361F4E7AD1ADFE7F0B50E4683B0154679
:10A0740000212422044601939DF8207009F09AFDE2
:10A08400B068326AA58005F00F05C4E9020200F148
:10A09400340202EB4512D17A0B072DD401F03701BB
:10A0A400019B2170D57A15F0180F02D141F00801F7
:10A0B400217003F00301E770012923D002293BD06A
:10A0C400D1B95F0518D403F0080141F00101A17072
:10A0D400C16A908AA161518B41EA00412162D2692F
:10A0E400E2615B0402D4012003B0F0BDE1692046C3
:10A0F400FFF766FF0028F6D1002318462370A370EB
:10A1040003B0F0BD02252178CF06F5D4CE07F3D4F1
:10A1140041F02001217003F008010D43A570C16ACC
:10A12400968AA161518B41EA06415E05D6D529B9CB
:10A1340065F07F05A570D4E70325E4E7019301F0FA
:10A14400CDFB0028D8D0A578019BF1E70378ABBB01
:10A154000B7813F0D00F31D02DE9F0434D6985B061
:10A1640015F01F062FD191460C4680463746012232
:10A174000DF10F012046FFF701FE40B2012822D164
:10A18400626905F4F07CA3681F323433626103EB27
:10A194000C0E13F80C30B3B12E2B11D0A3F1E50043
:10A1A400B0FA80F0400958B99EF80B1011F0080C71
:10A1B40016D00F290BD006461546D8E70020704765
:10A1C40000261546D3E7002005B0BDE8F083590604
:10A1D400F2D503F01F069EF80D3015461F46C6E75C
:10A1E40086B10EF1FF320EF10A0E4FEACC1312F8CB
:10A1F400011F03EB5C0372450B445FFA83FCF4D14B
:10A204006745E0D14B46C5F34F12214640460096C0
:10A21400FFF72AFFD8E700BF0378002B60D030B5E2
:10A2240090F9023085B00446002B0EDBA36803F1DD
:10A2340024001D4603F0A0FF002842D163780020CB
:10A2440043F00103637005B030BD80680122A16949
:10A25400243003F0BBFF0028F0D0A38803F00F03E1
:10A264005A0100EB4313825CE52AE7D0227802F01E
:10A274003702DA722278120701D5E269DA61226ABA
:10A284001848110C5A830568998275B10DF10B02B7
:10A294000DF10E0103A80193A847019BBDF80C2002
:10A2A400BDF80E101A835A82D982A37803F07F0373
:10A2B400A370A36803F124001D4603F05DFF00288A
:10A2C400BCD005F50D7003F057FF0028B6D0286800
:10A2D4000368DB6998470028B0D0012005B030BD81
:10A2E4000120704768B4002010B50446FFF794FFBE
:10A2F40000232370A37010BD2DE9F041002494B015
:10A304000E46017801920B94002935D1317811F071
:10A31400D00F31D098461378044615462F2B2DD0F4
:10A3240000271CE0019D2D78002D3ED000F08AFC12
:10A33400A6460DF12C0CF8B10BAEBEE80F00ACE84C
:10A344000F00BEE80F00DEF80050ACE80F00204616
:10A35400CCF80050FFF760FF019D2770A7702946D5
:10A3640001AB03AA204600F0B3FD0546002303AA6F
:10A3740031462046002DD5D100201AE00135019543
:10A3840029782F29FAD0B6682422A9B9204609F0E1
:10A3940011FCA660F379102B22D0202BECD1802263
:10A3A400012322701846A37003E0434603AA00F079
:10A3B40049FC14B0BDE8F08100210BA809F0FAFBB8
:10A3C4000D96F379102B09D0202BD5D180238DF84D
:10A3D4002C3001230BAE8DF82E30A1E74023F6E795
:10A3E4004022DDE719B101F24441FFF785BF084679
:10A3F400704700BF91F800C01CF0D00F01D10020BD
:10A404007047F0B540F6022389B004460F4600F0C9
:10A4140019FC38B1012210232046A2702370FFF7E3
:10A424000FFC10B9002009B0F0BD22692378226224
:10A4340043B1636933B1A378002223F02003C4E954
:10A444000422A3702046FFF7E7FE0028EAD0A068A4
:10A454000122A169243003F0B9FE0028E2D0B4F847
:10A4640004C01022EE460CF00F0C4FEA4C1300EB24
:10A474004C1C8CF80B20C058236ADCF80410DCF860
:10A4840008209D1EDCF80C30AEE80F00A368DCF851
:10A4940010009B79DCF81410DCF818209D40DCF8DF
:10A4A4001C30AEE80F004FF020330122CDF801300C
:10A4B400CDF80530ADF80930A368596903F12400DB
:10A4C400294403F083FE84460028ABD04FF02E06C7
:10A4D4006D46EE468DF800600FCDCCF80000CCF848
:10A4E4000410CCF80820CCF80C308DF801600FCDA6
:10A4F400CCF81000CCF81410CCF81820CCF81C3090
:10A504003B6A1A0CADF81A30ADF81420BEE80F00FF
:10A51400CCF82000CCF82410CCF82820CCF82C302F
:10A52400BEE80F00CCF83000CCF83410CCF838205A
:10A53400CCF83C30A46804F1240003F01DFE00288C
:10A544003FF470AF04F50D7003F016FE00283FF4DD
:10A5540069AF20680368DB6909B0BDE8F0401847BB
:10A564002DE9F041002494B00D46017801920B943A
:10A5740000293FD1297811F0D00F3BD098461378A9
:10A58400044616462F2B37D0002726E0019E367846
:10A59400002E4AD000F056FB034603AA2946204663
:10A5A4002BB9B8F1000F25D0FFF724FF10B3A6464E
:10A5B4000DF12C0CBEE80F00ACE80F00BEE80F0054
:10A5C400DEF80050ACE80F002046CCF80050FFF74E
:10A5D40023FE0BAD019E2770A770314601AB03AA81
:10A5E400204600F075FC0646002303AA29462046AF
:10A5F400002ECBD100201BE00136019633782F2B9F
:10A60400FAD0AD68242200210BA809F0D3FA0D95E5
:10A61400EB79102B0FD0202BECD180238DF82C302C
:10A6240001230BAD8DF82E30AEE703AAFFF7E2FE4F
:10A6340014B0BDE8F0814023F0E700BF2DE9F047F6
:10A64400837804469D0740F1A58017461A070E46F5
:10A6540000F1D0806269D31980F09C80002F77D0FC
:10A664003D46A068C2F30809216990F8058018EAFC
:10A67400522838D1B9F1000F35D1002974D0A3780C
:10A684005B0677D5E369934274D9013121610239BC
:10A694008279436991401944B5F5007F43D3B5F5F8
:10A6A400806FC36A7DD30279A2EB08086A0A9045D9
:10A6B40028BF9046994240F29180806A43463246D0
:10A6C400D0F800C0DCF82490C847002862D0A5EB7D
:10A6D40048254FEA48286169464408EB0102626153
:10A6E400002DBED134E00239827943699140194486
:10A6F4004144B9F1000FCFD00122243003F066FDAC
:10A70400002847D0C9F5007848443146A84528BFF9
:10A71400A846C144424606F00BFCB9F5007F33D08D
:10A72400A5EB0805D7E76269E3699A4220D2A378CA
:10A7340013F0200F14BF05220122243003F046FD3C
:10A7440040B32A46314606F0F3FB62692A4462614B
:10A75400E36993425BD3314B1B681BB1A37863F06D
:10A764007F03A37038461AE0216A71B321618EE732
:10A774000522E2E704F1100200F0F6FF002809DBED
:10A784003FD0A068216982E7A068243003F0F4FC7C
:10A794000028C5D16378002043F001036370BDE84D
:10A7A400F087994205D1002380F824304FF0FF331D
:10A7B400C362806A324603681B6A98470028E9D05E
:10A7C400A5F500754FF4007885E72046FFF71AFADF
:10A7D4000028DFD02169A068216258E708EB010254
:10A7E4009A427FF66AAF002380F824304FF0FF339B
:10A7F400C36262E7C169FFF7E3FB00287FF42AAF75
:10A80400C8E72046FFF7FEF90028BAD1C2E7A378CB
:10A814003846E26163F07F03A370C0E768B40020A8
:10A824002DE9F04706468AB09146054688461F46FC
:10A8340001AC0FCE0FC40FCE0FC433682360D9F818
:10A844000030C9F80430002F3CD0BA460127A8EBE9
:10A85400070101A889B24901FFF7B2FBA0B30021A7
:10A8640001A8FFF789FB064670B30024E2B2314623
:10A874002846013400F090FE5FFA80FCD9E90132E9
:10A88400ACF161019A4203F1010EACF120021FD038
:10A894007F28D2B218D8C9F804E0192998BF944681
:10A8A40093F800E0AEF12003AEF16102DBB2192AA5
:10A8B40098BF9E46E64507D10D2CD7D10137FFB28C
:10A8C400BA45C4D2012000E000200AB0BDE8F087F8
:10A8D400B0FA80F040090AB0BDE8F0872DE9F047EE
:10A8E40080468AB014460F461E460DF1040902F153
:10A8F400110C02F11C0E0025B8E80F00A9E80F00A6
:10A90400B8E80F00A9E80F00D8F80030C9F8003003
:10A91400EB011CF8012F03EB5503F4451344DDB29E
:10A92400F6D123686360002E65D04FF0010A4FF022
:10A9340000094FF00F08A7EB0A0101A889B24901E9
:10A94400FFF73EFB002857D0002101A8FFF714FBB6
:10A95400002851D0039A564500F1010E92F8243094
:10A9640043F0010382F824304FF000030CBF46F09B
:10A97400400252469C46A0F80B8002704573A268C0
:10A984004383606890420CD0431C63600378BCF13D
:10A99400040F12D860680CF1010C2EF8023B9042AF
:10A9A400F2D1B9F1000F1CD009F10109BCF1040F77
:10A9B4004FF6FF735FFA89F9ECD9BCF10A0F06D898
:10A9C400AEF803300CF1010C0EF1020ED9E7BCF124
:10A9D4000C0FAEF8053008D00EF1020E4FF00C0C3F
:10A9E400CFE74B464FF00109D1E70AF1010A5FFABC
:10A9F4008AFA56459FD201200AB0BDE8F08700BF0D
:10AA040002464FF0203152F8123B2DE9F04FC0F8C6
:10AA1400121084685160C2F807101D782E2D03D1DE
:10AA240013F8012F2E2AFBD0611E99420BD90A4636
:10AA340002E0934200F0868092F800C01146013A89
:10AA4400BCF12E0FF5D19C4279D94FF0000AB5F133
:10AA54002E0C4FF007074FF0080818BF4FF0010CF9
:10AA6400D646D34607E001330A274FF0080E4FF0CD
:10AA740010089C4253D91A782E2A08BF8B420CBF67
:10AA840001260026EFD0222A37D07C2A35D0A2F125
:10AA94005B09B9F1020F30D9A2F12A09B9F1050F06
:10AAA4008CBF002501252D2A08BF00252DBBA2F14E
:10AAB4003A09B9F1050F20D9A2F12109B9F15D0FC5
:10AAC40051D8774543D28B4294BF4FF0000C4FF0DE
:10AAD400010C0A2F08BF4CF0010CBCF1000F33D05D
:10AAE400837C202B2BD0037C012143F27E12034470
:10AAF40041745A820120BDE8F08F7745E3D35F2289
:10AB04000EF1010C864401338EF812205FFA8CF2A8
:10AB1400B446062A964698BF02749C42ABD8837CFE
:10AB2400202B0CD0BCF1000FDDD00BEA0A03DBB202
:10AB3400002B18BF4FF0020A80F811A0DAE70020BA
:10AB4400BDE8F08F19467EE70B46072791E7A2F18F
:10AB54006106192E0ED8203A4AEA08056646D2B292
:10AB64005FFA85FACCE702F0C002802AC5D101332E
:10AB7400AC467EE7A2F14106192E664698BF4BEA21
:10AB8400080BBDE72DE9F04F01F1160983B0044627
:10AB94006225CDF8049001F1170A0F7C4FF07E086E
:10ABA40001F112064FF000098B46254B032F1B6859
:10ABB40028BF03274B440AEB07011FFA83F9019BC3
:10ABC40003EB070CACF1030C09F00F034FEA19195E
:10ABD400092B03F1370298BF03F1300201F8012D6C
:10ABE4008C45F1D10BEB07030021204683F812803A
:10ABF400FFF7E6F901212046FFF7BEF903460B22D1
:10AC0400304619468BB193F800C0BCF1000F13D045
:10AC1400DB7A1B07EED408F0F9FE0028EAD1013DE7
:10AC240015F0FF05C1D1284603E06078B0FA80F042
:10AC3400400903B0BDE8F08F012003B0BDE8F08FF8
:10AC4400ECC400202DE9F04F0C788DB014F0D00F37
:10AC540055D00478002C52D18C689A4D0894D4684D
:10AC64000C34A5FB0454C4F38705547CA407059550
:10AC740000F0E38005F101085FFA88F80E464FF012
:10AC8400000B14460990002130460793DA460492DB
:10AC94005F46FFF795F9D94604F112035C46CDF8F7
:10ACA40018B00393756900213046FFF765F9C5F3C1
:10ACB4004F15034600B30278E52A24D01AB344455D
:10ACC40038BF00242E2A32D0C17A0F2933D011F094
:10ACD40008012CD1002F40F0D4800B22039908F0F6
:10ACE40095FE0028DED1049B5B7C13F0010300F089
:10ACF400E08001230693D5E77378002B36D000203B
:10AD04000DB0BDE8F08F631C002C08BFA946DBB270
:10AD1400444538BF1C464AB30027C3E70AF1FF3A4B
:10AD24005FFA8AFA524502D1437B5B4510D0B2FAEE
:10AD340082F77F09B6E7002FF0D102F01F0A0599C8
:10AD44005145AFD112F04007ACD090F80DB00F468A
:10AD5400BAF1010FA6D1691C3B46049A304689B268
:10AD6400FFF75EFD002808BF00279BE7079B9A05B5
:10AD7400C5D503F00303013B012BC0D8002C5FD1E0
:10AD8400A946B8F1000F61D1069B2BB10499304656
:10AD9400FFF7F8FE0028B2D008F1FF38049A3046D5
:10ADA4005FFA88F303EB09051F46ADB22946FFF7A6
:10ADB40095FD0028A3D069013046FFF701F900286A
:10ADC4009DD000213046FFF7D7F80446002896D0DE
:10ADD4002022002108F0EEFE0499D1F81220D1F8C7
:10ADE4001630226063600B7F4A8BA37222814B7CF6
:10ADF40003F018032373344B1B68002B5BD00DF155
:10AE04002B020DF12E010BA89847BDF82C3023829C
:10AE1400BDF82E30E3819DF82B306373089A92F8C5
:10AE2400243043F0010382F82430079B2A4631463C
:10AE340009980097FFF718F962E74FF001081DE73A
:10AE4400444503D30DE0DCB2A0450AD900213046C5
:10AE5400FFF792F8631C0028F5D17378002B7FF478
:10AE64004EAF444590D2089D05E02B7904EB0314C2
:10AE7400A4B2444588D23046FEF7E2FE0028F4D15D
:10AE84003DE7BAF1010F7FF43AAF013803F10A024A
:10AE9400CB0103EB510310F8011F0B449042D9B2CC
:10AEA400F6D18B457FF42BAF079B19053FF527AFF0
:10AEB400BBE71F46F8E745F621432383034B236191
:10AEC400ACE700BF4FECC44E68B40020215C215CA9
:10AED40010B51C460B460978202903D113F8011F2D
:10AEE4002029FBD000201360D0601978A1B12F294C
:10AEF40012D0DFF870E011F0800F0DD11F290BD9AB
:10AF0400A1F1220C5FFA8CFCBCF11D0F06D82EFABD
:10AF14000CFC1CF0010F06D0002010BD01F0DF0C6A
:10AF2400BCF15C0FF8D02E2903F1010300F10100FC
:10AF340003D0202918BFC2E90230197809B12F299A
:10AF4400D9D1D0680138FE2804D9E5E713F8011FE8
:10AF54002029FBD02F29F9D023601046BDE81040EA
:10AF6400FFF74EBD0121003570B500228AB0837809
:10AF740001929A0724D5016A054619B1806800F048
:10AF8400ADFCE8B101212846FEF796FEC0B1421E91
:10AF940000F10A0C0024E30112F8011F03EB54032F
:10AFA40062450B44DCB2F6D16FF01A020023027042
:10AFB400AE682B7006F12400AB7003F0DDF810B915
:10AFC40000200AB070BD06F50D7003F0D5F8002816
:10AFD400F6D030680368DB6998470028F0D0EB7836
:10AFE400002BEED0294601A8FEF776FE0028E7D014
:10AFF400EB78002BE4D0012622E001A8FEF7BCFF89
:10B00400F1B201360028DBD0C37A0F2BD8D10278F5
:10B014005FFA86FC02F01F039942D1D1437BA3421D
:10B02400CED16FF01A030370A96891F8243043F06D
:10B03400010381F8243053060DD4EB786345BFD364
:10B04400A98801A8891B89B24901FEF7B9FF00212B
:10B054000028D2D1B4E7AC6804F1240003F08CF8E2
:10B064000028ADD004F50D7003F086F80028A7D0B1
:10B0740020680368DB699847A3E700BF2DE9F04126
:10B0840005468846174600214FF40072406A08F0CE
:10B0940091FD286A00284ED003680C2227495B687A
:10B0A4009847012F1DD901247E090FE0B4FBF6F364
:10B0B40006FB13433BB92B6A01222149184613B1FD
:10B0C4001B685B6898470134A7420AD9E869E968B4
:10B0D40003686A6A21441B6A98470028E6D1BDE8E0
:10B0E400F081286A20B10368022216495B689847F8
:10B0F400B8F1100F4FF0F8016A6A4FF0010314BF62
:10B104000C2004201170FF216A6AD1540133984243
:10B11400FAD1E8696A6A0368E9681B6A98470028F3
:10B12400DDD0E8696A6AD5E90231BDE8F041194425
:10B1340003681B6A1847012FB5D8D9E7C02300203C
:10B1440068210020D0230020436A4FF400720021BC
:10B1540010B50446184608F02DFD034647F2EB608F
:10B164004FF020314FF4007218809020C3F8031080
:10B17400C3F8071002219870A3F80B20F82294F862
:10B184002B005873208D19744AF655215A7522697B
:10B19400D881DA61A269A3F8FE111A6210BD00BF5A
:10B1A40070B504464FF400720021406A08F002FDB5
:10B1B400656A2269216805F2BF1003F03FF8A369AC
:10B1C400226905F2C31021681A44013A03F036F8E3
:10B1D40094F82A204AF6552385F8C2212269E069A9
:10B1E400C5F8C621626AA169A5F8FE310368C5F8ED
:10B1F400CA1100211B6ABDE87040184770B5466942
:10B204004FF4807390F82BE00446A6F58072456AEB
:10B214004360B2FBFEF202F20110000AA06040009B
:10B2240000F1A10C9C450DD98033F21AB2FBFEF259
:10B2340002F20111090A480000F1A10C6345F3D39D
:10B24400C4E90131A3EB0C03A2F6F57103F1800606
:10B25400B1F5704F266145D22130813302FB0E00D7
:10B26400E360B0F5803FA06120462CBF0623042391
:10B2740084F82A3001232385FFF792FF08B90020C0
:10B2840070BD2046FFF760FFA16829224FF02033EC
:10B294008020E98285F8262036221749C5F82F3008
:10B2A400C5F82B30C5F8323085F83A204FF40072D7
:10B2B40085F82400C5F83610104BE069C5F827302E
:10B2C4000368A5F811202169626A1B6A984700285F
:10B2D400D5D062682046E3681021D21ABDE87040D8
:10B2E400FFF7CCBE206A0028C9D0036813220449A2
:10B2F4005B689847002070BD4641543187D61200E0
:10B30400D4230020F8B5D0F814E04FF4005390F89B
:10B314002BC04FF48042AEF58041036142F209062E
:10B324000446456A4260B1FBFCF101F18103DB098B
:10B33400836006EB4300904240F2AD8002F5005278
:10B34400AEEB0201B1FBFCF101F18103DB0906EB79
:10B3540043005F008242F1D3C4E901234FF6F47342
:10B36400994240F28E8001FB0C2CA2F5005220463B
:10B37400D21B92B202F500532285484AE360ACF531
:10B38400005394458CBF4FF00C0C4FF00B0CA36191
:10B3940084F82AC0FFF704FF08B90020F8BD20464E
:10B3A400FFF7D2FEA16829224FF020338020696282
:10B3B40085F8422032223A49C5F84B30C5F8473067
:10B3C400C5F84E3085F85620022285F84000C5F8AD
:10B3D4005210344BE069EA622B63334A0368C5F8C0
:10B3E40043201B6A626A216998470028D5D0E06926
:10B3F400216903680631626A1B6A98470028CCD029
:10B404004FF400720021606A08F0D4FB274BE06916
:10B41400C5F8FC31036821691B6A0231626A9847E6
:10B424000028BAD0E069216903680831626A1B6A9E
:10B4340098470028B1D04FF0FF33E0691C4AC5E9B2
:10B444007A331C4B2A60C5F8E43103682169626AC7
:10B454001B6A0131984700289FD0E069216903687D
:10B46400626A07311B6A9847002896D0A268204672
:10B4740094F82B30202103EB4202BDE8F840FFF79B
:10B48400FDBD206A002888D0036813220A495B683E
:10B4940098470020F8BD5F0060E700BF0004FB0090
:10B4A400464154330100060087D61200000055AA15
:10B4B4005252614172724161D423002010B5D1F817
:10B4C40000C0044682B0C16162620846DCF81820FC
:10B4D4002362904700F2FF736061DB0A062B23604E
:10B4E4001DD9102B13D8022384F82B302046FFF7E4
:10B4F40085FE0346206AEBB130B104680D22019346
:10B5040022496468A047019B184602B010BD202B55
:10B5140019D9402B1BD8082384F82B30E6E7206A7E
:10B5240020B1036814221A495B689847002318461F
:10B5340002B010BD0028F9D003680F2215495B68DA
:10B5440098470023F3E7042384F82B30CEE7802BBD
:10B5540006D9B3F5806F07D8202384F82B30C5E7CC
:10B56400102384F82B30C1E7B3F5004F0AD84023E9
:10B57400B0F5800F84F82B30B8D32046FFF7C2FE15
:10B584000346B7E7802384F82B30F6E70024002035
:10B59400E823002010240020042A04D801EB4201EF
:10B5A400B1F8010070470A2A03D801EB42018888E8
:10B5B40070470C2A03D801EB4201C8887047002069
:10B5C400704700BFF0B5037883B00C467BB13F2BC6
:10B5D40007D9012A0BD94FF02F0301200B8003B0A8
:10B5E400F0BD00210192FEF767FB074620B9002356
:10B5F4001846237003B0F0BD4FF0000C0826019AE2
:10B604006346BCF1080F017820D0A1F1410E5FFA26
:10B614008EFEBEF1190F26D801F1200E3D7B5FFA94
:10B624008EFE2E4218BF714603F1010E9645DED2FE
:10B634000CF1010CE1545FFA8EF3BCF10C0F19D03C
:10B64400BCF1080F00F101000178DED1202911D0EE
:10B65400591C9142CBD24FF02E054FF0090C102605
:10B66400E554CBB2CDE72029DED10CF1010CBCF1BD
:10B674000C0FE5D118460023235403B0F0BD00BFDE
:10B684002DE9F04100248CB003780F460394002B7D
:10B6940049D0C3780546002B4CD0014603A8164672
:10B6A400FEF71AFB00283ED0EB78002B57D001237D
:10B6B40007F1FF380193A98803A8019BC91A89B22D
:10B6C4004901FEF77DFC70B3002103A8FEF754FC8A
:10B6D40048B3C37A0F2B26D103789DF8042003F0D6
:10B6E4001F0393421FD100F1010C08EB0401002356
:10B6F40010E0BCF8002001330CF1020C42B3013419
:10B70400DBB2B4420FD27F2A28BF3F220D2B01F8AF
:10B71400012F16D0042BECD90A2B94BFBCF80320BC
:10B72400BCF80520E7E700231C463B7020460CB01C
:10B73400BDE8F081FFF746FF044620460CB0BDE8A3
:10B74400F081019BEA7801330193DBB29A42B2D2D1
:10B754002744002320463B700CB0BDE8F0811C4612
:10B76400F7E700BFFFF78CBF01290FD9C3698B42EC
:10B774000CD3034630B51546C27983B0202A21D0B4
:10B78400102A06D04FF0FF3003B030BD4FF0FF3029
:10B79400704782690C46C1F3072100F50D700193CF
:10B7A4001144022202F012FD0028EBD06100019B3B
:10B7B40001F4FF71415ADA69914215D801202960D8
:10B7C40003B030BD0C468169022200F50D7001EB17
:10B7D400D411019302F0FAFC0028D3D0A100019BFC
:10B7E40001F4FE714158E6E70020CDE701290ED9A6
:10B7F400C3698B420BD30B4610B51446C27982B091
:10B80400202A19D0102A04D0002002B010BD002034
:10B8140070478269C1F3072100F50D70019311444B
:10B82400032202F0D3FC0028EED0019B590001F45E
:10B83400FF7144520120E8E78169032200F50D708D
:10B84400019301EBD31102F0C1FC0028DCD0019B71
:10B85400990001F4FE714450ECE700BF2DE9F0417A
:10B86400C46882B005460E468C42904627D20C46E8
:10B8740000270134EB6901AA2846A34205D23FBB45
:10B88400EC6801273C44A34222D3A64221461FD0A0
:10B89400FFF76AFF431C1BD00028EAD0019B002B52
:10B8A400E7D107B1EC606FF0704221462846FFF7FC
:10B8B4009DFF074660B126B9C8F8004009E001279A
:10B8C400D7E7314628462246FFF790FF0028F3D1F8
:10B8D4000027384602B0BDE8F08100BF70B50546C8
:10B8E40082B00C4609E0FFF781FF621E80B1EB686D
:10B8F400A342019C88BFEA605EB101AA21462846A2
:10B90400FFF732FF064600222146731C2846EAD17F
:10B91400002002B070BD00BF70B5044615464FF05C
:10B92400FF3282B000202160E262C4F83C2201228E
:10B93400E071A162C4F8381284F8240084F8340257
:10B94400E260F5B1042D02D9002002B070BD0246B8
:10B95400014604F1240004F1240602F037FC002817
:10B96400F2D06FF0704300F5DF70EB18190100EBB3
:10B9740003131A79002AE7D0425C5206E4D19B688B
:10B9840001E004F12406002219463046019302F036
:10B994001DFC0028D8D0027C022AD5D1B0F80B2097
:10B9A400B2F5007FD0D190F80DC0019B0CF1FF32AD
:10B9B400BCF1010F84F804C0627142D001210A462F
:10B9C40052004D1CD2B2944505D0E9B20929F7D1F1
:10B9D4000823A371B8E78C46A171C58A25610DB906
:10B9E400456A2561C289B0F811101A4421814901C0
:10B9F400A26102EB450201F2FF11226202EB512225
:10BA0400B0F81310626101B9016A9B1A0B4423FA5E
:10BA14000CF35A1CE26140F6F47293420CD94FF6CF
:10BA2400F47293420BD9C26A202322620120E3718B
:10BA34002563C4F8405288E70C23E37184E710239C
:10BA4400F4E700229446A271C7E700BF30B500F2C4
:10BA540044448BB000230A4601A821460193FEF713
:10BA64004BFC054698B19DF8043013F0D00311D077
:10BA74000DF1040EA446BEE80F00ACE80F00BEE8CA
:10BA84000F00ACE80F00DEF80030CCF80030284698
:10BA94000BB030BD1D4628460BB030BD0346806B4D
:10BAA40000B583B040B10193FEF71EFC019B002258
:10BAB400C3E90E2203B000BDD86B40B10193FCF77B
:10BAC4000BFD019B0022C3E90E2203B000BD01203F
:10BAD4000022C3E90E2203B000BD00BF002945D0F7
:10BAE400F0B50446806B83B01F4616460D46C8B1B8
:10BAF400FEF7FAFB0023D5F88024C4E90E33EAB13B
:10BB04002146242000F06EF80023324603603B46B1
:10BB1400D5F88014A063FEF765FC20BBA063002069
:10BB240003B0F0BDE06B0028E4D0FCF7D5FC0023A3
:10BB3400D5F88024C4E90E33002AE1D1D5F8843441
:10BB4400002BECD021463820019200F04BF8019AEA
:10BB54003B4602633246D5F88414E063FDF7FEF8F1
:10BB640008B9E063DBE7012003B0F0BD00207047B3
:10BB740070B50446806B82B00D46164648B3FEF796
:10BB8400B3FB0023A363AA6BE3637AB121462420A9
:10BB940000F028F8002332460360A063A96BFEF787
:10BBA400D5FA98B9A063002002B070BDEB6B002BEE
:10BBB400F9D021463820019200F014F8019A02636A
:10BBC4003246E063E96BFDF7D1F840B1012002B0E1
:10BBD40070BDE06B0028D4D0FCF77EFCD1E7E063B5
:10BBE400E1E700BF084670472DE9F8430025064603
:10BBF4000F460146C0F880544FF490609846914631
:10BC0400FFF7F0FF4FF0FF33C0F84454424683601F
:10BC14003946C0F818320446C0F87854089BC0E985
:10BC24000055C0E98455C6F88404FDF719FF0028BF
:10BC340035D105463146C6F884044FF48D60FFF7CC
:10BC4400D1FFC571C0F844544246089B39460446A6
:10BC5400C0E90955C0E98D554FF0FF35C562C0F8FC
:10BC64003C52C6F88004FFF757FE18B9C6F88004A2
:10BC7400BDE8F88304F24440FEF736FB214604F2A3
:10BC84004440FEF759F80028F0D0114B1A68AAB9BD
:10BC94001C60104BB9F1000F14D01E6015E004F5C0
:10BCA4008960FCF719FC214604F58960FCF71EFC49
:10BCB4000028BED0084B1A68002AE9D0054BB9F118
:10BCC400000FEAD11A68002AE7D00120BDE8F88302
:10BCD40084B4002080B400206CB400204FF0FF3006
:10BCE400704700BFC07D7047807E70470120704759
:10BCF400007D704701207047C07E7047704700BFC9
:10BD040000B583B01C21019005F0B0F9019803B08F
:10BD140000BD00BF427D82B1024600B552F8041B4B
:10BD240083B0C969009201908847009802F0D0F965
:10BD34000022019B5A7503B000BD7047F0B5204E38
:10BD440083B00746346804F5167403E03368E31AD5
:10BD54001B0410D4381D02F0BFF9FF28F6D101905E
:10BD6400FD21381D02F0D6F93A7ED2B90023012014
:10BD74007B7603B0F0BD1F223B7EFA7513B9002019
:10BD840003B0F0BD0121B87D02F06EF9FF21381D2A
:10BD940002F0C0F9381D02F073F9002300203B764D
:10BDA400EEE70121B87D02F05FF90199381D02F038
:10BDB400B1F9381D02F064F900233B76D6E700BFE1
:10BDC400ECC40020437E012B3BD030B5047E83B00D
:10BDD4004CB1043002F080F9B0F1FF0218BF012227
:10BDE400104603B030BD051D0090284602F03EF910
:10BDF400009B4FF001022146987D1A7602F034F937
:10BE0400FF21284602F086F9284602F065F9009BD6
:10BE1400B0F1FF02197E18BF01220029E0D0987DFD
:10BE24000121019202F020F9FF21284602F072F963
:10BE3400284602F025F9019A009B10461C7603B0AF
:10BE440030BD0022104670472DE9F8431F4F0446C9
:10BE5400884691463D6805F5967503E03B68EB1A04
:10BE64001B040ED4201D02F037F9FF28A076F5D06C
:10BE7400FE2819D01922237EE2753BB90020BDE8C3
:10BE8400F8831E22237EE275002BF7D00121A07DCA
:10BE940002F0EAF8FF21201D02F03CF9201D02F017
:10BEA400EFF800232376E9E74A464146201D02F0D5
:10BEB4001FF9A07638B9201D02F00EF9201D02F0FA
:10BEC4000BF90120DBE72622D5E700BFECC40020F4
:10BED40030B50025044683B00C212A46457600F08F
:10BEE40029F8227E90B912B9012003B030BD012196
:10BEF4000190A07D02F0B8F8FF21201D02F00AF99C
:10BF0400201D02F0BDF8019B2376EDE70923E375BC
:10BF140012B9002003B030BD0121A07D02F0A4F8C5
:10BF2400201DFF21019002F0F5F8019802F0A8F815
:10BF34002576EEE72DE9F041036882B00F463649D5
:10BF440001920646DA698A425CD1427E022A53D0C3
:10BF5400012A5BD0347E351D002C3FD097B10C2FC5
:10BF640010D0DFF8B880D8F8004004F5967404E0E7
:10BF7400D8F80030E31A190442D4284602F0ACF889
:10BF8400FF28F5D10DF1040802AC47F04001284622
:10BF940002F0C0F814F8011D284602F0BBF8A045D1
:10BFA400F8D1002F28464FF00A0414BF87219521A9
:10BFB40002F0B0F8284602F08FF8284602F08CF818
:10BFC400020604F1FF33B07602D402B0BDE8F0817A
:10BFD40013F0FF04F1D102B0BDE8F081284602F06D
:10BFE40045F801232146B07D337602F03DF8FF2168
:10BFF400284602F08FF8B1E7DB6E98470028A9D1F4
:10C00400FF20E2E790470028A4D1F9E7FFF760FF9B
:10C0140000289FD1F4E700BF15A70000ECC400205E
:10C0240070B5164682B00A4606210446FFF782FF21
:10C03400A8B10423E375237E1BB90023184602B07C
:10C0440070BD0121A07D02F00FF8FF21201D02F038
:10C0540061F8201D02F014F800232376EDE705466D
:10C06400402231462046FFF7EFFE03460028E2D087
:10C07400227E002AE2D001900121A07D01F0F4FF8C
:10C08400201DFF21009002F045F8009801F0F8FF10
:10C09400019B2576184602B070BD00BFF8B500229A
:10C0A4000D463A210646FFF745FFD8B92C1D371D2A
:10C0B400384602F011F804F8010DA542F8D1337E98
:10C0C4000BB90120F8BD0121B07D01F0CDFFFF21A6
:10C0D400384602F01FF8384601F0D2FF0023012051
:10C0E4003376EFE71222337EF2750BB90020F8BDE8
:10C0F4000121B07D01F0B8FFFF21301D02F00AF8E4
:10C10400301D01F0BDFF00233376EFE770B516460E
:10C1140082B000220446FFF70DFFA8B11C23E3758B
:10C12400237E1BB90023184602B070BD0121A07DF7
:10C1340001F09AFFFF21201D01F0ECFF201D01F00A
:10C144009FFF00232376EDE7054610223146204663
:10C15400FFF77AFE03460028E2D0227E002AE2D0CE
:10C1640001900121A07D01F07FFF201DFF2100909F
:10C1740001F0D0FF009801F083FF019B257618465B
:10C1840002B070BD0368224ADB6C934200B585B0EF
:10C194000DD16A460921FFF7B9FF30B19DF800308F
:10C1A4009B0907D0012B25D0002005B000BD6946AE
:10C1B4009847F2E79DF809309DF806209DF808009D
:10C1C4005B009DF80A1092029DF807C0800903F0F5
:10C1D400060302F4406240EA8C0043EAD1139DF85E
:10C1E4000510104301F00F0201301344073B98403F
:10C1F40005B000BD9DF80730BDF808001B0440BA27
:10C2040003F47C1380B218430130800205B000BDF2
:10C21400C5A4000003680A46DFF860C01B6E6345CE
:10C2240010B5044682B015D1C07E03284FF0120128
:10C23400204618BF5202FFF77DFE20B9012318469D
:10C24400637602B010BD0C22237EE27533B9002060
:10C2540002B010BD01919847019AE6E70121A07D43
:10C2640001F002FF201DFF21019001F053FF01980E
:10C2740001F006FF00232376E9E700BFA99C000034
:10C2840003680A46DFF860C01B6E634510B50446B8
:10C2940082B015D1C07E03284FF01901204618BF83
:10C2A4005202FFF747FE20B902230120637602B051
:10C2B40010BD0E22237EE27533B9002002B010BDFA
:10C2C40001919847019AE6E70121A07D01F0CCFE97
:10C2D400201DFF21019001F01DFF019801F0D0FE07
:10C2E40000232376E9E700BFA99C000003682DE939
:10C2F400F041DB6C1746404A84B004460E46934234
:10C3040046D16A460921FFF701FF0546DDB19DF8D4
:10C314000A305A061ED52368384A1B6E934264D1EC
:10C32400E07E032801D076027F0232462021204697
:10C33400FFF700FE28B93A4621212046FFF7FAFD0F
:10C3440050B32723E375237EA3B90025284604B000
:10C35400BDE8F0815B009DF80B2003F07E0343EA07
:10C36400D2137A1C32431342D5D02823E375237E9B
:10C37400002BEAD00121A07D01F076FEFF21201DD3
:10C3840001F0C8FE201D01F07BFE00232376DCE7CC
:10C39400694698470546B9E7024626212046FFF735
:10C3A400C9FD0028CDD1164B42F210771B681F44FB
:10C3B40004E0134B1B68FB1A1B0419D4201D01F065
:10C3C4008BFEFF280646F4D1237E002BBED001212C
:10C3D400A07D01F049FE3146201D01F09BFE201D89
:10C3E40001F04EFE00232376B0E72046984798E7F5
:10C3F4002923E375A7E700BFC5A40000A99C00009A
:10C40400ECC4002070B5044682B000220E463721E9
:10C41400FFF790FD002233212046FFF78BFDA8B1E2
:10C424001823E375237E1BB90023184602B070BDA0
:10C434000121A07D01F018FEFF21201D01F06AFEFC
:10C44400201D01F01DFE00232376EDE7054608229A
:10C4540031462046FFF7F8FC03460028E2D0227E4E
:10C46400002AE2D001900121A07D01F0FDFD201DF4
:10C47400FF21009001F04EFE009801F001FE019BA7
:10C484002576184602B070BDF0B5044683B000228C
:10C494000D463721FFF74EFD00220D212046FFF700
:10C4A40049FD38B11523E375237E1BBB00231846D1
:10C4B40003B0F0BD201D01F00FFE07460028F1D1A6
:10C4C400402229462046FFF7BFFC03460028EBD054
:10C4D400227E002AEBD001210190A07D01F0C4FD51
:10C4E400FF21201D01F016FE201D01F0C9FD019B56
:10C4F4002776DCE70121A07D01F0B6FD201DFF2198
:10C50400019001F007FE019801F0BAFD00232376A3
:10C51400CCE700BF70B5002282B00E460921044664
:10C52400FFF708FDA8B11C23E375237E1BB9002384
:10C53400184602B070BD0121A07D01F095FDFF21D8
:10C54400201D01F0E7FD201D01F09AFD0023237654
:10C55400EDE70546102231462046FFF775FC0346F9
:10C564000028E2D0227E002AE2D001900121A07DA1
:10C5740001F07AFD201DFF21009001F0CBFD009811
:10C5840001F07EFD019B2576184602B070BD00BF08
:10C5940070B5002282B00E460A210446FFF7CAFC99
:10C5A400A8B11C23E375237E1BB90023184602B0EF
:10C5B40070BD0121A07D01F057FDFF21201D01F078
:10C5C400A9FD201D01F05CFD00232376EDE705465F
:10C5D400102231462046FFF737FC03460028E2D0FC
:10C5E400227E002AE2D001900121A07D01F03CFDD1
:10C5F400201DFF21009001F08DFD009801F040FD09
:10C60400019B2576184602B070BD00BFF8B51F46E1
:10C61400437E06460D46012B144602D103698B4224
:10C6240005D029463046FFF7F5FD80B1356187B165
:10C63400002501E0AF420CD021464FF40072304691
:10C64400013504F50074FFF7FFFB0028F2D1002048
:10C65400F8BD3369347D3B4433610CB10120F8BD2E
:10C6640022460C2130467476FFF764FC337E05467F
:10C6740070B9002BF2D00121B07D01F0F5FCFF214F
:10C68400301D01F047FD301D01F0FAFC3576E5E779
:10C694000922F275002BDAD00121B07D01F0E4FC0F
:10C6A400FF21301D01F036FD301D01F0E9FC347628
:10C6B400CDE700BF0268034630B50D46284CD1696A
:10C6C40083B0A14211D1447E022C05D0012C10D09C
:10C6D40001201D7503B030BDD26E00909047009BC1
:10C6E4000028F5D1002003B030BD00908847009B9E
:10C6F400F6E74FF000020C21009042760022FFF78B
:10C7040019FC009B197EA0B90029E1D021460190B3
:10C71400987D009301F0A8FC009BFF211C1D20467E
:10C7240001F0F8FC204601F0ABFCDDE900321A769A
:10C73400CEE70920D8750029D4D02146987D01F090
:10C7440093FC009BFF211C1D204601F0E3FC2046C6
:10C7540001F096FC4FF00002009B1A76C2E700BF7E
:10C7640015A7000010B5447E82B0022C04D0012C21
:10C7740008D0012002B010BD0368DB6E02B0BDE832
:10C78400104018474FF000010022009041760C2120
:10C79400FFF7D0FB009B197EA0B90029E9D0214600
:10C7A4000190987D009301F05FFC009BFF211C1D0C
:10C7B400204601F0AFFC204601F062FCDDE90032C6
:10C7C4001A76D6E70920D87509B90020D2E72146A0
:10C7D400987D01F049FC009BFF211C1D204601F0BF
:10C7E40099FC204601F04CFC4FF00002009B1A76A5
:10C7F400EBE700BF30B5046883B02E4B64699C42FC
:10C8040020D1437E15460446012B02D10369994287
:10C8140007D020460091FFF7FDFC0099002847D07F
:10C8240021614FF4007229462046FFF70DFB0346B1
:10C8340000283DD02169227D0131216142B1184691
:10C8440003B030BD0123A44603B0BDE830406047C7
:10C854000C210190627620460092FFF76BFB217E4B
:10C864000546DDE9002388B90029E8D00121A07D2F
:10C87400019301F0F9FB201DFF21009001F04AFC17
:10C88400009801F0FDFB019B2576D8E70923E375A9
:10C8940071B10121A07D019201F0E6FB201DFF2171
:10C8A400009001F037FC009801F0EAFB019A22762F
:10C8B4000023C4E7BDA5000070B505461646043044
:10C8C40001F028FC4FF400723146281D01F02CFCC5
:10C8D400FF21281D01F01EFCFF21281D01F01AFC78
:10C8E400281D01F0F9FB00F01F03A876052B05D0E5
:10C8F40021222B7EEA751BB9002070BD012070BD7A
:10C904000121A87D01F0B0FBFF21281D01F002FCEC
:10C91400281D01F0B5FB002300202B76EDE700BFB6
:10C924002DE9F041164D074688462C6804F5167427
:10C9340003E02B68E31A1B040CD4381D01F0CCFB74
:10C94400FF28F6D14246FC213846FFF7B5FF18B15F
:10C95400BDE8F0812523FB753B7E13B90020BDE8BB
:10C96400F0810121B87D01F07FFBFF21381D01F02A
:10C97400D1FB381D01F084FB002300203B76EEE759
:10C98400ECC400202DE9F041057D82B0D0F800E030
:10C994003DB1DEF824400123A44602B0BDE8F041D5
:10C9A40060470B46164636490446DEF860208A4244
:10C9B40034D1C07E03284FF01801204618BF5B0213
:10C9C4001A46FFF7B7FA38B10D23E375237E4BBB44
:10C9D400284602B0BDE8F0813246FE212046FFF72A
:10C9E4006BFF80460028F1D0264B261D1B6803F5FB
:10C9F400167704E0234B1B68FB1A1B0424D430462F
:10CA040001F06AFBFF28F5D1009000220D21204699
:10CA1400FFF790FAD8B10A23E375D7E7009390475C
:10CA2400009BC7E7A07D012101F01EFB201DFF2113
:10CA3400009001F06FFB009801F022FB00232846D0
:10CA4400237602B0BDE8F0812423E375BEE73046C7
:10CA540001F042FB0028DED1217E09B94546B7E743
:10CA640001210190A07D454601F0FEFA009930466F
:10CA740001F050FB304601F003FB019A2276A7E750
:10CA8400A99C0000ECC400202DE9F04F9A46437E97
:10CA940081B00746022B0C46904652D03B68214693
:10CAA40038469B6E984700283AD03C61BAF1000F93
:10CAB40021D04FF00009DFF8A4B0274D3B685B6E2E
:10CAC4005B4528D12C6804F5167403E02B68E31A3F
:10CAD4001B0418D4381D01F0FFFAFF28F6D1424692
:10CAE400FC213846FFF7E8FE78B109F1010908F5A1
:10CAF4000078CA45E2D13B69387D53443B6120B399
:10CB040001B0BDE8F08F2523FB753B7E5BB90020A7
:10CB140001B0BDE8F08F4146384698470028E4D17B
:10CB24003B7E002BF3D00121B87D01F09DFAFF215B
:10CB3400381D01F0EFFA381D01F0A2FA00233B760C
:10CB4400E5E703698B42A9D1B0E73B683846DB6E61
:10CB540001B0BDE8F04F1847ECC40020D1A8000094
:10CB64000020704700207047002070470020704765
:10CB7400084B0021084A9963D3F830C00748C2F82B
:10CB840000C012681A639A6C22F081029A640170E0
:10CB9400704700BF00002C4064B4002014C600207D
:10CBA400034B586A80F08070C0F30060704700BF88
:10CBB40000002C40014B1878704700BF14C60020B9
:10CBC4002D4A2E4B526AD3F800312D49C2F3C222AA
:10CBD40003F03F03013230B52A4C4FF47A75A4FBBD
:10CBE400034305FB00F09B08B1FBF3FEBEFBF2FE22
:10CBF400B0EB1E1F3CD2082101231D465B001A0125
:10CC0400BEFBF2F2824201D90139F6D12D02BEFBFC
:10CC1400F3F2904228D259004FF0010C00E0591869
:10CC2400BEFBF1F282421CD90CF1010CBCF1100FD5
:10CC3400F5D14FF0F00C4FF47A73134A134803FB09
:10CC440001F1BEFBF1F10160D36A6FF3131343EA00
:10CC54000C032B4343F46023D362536A1B07FCD5B4
:10CC640030BD4FEA0C1CE6E719464FF0000CE2E732
:10CC7400724600250123CCE700C00F4000800D4020
:10CC840000EC695EABAAAAAA00002C40E4B3002021
:10CC9400704700BF014B1878704700BF4EA80020B2
:10CCA400014B1868704700BF64B40020DFF81CC053
:10CCB40000B58E46BCE80F00CEF800000120CEF887
:10CCC4000410CEF80820CEF80C3000BDF0B30020DC
:10CCD400DFF81CC000B58E46BCE80F00CEF800009B
:10CCE4000120CEF80410CEF80820CEF80C3000BD98
:10CCF40000B40020024B01201B680B60704700BF8A
:10CD040010B40020034B0A4603CB1060012051608D
:10CD1400704700BF18B4002030B50B4C8C4604F1AA
:10CD24004005A6460CF1100C1034BEE80F00AE45C9
:10CD34004CF8100C4CF80C1C4CF8082C4CF8043C27
:10CD4400EFD1012030BD00BF20B40020704700BFE8
:10CD540000B583B00C21019004F088F9019803B068
:10CD640000BD00BF064B187840B1064B1B7823B1B9
:10CD7400054B18780230C0B270470120704700BFDD
:10CD84000FC6002010C6002011C60020164A1378D2
:10CD94009B090ED0012B01D000207047D379108954
:10CDA4001B0440BA03F47C1380B2184301308002A0
:10CDB4007047537A107A92F807C05B009179800922
:10CDC40003F0060340EA8C0092F80AC08902527903
:10CDD40043EADC1301F4406102F00F0208431344F8
:10CDE4000130073B9840704700B40020F8B5124B5F
:10CDF400124C134D236003F0D5FD2B787BB106460E
:10CE0400104F03E005F000FB2B7843B103F0CAFD9B
:10CE1400801BB842F6D9002323600020F8BD0A4BDA
:10CE240000211A6821609207F7D51A68074B1A4245
:10CE34000CBF01200020F8BD65AB000060B40020E9
:10CE440014C6002040420F0064B4002000007F118B
:10CE54002DE9F843DFF8848098F8003013B90120F5
:10CE6400BDE8F88303F09EFD154D0746154C164E9C
:10CE740004E003F097FDC01BB04219D82B6B13EAF2
:10CE84000409F6D00022114B88F800202A6B1A609E
:10CE940019680F4A29631B681342E0D00D49202406
:10CEA4000D4B40F2AA2200200C701A60BDE8F883F2
:10CEB4002A6B064B88F800901A601B682B63EDE719
:10CEC40000002C4002007F1140420F0064B4002097
:10CED40000007F114EA80020E8B3002012C60020F5
:10CEE4002DE9F0418846FFF7B3FF00283FD0224BDD
:10CEF40004465A6AD1052AD51F4D204EAB6A43F425
:10CF04008033AB6203F04EFD074604E003F04AFDB4
:10CF1400C01BB04224D86B6A5A05F7D508F13C0C03
:10CF240008F50F7014494B6A5B05FCD5ACF140035E
:10CF340053F8042F63450A62FAD103F1400C844587
:10CF4400F1D10F4B012220461A70BDE8F0819A6A94
:10CF540022F480329A629A6A42F400329A62CBE7EF
:10CF640008492220084B40F2314208701A6000241C
:10CF74002046BDE8F08100BF00002C4040420F0075
:10CF840012C600204EA80020E8B300202DE9F0418D
:10CF9400074688461F4C03F005FD1F4D064604E076
:10CFA40003F000FD801BA84228D8636AD907F7D490
:10CFB400BB02C4F8088024D427F0FF07154C174D92
:10CFC400E76003F0EFFC144E074604E003F0EAFCCC
:10CFD400C01BB04212D8236B2B42F7D0226B104BEC
:10CFE4001A601A6822631A68D20707D51B6813F4FB
:10CFF400702F0CBF01200020BDE8F0810020BDE8A7
:10D00400F081A26CFBB222F0FF02A264A26C134373
:10D01400A364D1E700002C4040420F0001000F0040
:10D0240064B40020134B10B50C4684B01968FFF7A4
:10D03400ADFFE0B1104BA4461A6900925969019101
:10D0440099690291D96901230CF80E2F039123F0F9
:10D05400030203F0030101336A44C9000F2B126871
:10D0640022FA01F20CF8012DF1D10023E37304B08C
:10D0740010BD00BF14B4002000002C40184B1B78D6
:10D084001BB1184B1B68A3B11847174B1B783BB94E
:10D09400164B5B6A83F08073C3F3006318467047D2
:10D0A400124A134B126B1340B3FA83F35B0918460D
:10D0B4007047104B1B78002BF0D00F4A0F481168B3
:10D0C40000B583B00193FFF761FF019B28B1074BC3
:10D0D4001B6983F48073C3F30023184603B000BDB7
:10D0E40013C6002060B4002012C6002000002C40AB
:10D0F40002007F110FC6002014B4002000001A0D96
:10D1040008B5044B04481968FFF740FF08B1034B06
:10D11400186908BD14B4002000001A0D00002C404A
:10D1240008B5074B07481968FFF730FF30B1064BC5
:10D13400186980F48070C0F3002008BD012008BD88
:10D1440014B4002000001A0D00002C402DE9F8430F
:10D15400244B8946244D254C2B6003F023FCDFF837
:10D16400A8800746224E06E003F01CFCC01BB04218
:10D1740023D805F049F921681E48FFF707FF002866
:10D18400F2D0D8F81030DB05EED500234FF400724E
:10D194002B60D8F8283023F48033C8F82830164B95
:10D1A400C8F804201B78A3B149461448FFF7EEFEE3
:10D1B40068B90E224FF4926304E000210A2240F27F
:10D1C400844329600E4C00200E4922700B60BDE898
:10D1D400F8834FEA492909484946FFF7D7FE002852
:10D1E400F5D1E6E7D1B0000060B4002014B400200B
:10D1F40040420F0000001A0D11C6002020003A1909
:10D204004EA80020E8B3002000002C402DE9F8438C
:10D21400894690461D4C03F0C5FB1D4F06461D4D27
:10D2240004E003F0BFFB801BA84223D821681A48FE
:10D23400FFF7ACFE0028F4D03B69DB05F1D5174BB2
:10D244000122494616481A700022164B1A60164AE3
:10D25400164BC7F800807A60BB63FFF797FE68B986
:10D26400042240F22733124C0020124922700B6032
:10D27400BDE8F8830A224FF44873F4E7FFF7B6FDDC
:10D284000028F5D1262240F22A33ECE714B400201A
:10D2940000002C4040420F0000001A0D14C600206C
:10D2A40011003A0664B400204000010002007F111E
:10D2B4004EA80020E8B30020F8B5214C00212148F5
:10D2C400A36A23F48033A362FFF760FE48B90922FE
:10D2D40040F26D231C4800251C4902700B6028464F
:10D2E400F8BD1B4B05461B4A136003F05BFB636AE6
:10D2F4000646D80112D4184F04E005F085F8636A95
:10D30400D9010BD403F04EFB831BBB42F5D900219A
:10D3140010480A224FF41C730160DBE70022084B1B
:10D324000C490A605A6A9207D9D5586B9A6AD96A25
:10D3340022F4803241F08061D96258639A62CEE768
:10D3440000002C400000DB0C4EA80020E8B30020B5
:10D3540051AB000060B4002040420F0012F0030FF4
:10D3640000D143B92B4926202B4B40F223220870CD
:10D3740000201A6070472DE9F04114461F46274AE1
:10D384000E46274B8046136003F00CFB054607E06E
:10D3940003F008FB234B401B984229D805F034F8CE
:10D3A400214B22481968FFF7F1FD0028F0D0204BEB
:10D3B4001B69DB05ECD5002218491E4B01200A60CD
:10D3C4001D4903EA0743087043F400731B490A60CC
:10D3D40017491B4A0C604B601A4B8A631B7893B144
:10D3E40031464046FFF7D2FD78B90020BDE8F08110
:10D3F400084A0A210020084B084C117040F22622EA
:10D4040020601A60F1E77602EAE7BDE8F041FFF731
:10D41400EDBC00BF4EA80020E8B3002060B400209B
:10D42400D1B0000040420F0014B4002000001A0DD7
:10D4340000002C400000FF1F14C6002064B400202C
:10D4440002007F1111C60020F8B506461D480C469F
:10D45400154600781F4698B983B10F4401E0BC42D9
:10D464000CD033682A46214630461B69013405F541
:10D47400007598470028F2D10020F8BD0120F8BDBE
:10D48400900712D0002BF9D00F4401E0A742F5D049
:10D4940033682A46214630461B69013405F5007578
:10D4A40098470028F2D10020E7E70748FFF756FF26
:10D4B4000028E3D105490C20054B40F2DE32087008
:10D4C4001A60D9E713C6002037003A124EA800208C
:10D4D400E8B30020F8B506461D480C46154600780A
:10D4E4001F4698B983B10F4401E0BC420CD03368A5
:10D4F4002A46214630461B6A013405F500759847D3
:10D504000028F2D10020F8BD0120F8BD900712D008
:10D51400002BF9D00F4401E0A742F5D033682A4626
:10D52400214630461B6A013405F5007598470028EA
:10D53400F2D10020E7E70748FFF710FF0028E3D106
:10D5440005490E20054B40F2764208701A60D9E76F
:10D5540013C6002027003A194EA80020E8B3002083
:10D56400B84B01F0010100222DE9F04FB64F91B004
:10D57400B64C824619700521B54BB64EB64D0272B3
:10D5840022703A7032702A70D3F80021DFF8E482F6
:10D5940042F08002C3F80021D3F8002122F03F02B8
:10D5A400C3F80021D3F8002142F01802C3F8002187
:10D5B400D3F8002122F08002C3F8002103F51033D0
:10D5C400A64AD3F8800040F00C00C3F88000586AE3
:10D5D40020F460505862D86940F48030D861586AA9
:10D5E40040F400605862C2F8CC11C2F8D011C2F8FD
:10D5F400BC11C2F8C011C2F8C411C2F8C811D8F8DD
:10D604004810974B41F00041C8F84810D8F82C1046
:10D614000B43C8F82C30D8F82C3013F08079FAD1A9
:10D624004FF4C870FFF7CCFA8C4947F2B80341F2C3
:10D63400B800C1F8CC91C1F8D091C1F8BC91C1F83F
:10D64400C091C1F8C491C1F8C891C1F8BC33C1F804
:10D65400C033C1F8AC33C1F8B003C1F8B433C1F876
:10D66400B833804B8049C8F83430804BC3F8F81184
:10D674007F4B602183F86E104FF0E0234FF480411C
:10D68400C3F80C11D8F82C3043F00063C8F82C30E0
:10D69400784BD96A11F00061FBD10846FFF776FC9C
:10D6A40050B90121744B40F2BE2221701A6000254A
:10D6B400284611B0BDE8F08F4FF00309DFF8B481BC
:10D6C4004FF4D5716D48FFF761FC002845D1D8F8B7
:10D6D4002C3043F08073C8F82C30D8F82C30DB01A0
:10D6E400FBD4B9F10109EBD12B78002B43D14FF4D2
:10D6F400401903F057F9624D804600216148FFF755
:10D7040045FC30B917215C4B40F2D32221701A60DA
:10D71400CDE749465C48FFF739FC0028F2D003F016
:10D7240041F9A0EB0800534BA842EBD81A69002A30
:10D73400E3DA1969554A11601B695D0001D50123BB
:10D74400337000215248FFF721FCB8B902214A4B3B
:10D754004FF4377221701A60A9E7464B1B69B3F581
:10D76400D57F06D00621444B4FF4317221701A60E4
:10D774009DE701232B70DFF83891BAE70021454873
:10D78400FFF704FC30B903213B4B40F2DF22217048
:10D794001A608CE7DFF8DC80DFF81891D8F81030D5
:10D7A4003D496FF30F033D48C9F80030FFF73AFCD9
:10D7B40030B90721304B4FF4397221701A6076E783
:10D7C40037493848FFF72EFC30B908212A4B40F27C
:10D7D400E72221701A606AE7D9F800103248FFF78F
:10D7E400D5FB30B90521244B40F2EA2221701A609E
:10D7F4005DE7D9F800102348FFF7C8FB30B91421BE
:10D804001D4B40F2EE2221701A6050E70221274896
:10D81400FFF7BCFB0028F2D0D8F82830184D23F0CD
:10D824000603C8F82830D8F8283043F00203C8F8B3
:10D8340028304FF01013C8F8443003F0B3F806460C
:10D844003FE000BF13C600200FC600204EA80020F2
:10D8540000800D4011C6002010C6002000801F402B
:10D86400008000010B007F1121AB000000AC002000
:10D8740000E400E000002C40E8B3002000001A0897
:10D8840040420F0000001A370000022910B40020A3
:10D894000000090200001A0300B400200000090976
:10D8A400F0B300200000090A00001B0700001A065C
:10D8B4000000304014B4002003F074F8831BAB4222
:10D8C40026D8D9F800107248FFF760FB0028F3D07F
:10D8D400D8F81030D805EFD501236E4E6E4D0022D6
:10D8E40033706E4B2A60C8F800306D4B6D48C8F831
:10D8F40004306D4BC8F83830D9F80010FFF746FBF8
:10D9040068B91821694B40F2D71221701A60CEE62B
:10D914000A21664B4FF4E87221701A60C7E60021B1
:10D924006348FFF733FB0028EBD0FFF75FFA30B909
:10D9340026215E4B4FF4ED7221701A60B7E603F0B6
:10D9440031F8DFF88881834606E003F02BF8594A62
:10D95400A0EB0B03934224D8D9F800104C48FFF7EE
:10D9640015FB0028F1D0D8F81030D905EDD50123E6
:10D974004C4833700026504B2E60C8F800304F4B93
:10D98400C8F80430484BC8F83830D9F80010FFF70D
:10D99400FDFA68B91521454B40F2C51221701A6091
:10D9A40085E60A21414B4FF4DF7221701A607EE64E
:10D9B40031464348FFF7EAFA0028EBD0FFF716FA9E
:10D9C400054630B92621394B4FF4E47221701A60B0
:10D9D4006DE6324B1B781A0725D0DAF80030504632
:10D9E4006A466FF07F419B6A984700283FF45FAE18
:10D9F4009DF80D309B0716D5DAF800306A4650467C
:10DA040030499B6A984700283FF451AE9DF8103086
:10DA140003F00F03012B38D00421244B40F20D32C4
:10DA240021701A6043E646F2A810274C0523C4F877
:10DA3400CC31C4F8D031C4F8BC31C4F8C031C4F816
:10DA4400C431C4F8C831FFF7BBF8002347F2B80269
:10DA5400C4F8CC31C4F8D031C4F8BC31C4F8C031F6
:10DA6400C4F8C431C4F8C83141F2B803C4F8BC23C3
:10DA7400C4F8C023C4F8AC23C4F8B0330123C4F8F9
:10DA8400B423C4F8B8233B7012E64CF25030CCE710
:10DA940000001A0D14C6002064B4002018B400203D
:10DAA4000800010000001A3702007F11E8B30020CB
:10DAB40011003A3340420F0020B40020400001001E
:10DAC40011003A0DF1FFFF8000801F4000002C4040
:10DAD400F8B5324B0F465A6A92050DD49A6A22F46D
:10DAE40080329A6272B69A6A42F400329A629A6AF0
:10DAF40042F480329A6262B602F054FF274C064622
:10DB0400274D04E002F04EFF801BA84233D8636A1D
:10DB14001B05F7D507F13C0007F50F741F494B6A45
:10DB24001D05FCD5A0F140030A6A43F8042F834283
:10DB3400FAD103F14000A042F1D102F033FF174CB7
:10DB44000746184D164E04E002F02CFFC01BB042ED
:10DB54001AD8236B2B42F7D0226B134B1A601A6826
:10DB640022631A6892070DD51A68104B1A420CBF2B
:10DB740001200020F8BD0E491B200E4B40F28932D3
:10DB840008701A600020F8BD1E200949094B4FF4A3
:10DB94006572087000201A60F5E700BF00002C4091
:10DBA40040420F0002007F1164B4002000007F1186
:10DBB4004EA80020E8B300202DE9F843244B894601
:10DBC400244D254C2B6002F0EDFEDFF8A8800746BB
:10DBD400224E06E002F0E6FEC01BB04223D804F059
:10DBE40013FC21681E48FFF7D1F90028F2D0D8F8B9
:10DBF4001030DB05EED500234FF400722B60D8F80B
:10DC0400283043F48033C8F82830164BC8F8042071
:10DC14001B78A3B149461448FFF7B8F968B90C2238
:10DC240040F2FA3304E000210A2240F2EE33296084
:10DC34000E4C00200E4922700B60BDE8F8834FEAB9
:10DC4400492909484946FFF7A1F90028F5D1E6E733
:10DC5400D1B0000060B4002014B4002040420F0092
:10DC640000001A0D11C6002030003A124EA8002000
:10DC7400E8B3002000002C4070B500231C4D0E4674
:10DC840003721946AB6A1B4823F48033AB62FFF777
:10DC94007DF918B104465EB9204670BD092240F2F0
:10DCA4000A43154800241549027020460B6070BDD4
:10DCB400134B144A136002F075FE6B6A0646DA01D0
:10DCC40012D404E004F0A0FB6B6ADB010CD402F074
:10DCD40069FE0D4A831B9342F4D9002109480A22A4
:10DCE40040F20E430160DCE70023064A1360D3E7E9
:10DCF40000002C400000DB0C4EA80020E8B30020FC
:10DD040051AB000060B4002040420F0010B504463F
:10DD1400FFF79EF808B1237A03B910BD204601210C
:10DD2400BDE81040FFF7A8BF30B590F808C014460E
:10DD340083B00A46BCF1000F0FD00168DFF828C198
:10DD4400C969009261453FD10190FFF781F8C8B1DC
:10DD5400019B009A197A00293FD138498B7A5806D9
:10DD640013D45B00C87A611C03F07E03114343EAB9
:10DD7400D0130B4209D032492820324B40F23D32B5
:10DD840008701A60002003B030BD2F4B1B780BB90C
:10DD94005202640211462D48FFF7F8F838B92849B1
:10DDA4000F20284B40F2453208701A60EAE72146FA
:10DDB4002748FFF7EBF8C0B921491020214B4FF455
:10DDC400527208701A60DDE78847009A0028D9D09B
:10DDD4001A498B7A5806C4D5D7E701211846FFF7AC
:10DDE4004BFF009A0028F3D1CCE700211948FFF734
:10DDF400CDF838B912491120124B40F24B32087059
:10DE04001A60BFE702F0CEFD134C054621681348A3
:10DE1400FFF7BCF818B1124B1B69DB05B3D402F051
:10DE2400C1FD104B401B9842F0D905492920054BF0
:10DE340040F24E3208701A60A4E700BF00B400201C
:10DE44004EA80020E8B3002011C6002000001A20CC
:10DE540000001A2100001B2614B4002000001A0D33
:10DE640000002C4040420F00BDBC00000346354872
:10DE7400007830B51446ADF5037D00B393070FD198
:10DE840001233148FFF76AFAB8B930490B20304B07
:10DE940040F2B13208701A6000200DF5037D30BDE8
:10DEA400012302AA2848FFF759FA0028EDD04FF4BD
:10DEB400007202A9204603F03BF80120EDE701932C
:10DEC4000D46FEF7C5FF019B0028E5D01A7A012A0A
:10DED40023D01A681F49D2698A4222D10193FEF7DE
:10DEE400B7FF0028D8D0019B1A7A0ABB18462946E6
:10DEF4000193FFF761FE019B0028CDD001225D60F4
:10DF04001A72214618460193FFF7E2FD0028C3D098
:10DF1400019B5A6801325A60CFE75A68AA42D8D1A5
:10DF2400EFE7184601939047019B0028B4D0DDE742
:10DF3400184601210193FFF79FFE019B0028ABD0F7
:10DF4400D4E700BF13C6002011003A114EA80020E8
:10DF5400E8B30020BDBC000030B53C4C0D46ADF527
:10DF6400037D21781446D9B1930706D0214602AC2B
:10DF74004FF4007202A802F0DBFF01232246294677
:10DF84003348FFF7EBF9002841D132490D20324BD9
:10DF940040F24A4208701A6000200DF5037D30BD3E
:10DFA4000190FEF755FF019B0028F5D01A7A022A4A
:10DFB4002FD01A682949D2698A422ED10193FEF7DB
:10DFC40047FF0028E8D0019B1A7A002A2CD11A684E
:10DFD4002349926E8A4230D1184629460193FFF7AD
:10DFE400B5F8019B0028D7D002225D601A721A6826
:10DFF40018461C49526E01938A42214623D1FEF7EA
:10E004006FFF019B0028C7D05A6801325A60012073
:10E01400C3E75A68AA42CCD1E9E71846019390476E
:10E02400019B0028D3D1B7E7184601210193FFF7DC
:10E0340023FE019B0028CAD1AEE718460193294666
:10E044009047019BCEE79047019BDBE713C6002076
:10E0540001003A184EA80020E8B30020BDBC00001F
:10E06400FDB0000091AE000002F0C6BC08B5034646
:10E0740053F8040B93E80600F4F718FC08BD00BF3E
:10E084000268D37C13B3D80704D5906A4FF0E0211B
:10E09400C1F80001990704D5D06A4FF0E021C1F816
:10E0A4000401580704D5106B4FF0E021C1F80801B2
:10E0B400190704D5506B4FF0E021C1F80C01DB06C1
:10E0C40004D5926B4FF0E023C3F81021704700BFD2
:10E0D400006800F04BBB00BF0268FF231268536660
:10E0E400D36D13F4F81FFBD0506FC0B2704700BF5C
:10E0F40030B50C4683B00546FF212046019205F059
:10E1040059FD2868019B2246214600F02BFB002084
:10E1140003B030BD03681A685166D36D13F4F81F59
:10E12400FBD0536F704700BF02F1FF3C1346BCF5B0
:10E13400007F0FD3FAB1026801391268C81811F8C8
:10E14400013F5366D36D13F4F81FFBD08142536F24
:10E15400F5D1704710B5ADF5027D044602A80192D1
:10E1640002F0E6FE02AA019B1146206800F0FAFACA
:10E174000DF5027D10BD70470378DB0701D4012043
:10E1840070470346406810B503F1100282B001687D
:10E1940001920C6A00939968A047DDE9003298B1B6
:10E1A400197888070CD558680093D0F800C0D3E9D3
:10E1B4000241DCF820302144984728B1009B1978AB
:10E1C40021F001010120197002B010BD10B544689E
:10E1D40084B07CB31446826803468A420AD102465C
:10E1E40012F810CB04F0030410464CEA04021A702F
:10E1F40004B010BDCDE90101FFF7BEFFD0B114F0AA
:10E20400040FDDE9013105D003F110024FF0000CD9
:10E214009960E7E7586803F11002D0F800C0019252
:10E22400CDE90213DCF810309847039BDDE90121A6
:10E234000028EBD1002004B010BD00BFB1F5807FF1
:10E2440010D9B1F5FC7F3BD9B1F57C7F44D9B1F548
:10E25400FC6F4BD9B1F57C6F4DD84FF4FC514FF0A6
:10E264003F0C04E010291BD840214FF0200CB2FBD6
:10E27400F1F3B3F5806F1DD201FB132100B5B2FB9E
:10E28400FCFEB1FBFCF10CFB1E224FEA930C017067
:10E2940001322CF03F0C837042EA0C02427000BD44
:10E2A400202912D880214FF0200CB2FBF1F3B3F5F2
:10E2B400806FE1D3FF23FE214370017083707047A8
:10E2C4004FF47C714FF03F0CD1E7802909D84FF40B
:10E2D40080714FF0200CCAE74FF4FC614FF03F0C03
:10E2E400C5E74FF400714FF0200CC0E74FF47C6198
:10E2F4004FF03F0CBBE743F6C1614FF03F0CB6E76C
:10E3040090F81CC04160BCF1020FC26001D1836867
:10E31400184701F065BD00BF30B504468E4600685D
:10E32400114640F20122026123B31D46BEF1000FE3
:10E3340021D0724612F801CB9646013DC0F864C064
:10E34400026F920707D48C46013B426F19B10CF857
:10E35400012B614620684269D207F1D5002DE5D131
:10E3640043B1026F9207FCD4426F09B101F8012B4B
:10E37400013B03D130BD94F83CC0DEE72068026F56
:10E384009207EED4F0E700BF304B314910B5D3E922
:10E39400114E9EF80400C8771A6C94F804C081F8F2
:10E3A4001CC0087752B1B2F5004F23D32949511844
:10E3B400274A1964D07682F81BC010BD19680F244F
:10E3C400D86C8C6540F20134CA610C614FF47C5402
:10E3D4004C6103210468246883F83D101E4B9C4261
:10E3E40020D1037F4260022BC26020D18368BDE844
:10E3F400104018472468E18B090421D4E283DEF835
:10E404000010B4F81EE0A4F816E0CC8B240412D457
:10E41400CA83CA8BCA8200210D4A1964D07682F855
:10E424001BC010BD23461146BDE810401847BDE887
:10E43400104001F0D5BCCC8B62F30804CC83E8E730
:10E44400E18B62F30801E183D9E700BFD09C00208F
:10E4540000800E400180FFFFB1C20000304B314903
:10E4640010B5D3E9114E9EF80400C8771A6C94F8DD
:10E4740004C081F81CC0087752B1B2F5004F23D311
:10E4840029495118274A1964D07682F81BC010BD57
:10E4940019680F24D86C8C6540F20134CA610C6190
:10E4A4004FF47C544C6103210468246883F83D10C4
:10E4B4001E4B9C4220D1037F4260022BC26020D1BC
:10E4C4008368BDE8104018472468E18B090421D40F
:10E4D400E283DEF80010B4F81EE0A4F816E0CC8B5A
:10E4E400240412D4CA83CA8BCA8200210D4A196437
:10E4F400D07682F81BC010BD23461146BDE81040FB
:10E504001847BDE8104001F06BBCCC8B62F30804E3
:10E51400CC83E8E7E18B62F30801E183D9E700BF2C
:10E52400809C002000800E400180FFFFB1C20000EB
:10E5340043682DE9F04FD3E90041814D4FF0B8090C
:10E5440022684FF00F0B22EA01027E492260AA6979
:10E5540011407D4A0A43AA6190F810E07B4A03EB1C
:10E564000E0603EB8E0E317C02EB01118968C1F8B3
:10E57400009090F811C003EB0C050CF10A0C95F80F
:10E58400241002EB01118968C1F80090817C03EB2F
:10E59400010803EB810198F838A002EB0A1ADAF8B3
:10E5A40008A0CAF80090D4F800905F6849EA070907
:10E5B400C4F80090347CDEF814E002EB04146468C0
:10E5C400C4F800E095F8244053F82CC002EB04147E
:10E5D4006468C4F800C098F83840C96B02EB0412B0
:10E5E400526811609A6C98F8441011601A6A317F6D
:10E5F4005B6B116095F830201A60022203681A617F
:10E60400C3F858B0C27C002A32D072B6C37CDD078E
:10E6140008D54FF0E0214469D1F88021224082627C
:10E62400C1F880219C0708D54FF0E0218469D1F816
:10E6340084212240C262C1F88421590708D54FF0D1
:10E64400E021C469D1F8882122400263C1F88821FD
:10E654001A0708D54FF0E021046AD1F88C21224032
:10E664004263C1F88C21DF065CD462B6C27C0368C5
:10E67400374D8168A9425FD0314985608969354C3D
:10E68400C1F30117C1F38261334E54F827400131BD
:10E69400B4FBF1F4B44230D80021C16000241C6101
:10E6A40003245C620724196401211C66196112B3F6
:10E6B400D60704D5816A4FF0E023C3F8001195070B
:10E6C40004D5C16A4FF0E023C3F80411540704D5FC
:10E6D400016B4FF0E023C3F80811110704D5416B17
:10E6E4004FF0E023C3F80C11D30604D5826B4FF02E
:10E6F400E023C3F81021BDE8F08F1849A1FB0461A1
:10E70400090DB4FBF1F4AC4288BF0131B1F5817F4E
:10E7140014D20229C0D902394C0804EB042441EA7A
:10E724000421BAE74FF0E022416AD2F890310B405D
:10E734008363C2F8903198E7C168AFE70849ACE752
:10E7440000C00F40CFFFFFE3100000085C2A002048
:10E7540000093D0028290020FF083D0083DE1B43FB
:10E76400FF7F7F000BB1FFF7D7BD70474268D2E946
:10E7740000130968194200D170470346002005219F
:10E7840010B51C6882B02061187C01930244107C8F
:10E7940002F066F9019B0521587C5A68024492F8FC
:10E7A400240002F05DF9019B05215A689B7C134407
:10E7B40093F8380002B0BDE8104002F051B900BF30
:10E7C400A1F1280370B5064682B0252B2DD8DFE8C9
:10E7D40003F01352292969562C2C2C2C2C2C2C2C6C
:10E7E4002C2C2C2C2C2C2C2C2C2C2C2C2C2C2C2C65
:10E7F4002C2C2C2C2C2C424206F12B0541362C4679
:10E8040014F8012F0121631EFF2A1046A3EB050310
:10E8140006D0DBB20F2B84BF0221104602F020F990
:10E82400B442EDD1012002B070BD3F294FD901F0AF
:10E834003F03F01890F82C00FF28F3D011F0300FAC
:10E8440047D0102B49D002F0F9F8031E18BF01235A
:10E8540086F82730E6E701F03F04344494F82C00AE
:10E86400002A30D1114602F0C7F8012194F82C0097
:10E8740002F0F6F8D6E7104602F03EF8D2E7194C5B
:10E88400022A1949194B486822688CBF02240524BE
:10E89400A3FB0232920C04FB02F24B681B1A9A424D
:10E8A400FBD8BFE71049002A0E4C104B4868226879
:10E8B400A3FB02324FEA924208BF00224B681B1AA4
:10E8C4009A42FBD8AEE7022102F0CAF8AAE7002078
:10E8D400A9E7114602F090F8A4E7019003F094FD33
:10E8E4000198B0E7749C0020001000E083DE1B4315
:10E8F400143930B5044683B00C2908D8DFE801F098
:10E904001107071F324F0707070707070A000020F0
:10E9140003B030BD4A21204601F03EFA012003B085
:10E9240030BDA26923680AB99A68A26120465A7860
:10E93400492101F031FA3B48FFF7FAFDEEE7002ADE
:10E94400ECD0501E374C591E226853FA80F011F84F
:10E95400013F5366D36D13F4F81FFBD08842536F05
:10E96400F5D1DBE72368A1691B7B5A1E022A4BD928
:10E974000723009101932B48DDE90012F3F796FF7A
:10E984002368204649211A7801F006FA636922684F
:10E994002C211D46204600239278A847BEE7226812
:10E9A40000232C212046D2786569A8472368492191
:10E9B40020465A7801F0F0F91A4AD37C002BADD0E6
:10E9C400DD0704D5906A4FF0E021C1F800019C07EF
:10E9D40004D5D06A4FF0E021C1F80401580704D5EA
:10E9E400106B4FF0E021C1F80801190704D5506BF2
:10E9F4004FF0E021C1F80C01DB068FD5926B4FF08C
:10EA0400E023C3F8102189E79B000091DAB21B07C9
:10EA140003D5082A03D0044BACE7044BAAE7044B04
:10EA2400A8E700BFD09C0020070000C007000040FA
:10EA34000700008080F8351080F8362080F83730E1
:10EA4400704700BF2DE9F04F1E46531C85B090F867
:10EA5400AAB09BB281460F46924600938B19DDF80B
:10EA640038809BB200F0A2FD002837D0002E33D0AE
:10EA7400BBFA8BF301255B09039398F8000000238C
:10EA840000EA0501084610E0002938D112F0FF051C
:10EA94001FFA8CF307F1010702D108F101080125DF
:10EAA400B3421ED098F800102940F41A03F1010C67
:10EAB4006A00C9B2A4B20028E6D00029E6D1002237
:10EAC400F91A89F8AAB0009289B2524648462646F5
:10EAD40000F0BCFC002CD0D189F8AAB005B0BDE888
:10EAE400F08F88B999F8A930002BF5D10446039B1F
:10EAF400B91B89F8AA30002300933346E4E799F858
:10EB0400A9201AB12646B8E70024D8E71E46EEE746
:10EB14002DE9F04782B01F460B448246BDF8289089
:10EB240014469BB2884602EB09060B9DB6B20096CA
:10EB340000F03CFD90B1B9F1000F0FD007F10709C7
:10EB4400C9F3CC092246013400953B46A4B24146A0
:10EB540050464D44FFF776FFA642F3D102B0BDE81C
:10EB6400F08700BFBDF800C0CDF800C0FFF7D0BFEC
:10EB74002DE9F04383B01F46CB188046BDF828909A
:10EB840014469BB20E4602EB0905ADB2009500F0A7
:10EB94000DFD80B1B9F1000F0DD04FF000092246F0
:10EBA40001343B463146A4B24046CDF8009000F013
:10EBB4004DFCA542F3D103B0BDE8F0832DE9F0414B
:10EBC4001E4684B0CB188046BDF828700D469BB213
:10EBD40014460393D3199BB20093039B00F0E6FC05
:10EBE40010B904B0BDE8F08100232246294640460E
:10EBF4000093334600F02AFC012FF2D9023F01347E
:10EC0400BFB2A4B257B9002733462246294640462C
:10EC14000A9704B0BDE8F04100F018BC0123224675
:10EC24002946404600933B4600F010FC012322464F
:10EC34003C4400934046039BA4B2591E3B4689B210
:10EC440000F004FCDFE700BF03682DE9F04306464B
:10EC540083B090F85090002490F8515093F81180AC
:10EC640000E033681B7C2A46F76C002113FB04FC8C
:10EC74000134304601354FEACC0CEDB217FA8CFC66
:10EC8400CDF800C001F044F8E3B2994501D9A84594
:10EC9400E7D803B0BDE8F0830268002190F8503053
:10ECA400127CC06C03FB02F2D20004F083BF00BFED
:10ECB40000B583B00190FFF7C7FF019803B05DF87A
:10ECC40004EB01F05FB800BF836C00B583B080F83B
:10ECD40051101B68019098470198836C5B6803B0DE
:10ECE4005DF804EB184700BF90F8AB20034612B957
:10ECF4000021FFF7E9BF0268002100B590F850C079
:10ED040083B0127CC06C0CFB02F20193D20004F0BD
:10ED140051FF019B0021184603B05DF804EBFFF797
:10ED2400D3BF00BF10B5044682B0FFF78DFF94F83F
:10ED3400513094F8500022680344517CDBB299426C
:10ED440014D994F8AB1031B920461946FFF7BCFF2B
:10ED5400012002B010BD127C0021019300FB02F2DD
:10ED6400E06CD20004F026FF019BEDE7204601F0A1
:10ED740009F8002002B010BD10B50446FFF7B4FF37
:10ED84002046FFF7CFFF0028FAD101462046BDE810
:10ED94001040FFF799BF00BF0346082201481A70CC
:10EDA400704700BFC0B7002030B585B004460D469B
:10EDB400094900931346094A00F0F6FF0DF10F00CC
:10EDC400FFF7EAFF064B01469DF80F202046009509
:10EDD40000F040FD05B030BDEDDB0000F5D90000CA
:10EDE400D1D50000405A40BA80B270470020704725
:10EDF4000A46112108B5034692F800C0104683F86C
:10EE040000C092F801C083F801C092F802C083F8F0
:10EE140002C092F803C083F803C092F804C083F8D8
:10EE240004C092F805C083F805C092F806C083F8C0
:10EE340006C092F807C083F807C092F808C083F8A8
:10EE440008C092F809C083F809C092F80AC083F890
:10EE54000AC092F80BC083F80BC092F80CC083F878
:10EE64000CC092F80DC083F80DC092F80EC083F860
:10EE74000EC092F80FC083F80FC092F810C083F848
:10EE840010C0FFF7AFFF844613211046A3F812C049
:10EE9400FFF7A8FF844615211046A3F814C0FFF716
:10EEA400A1FFD88208BD00BF012B08D0022B03D0DC
:10EEB40043B9104480B27047801A80B27047084446
:10EEC40080B27047401A80B2704700BF012B08D04F
:10EED400022B03D043B9084480B27047401A80B271
:10EEE4007047801A80B27047104480B2704700BFE8
:10EEF4002DE9F04F87B006460C4690F8808090F8D4
:10EF040081B005920FE096F88520002A35D004EBF5
:10EF14000803039AAC420BF1010B4FF00008A3EB7A
:10EF2400020736D3FCB296F882204FFA8BFAB6F871
:10EF34007E904FFA88F1A2EB080596F88830039288
:10EF44005246EDB2B6F87C002746AC4228BF2F46A5
:10EF5400FFF7BCFF04904846FFF7A6FF059A002A76
:10EF6400D1D00093024696F886C03B4604993046B9
:10EF740086F8AAC000F06AFAC9E70093024696F838
:10EF840087C03B460499304686F8AAC000F05EFA72
:10EF9400BDE786F8803086F881A007B0BDE8F08F21
:10EFA4002DE9F04F90F89020002385B08167072A5F
:10EFB40080F884300E7840F25881A2F108040131BF
:10EFC400E4B281674FF0FF3390F8915080F88440A9
:10EFD40093402A1926EA03065FFA82FE4FFA86FA5C
:10EFE400BEF1070F80F882A00B7843FA04F30CD922
:10EFF400AEF108024F1CC4F108045FFA82FE876771
:10F00400E4B24A783946A24013434FF0FF3290F8F5
:10F01400927080F884E0AA4023EA020390F8AA20C0
:10F0240080F88620B2FA82F2520980F887205AB218
:10F0340080F88320039207EB0E0291F800C0D4B24B
:10F044004CFA0EFC072C0ED9CEF1080201F1010E88
:10F05400083CD2B2C0F878E04978E4B201FA02F28E
:10F06400714642EA0C0C90F8938080F8844008EBD7
:10F07400040B91F800E05FFA8BFB4EFA04FEBBF13F
:10F08400070F0ED9C4F108024C1CABF1080BD2B225
:10F09400846749785FFA8BFB01FA02F2214642EA5F
:10F0A4000E0E90F8942080F884B002EB0B0491F8D3
:10F0B4000090E4B249FA0BF9072C0BD94D1CCBF1A3
:10F0C400080B083C5FFA8BFB8567497801FA0BF162
:10F0D40041EA09094FF0FF3180F88440BAF1000F8A
:10F0E40002EB010401FA02F2E4B229EA02024FF04F
:10F0F400010909FA04F4A2EB04024FFA82FB40F37B
:10F10400B08008EB010201FA08F8B940013FD2B21D
:10F114002EEA0808FFB22CEA010109FA02F20446B9
:10F1240009FA07F9D21A90F88830A1EB0901B0F86E
:10F134007C00A2EB080249B252B2FFF7C7FEA4F862
:10F144007C000746B4F87E00FFF7AEFE0246A4F842
:10F154007E00032B00F2A980DFE803F0898F990277
:10F16400C6F10103411C034489B29AB2039BFB1804
:10F174009BB200912046394600F018FA002870D05E
:10F18400002294F884304FF0FF38DDF80CA0A4F886
:10F19400802094F88E00A16FC2180E78D2B21E415E
:10F1A400072A0CD9C3F1080301F1010C083ADDB2B6
:10F1B400C4F878C04B78D2B26146AB401E4394F891
:10F1C4008F3008FA00F084F8842003EB020C26EA5E
:10F1D40000060D785FFA8CF01541F6B207280BD9BA
:10F1E40001F1010CC2F108020838D2B2C4F878C0A7
:10F1F400497801FA02F2154308FA03F384F884000B
:10F2040025EA0305EDB2002231462046FFF770FEE1
:10F21400012229462046FFF76BFE94F88420A76F4D
:10F22400531CC2F108003978A2F1070EDBB207F1D2
:10F2340001091141C0B2072B0A4606D9C4F87890D7
:10F244005FFA8EF37A7882400A43D20784F88430D6
:10F25400D9D494F9812052459BDB94F8863084F804
:10F26400AA30584605B0BDE8F08F1446AAE60399C3
:10F27400F31941189BB289B27BE7039B3118C3F1A0
:10F2840001007B1C89B238449BB287B271E7C6F196
:10F2940001017B1C39449BB28FB20399C1F1010077
:10F2A400511C104489B282B263E701463B4660E7D1
:10F2B400036FFF2903F117030FD860292FD9B0F882
:10F2C400A0201344587818B970470344587860B3A1
:10F2D4001A788A42F9D1981C7047B0F8A2201344D6
:10F2E40010B51A460C4600211046FFF77BFD02219B
:10F2F40003441046FFF776FD844202F10402F2D87B
:10F304001A889AB152BA92B205E09A7813441888CE
:10F3140042BA92B210B19442F7D1D81C10BD402920
:10F32400D0D9B0F89E201344CCE77047104610BDE6
:10F3340030B5044690F8880083B00D4603280BD8F6
:10F34400DFE800F02C23021A616F2046CDE9002388
:10F354008847009A019B121A19462046A4F87C504B
:10F36400A4F87E20FFF7A4FF20B101462046FFF752
:10F3740017FE80B203B030BD616F2046CDE9002393
:10F3840088470544DDE90023E6E7616F2046CDE9BF
:10F39400002388472D1ADDE90023DDE7616F20464D
:10F3A400CDE900238847009A019B0244D4E700BFBB
:10F3B400014B4367704700BF9DCD0000036F8B4234
:10F3C40026D003468C3000B583B01967CDE900130D
:10F3D400FFF70EFD009ACAB1019BB3F8992093F888
:10F3E400A510A3F8A62089B1012942F3072C52B233
:10F3F4000FD093F9980093F9961001448A42B8BF4C
:10F4040083F8A610604501DA83F8A70003B000BDB5
:10F41400704793F99B1093F99C008A42B8BF0A463F
:10F42400604583F8A620F1DAEEE700BF00B59DF849
:10F4340004C0D0F844E0CDF804C0B0F856C0A2EB44
:10F444000C02F4465DF804EB92B26047944690F8DF
:10F45400A42000B59DF804E002B103B900BD012B5E
:10F4640005D0BEF1020F29D0BEF1030F57D01EF014
:10F47400010F26D0B0F860208A42EFD8B0F862209D
:10F484008A42EBD96344B0F86420B0F866E09BB2DA
:10F4940063454BD2E64548D90EF1FF339BB29A42FD
:10F4A400DCD2944538BF94469E4594BFCCEB0E0203
:10F4B400CCEB03024FF0010E93B225E00131C91ADF
:10F4C40089B2B0F864206245C8D8B0F866206245B5
:10F4D400C4D90B44B0F86020B0F862E09BB28B4210
:10F4E40028D28E4525D90EF1FF339BB29A42B5D26C
:10F4F400914238BF11469E4594BFC1EB0E02C1EB49
:10F5040003024FF0000E93B26246D0F848C0CDF823
:10F5140004E0DCF808E0F4465DF804EB60470CF125
:10F524000102D21A1FFA82FCA4E79446E645B6D833
:10F5340000BD11468E45D9D800BD00BF00B54FF0BF
:10F54400000C83B0CDF800C0FFF780FF03B000BD0E
:10F5540000B54FF0010C83B0CDF800C0FFF776FF83
:10F5640003B000BD10B5B0F864E082B096450BD886
:10F57400B0F866E0964507D9B0F860C08C4503D86A
:10F58400B0F862308B4201D802B010BD4FF0000CCD
:10F594000123CDF800C0FFF759FF02B010BD00BF32
:10F5A400032928BF012180F8AA107047B0F864C06D
:10F5B40010B5BDF808E0B0F86640F4452CBF4FF034
:10F5C400000C4FF0010C724594BF4FF0000E4FF049
:10F5D400010E944217D9BEF1000F04D1BCF1000F03
:10F5E40001D1002010BDB0F86020B0F862409A420A
:10F5F4002CBF002201228C420CD9994294BF1046A0
:10F6040042F0010010BDBEF1000FEAD0BCF1000FC2
:10F61400E7D0E8E7994294BF002002F0010010BD52
:10F624002DE9F0474FF0010C02F0070490F8AA60AE
:10F634000CFA04FC9DF82050012E5FFA8CFC40F279
:10F644008C804FF0000E066822F00702367C06FB21
:10F6540002F24FF6F87616400E44C16C3144002D88
:10F664005BD15A1E90B2062843D9A846AA462C4616
:10F674006EF30705C1466EF3070A6CF30708A3F19E
:10F6840008066CF307096EF30F256EF30F2A6CF36B
:10F694000F286CF30F29C6F3CC066EF317456EF3EF
:10F6A400174A6CF317486CF3174901366EF31F655C
:10F6B4006EF31F6A6CF31F686CF31F690A461068C7
:10F6C400083201342843A7B280EA0800BE4242F857
:10F6D400080C52F8040C40EA0A0080EA090042F8D7
:10F6E400040CECD8F600B6B29E420ED09B1B3144FB
:10F6F4005A1E92B201320A440B784EEA03038CEA92
:10F70400030301F8013B8A42F6D1BDE8F0874FEAD2
:10F714004E0E4FEA4C0C002BF7D00A780134013B13
:10F724004EEA020214F007049BB28CEA02020A7049
:10F73400EDD190F8AA20B0F85250012A294404D9F6
:10F744004FF0010C002BE8D1DFE79646E3D04FF0F1
:10F75400010CE646002BE0D1D7E7E6467FF473AF11
:10F764004FF0000C6FE700BF9DF800C0CDF800C05B
:10F77400FFF75CBE10B5B0F86E1082B0B0F86A3016
:10F784000446B0F86C200091B0F86810FFF70EFF43
:10F7940018B984F8A40002B010BDB4F8683001218F
:10F7A400B4F8602084F8A4109A42B4F8622038BFF8
:10F7B400A4F86030B4F86A309A42B4F8642088BF80
:10F7C400A4F86230B4F86C309A42B4F8662038BFBA
:10F7D400A4F86430B4F86E309A4288BFA4F8663056
:10F7E40002B010BD0021B0F85C20836DA0F8601059
:10F7F400A0F862204366FFF7BDBF00BF90F850C079
:10F8040001684FEACC0210B5A0F854200B7CDB0051
:10F81400A0F8523090F851304FEAC30E9C44A0F83F
:10F8240056E04C7CE31ADB009BB2A445C8BF1A46E1
:10F834000023B1F814C0CC8A194672446EF30F0346
:10F844006CF30F0162F31F4364F31F41C0E91631E7
:10F8540010BD00BF38B5436401230025C16480F89E
:10F86400AB304FF48071049B0446A0F8A91080F8D3
:10F87400502080F8515080F8855080F8A5500567D5
:10F884001A6883649047A26C054B2046C4E91A3376
:10F89400536898472046FFF78BFD84F8885038BD9D
:10F8A4000000FFFF19B10A2901D0084670474FF63E
:10F8B400FF707047002380F82630704700B5D0F8F9
:10F8C40010E00A4600232021F4465DF804EB60476B
:10F8D40000B5D0F810E013460A461721F4465DF847
:10F8E40004EB604700B583B08DF807100DF10702F3
:10F8F4000121FFF7EDFF03B000BD00BF00B5D0F854
:10F904000CE00A4600231521F4465DF804EB604739
:10F9140000B5D0F80CE00A4600231621F4465DF841
:10F9240004EB604700B5D0F80CE013460A461721F3
:10F93400F4465DF804EB604700B50023D0F80CE012
:10F944001821F4461A465DF804EB604700B500231D
:10F95400D0F80CE01921F4461A465DF804EB604730
:10F9640070B50C4682B006461546FFF7E5FF2378CE
:10F9740043B91BE0612B304601D1FFF7C9FF14F8EE
:10F98400013F9BB155F8041B2378C9B2632B8DF852
:10F99400071010D0642BEDD10DF107020121304680
:10F9A400FFF7C0FF14F8013F002BEBD13046FFF7FF
:10F9B400CDFF02B070BD3046FFF7A0FFDFE700BF08
:10F9C40070B5054682B00C4694F800C0BCF1190F1E
:10F9D40015D8BCF1170F2AD80DF107024FF0010119
:10F9E40028464FF0000317D1637802348DF80730AE
:10F9F400FFF798FF94F800C0BCF1190FE9D9BCF1E6
:10FA0400FE0F4FF02901284619D1627802348DF88F
:10FA1400072000F0C1F9D7E7BCF1140F61460ED9F5
:10FA240062780234EE688DF80720B047CCE70023F3
:10FA340061462846EE681A460134B047C4E702B06E
:10FA440070BD00BF30B50D46143983B00446052996
:10FA540024D8DFE801F00B2014030B0B012120460E
:10FA6400CDE90023FFF72AFFDDE90023D4F810E0F5
:10FA740029462046F44603B0BDE8304060470121E2
:10FA840000922046FFF71AFF00992046FFF72AFF4D
:10FA9400012003B030BD00210092F2E70020F8E716
:10FAA4000E292DE9F04F804685B0154600F0AC8054
:10FAB4000F290CD00B2903D0002005B0BDE8F08F2E
:10FAC400002A40F0AF805949FFF77AFF98E09B463F
:10FAD400FFF732FF98F8224075219BF806604046F4
:10FAE4009BF805302F46F60004EB8304F6B2FFF7CB
:10FAF40005FF40463146FFF70BFFF11D40464C4ED3
:10FB0400C9B2FFF705FF5B465FFA84FB1D79D9464E
:10FB14001C686A1E04F10C0AD2B2CDE900B50AEBE6
:10FB2400C20A251DCDE9027315214046FFF7E6FE02
:10FB3400494640462F1FFFF7EBFE09F101014046FD
:10FB4400B346C9B2FFF7E4FE5C214046FFF7D6FE98
:10FB5400B44617F8012BACF1200342F3000104333F
:10FB6400520803F8081C6345F7D1AF4203F1010CB6
:10FB74002C46EED12F4A20214046FFF7D3FE152113
:10FB84004046FFF7BBFE09F102014046C9B2FFF748
:10FB9400BFFE09F103014046C9B2FFF7B9FE5C217B
:10FBA4004046FFF7ABFE05F1040C14F8012BABF152
:10FBB400200342F300010433520803F8081C5B4598
:10FBC400F7D1644503F1010BEFD10835194A20211F
:10FBD400404609F10409FFF7A5FE55455FFA89F986
:10FBE400A2D1DDE90273DDE900B5013F0BEB850528
:10FBF40017F0FF075FFA85FB88D14046FFF7A6FEA2
:10FC0400012005B0BDE8F08FFFF796FEC121404604
:10FC1400FFF774FE29464046FFF77AFE4046FFF799
:10FC240095FEEDE70449FFF7CBFEE9E74C9500208C
:10FC3400ECC50020C8C50020549500200A2910B541
:10FC4400044612D00D2906D0092916D1114900F015
:10FC540029F8012010BDA2B90F49FFF7B1FE2368AE
:10FC640001209B7C84F8223010BD00F021F820464E
:10FC74000A49FFF7A5FE012010BDBDE81040FFF7BB
:10FC84000FBF0749FFF79CFE23680120DB7C84F843
:10FC9400223010BD5C950020E894002000950020DF
:10FCA400F494002001608B7C80F82230704700BF00
:10FCB40038B500232821456904461A46A84700237D
:10FCC400142120461A46E568A847204601224B2104
:10FCD40000F062F82368204629211A7900F05CF8C4
:10FCE400204600224B2100F057F8236820462921A2
:10FCF4001A7900F051F8204601224B2100F04CF80B
:10FD04002368204629215A79BDE8384000F044B8D8
:10FD140030B583B084688DF805101946069D6B468E
:10FD24008DF8062001228DF804100F210095A047BC
:10FD340003B030BD00B50023D0F808E00921F44633
:10FD44001A465DF804EB604700B50023D0F808E0DC
:10FD54000A21F4461A465DF804EB604700B5D0F872
:10FD640008E00A4600230B21F4465DF804EB6047E3
:10FD740000B5D0F808E00A4600230E21F4465DF8E9
:10FD840004EB604700B50023D0F808E01021F446E6
:10FD94001A465DF804EB604700B5D0F814E0002380
:10FDA400F4465DF804EB604703614FF0FF33C36230
:10FDB400036343638363C363A0F840300023C0E953
:10FDC400021203604FF60071FF2280F8263083612F
:10FDD400009BA0F8231080F828204361FFF7AABFF6
:10FDE400EFF3108272B6437F33B9017F012907D044
:10FDF400032911D0012343770AB962B670477047CB
:10FE0400DFF868C0DCF80010F9B1164943610B68EB
:10FE1400086083615861EDE700B5DFF854E01249EA
:10FE2400DEF800C0BCF1000F16D043610B6883619B
:10FE340058614FF0E0234FF0805C0860C3F804CDB4
:10FE44000123437702B962B600BD064BCCF800002B
:10FE54001860C0E90511CDE7C0E905CCCEF8000073
:10FE6400E7E700BF7CB4002074B4002070B4002025
:10FE740078B4002070B5EFF3108272B60C4C206891
:10FE840080B10C4E00254369236073B19D6102B9B2
:10FE940062B6836845779847EFF3108272B620689C
:10FEA4000028F0D102B962B670BD3360EFE700BF3D
:10FEB40078B4002074B40020FFF7DCBF0449054A7D
:10FEC4004968054B1960136801331360704700BF1C
:10FED400001000E0ECC40020E8C40020704700BF1C
:10FEE400704700BF704700BF704700BF70B51A4C21
:10FEF4001A4D2368AB4202D0194AD16829BBA369C1
:10FF0400AB4202D0164AD169C9B9236BAB4202D0C5
:10FF1400134AD16A69B9A36CAB4209D0104AD16BB8
:10FF240031B101211B680F48D163BDE87040184707
:10FF340070BD01211B680C48D1629847EBE7012191
:10FF44001B680A48D1619847DFE701211B6804F167
:10FF54000800D1609847D2E7C0AE00208427002073
:10FF64000041084010AF0020F8AE0020E0AE0020B1
:10FF740038B5064CA4F1600554F8083C2046183CFA
:10FF8400DB689847AC42F7D138BD00BF10AF002002
:10FF9400036870B5164688B0002B50D000229A60D2
:10FFA4000122DA60324C054604A81C1951F8083BBA
:10FFB400241102935B6898472E4904EB4403DB0049
:10FFC40003F10800CA5801930844D268009090478E
:10FFD400DDF808C0019B2749009841F803C0264971
:10FFE400DCF80830029104A99847029B04A8DB6856
:0CFFF40098472B68032021491E6098608C
:02000004600199
:100000002B7920480B550B784A78DFF88CC0934247
:10001000C0F828C228BF13468878CA78834228BF10
:100020000346934228BF1346174C4FF0E0214FF090
:100030008060012284F87A30C1F80C01104608B0C3
:1000400070BD124AD36E43F44053D3660122104B65
:100050001A60104A1346026040329C68002CA3D0FC
:10006000103393420360F8D100231A460360104610
:1000700008B070BD00BFF7BFC0AE002084270020CD
:1000800054A5002000AC002000E400E000C00F40B8
:1000900000400840004108409DDE00000268002A40
:1000A00032D01A4B1A49D3181B1103EB430210B577
:1000B000D20082B00446019302F108008B58084434
:1000C0000092DB689847009A12481149019B8850BA
:1000D0000021226801209160D060FF200E4AD05498
:1000E0001378507892F802C0834228BF0346D07834
:1000F0000A4A634528BF6346834228BF034682F805
:100100007A30216002B010BD704700BF00BFF7BF5A
:10011000C0AE00208427002054A5002000E400E0A9
:10012000074B0020DFF824C0064A0749C3F800C087
:10013000C3F818C0C3F830C0C3F848C002F066BEA8
:10014000C0AE002060A5002021DF00008427002031
:10015000084602F0CBB800BF012A70B508BF0A22DA
:100160008AB005461E4659B34FF0210C01E05FFAF4
:1001700084FC0CF1FF34B1FBF2F302FB131EBEF161
:10018000090F0EF1370098BF0EF130000DEB0C0E89
:10019000914219468EF80400E9D23EB10CF1FF3CC1
:1001A0002D225FFA8CFC0DEB0C031A712B6801A950
:1001B000CCF1220228465B68614498470AB070BDC2
:1001C00030234FF0210C8DF82530E6E72DE9F04182
:1001D0000C46D1B1EAB180468F1800250E4E04E0DE
:1001E00002F084F8BC4205440CD0D8F8003014F872
:1001F000010B1B68B342F3D0014640469847BC420E
:100200000544F2D12846BDE8F0810D462846BDE8F8
:10021000F0811546F6E700BFFDE0000000B5036879
:1002200083B040F60D2C022201A95B68ADF804C032
:10023000984703B000BD00BF044B022888BF0346A7
:10024000D3F800C01846DCF8043018472C9D002075
:1002500042B90368C9B2054A1B68934204D10846F3
:1002600002F044B8FFF778BF184700BFFDE0000078
:1002700000B9704715490A68FAB1DFF858C0D317BA
:1002800000B58CFB02ECDFF850E09444C3EB2C4348
:10029000DFF848C00CFB132244F2A71C0EFB03F34B
:1002A0000CFB0233002B0FDA6FF000429A180A6041
:1002B000B2FBF0F300FB132000BD054AB2FBF0F3E4
:1002C0000A6000FB132070471A46F0E7ECB30020E9
:1002D00042CE0C1F5F0B4E83ECF4FFFF1DF30100B9
:1002E0000022C0E90022826061B110B582B00090A6
:1002F0000846019103F0AEFE009B044618B918466B
:1003000002B010BD7047013002F086FD009B00284E
:10031000F5D00022019918600270C3E9014403F08E
:10032000D3FD009B184602B010BD00BF00228842DA
:1003300003468260C0E9002206D030B58C6883B0E5
:100340001CB9184603B030BD70470190601C0D68A1
:1003500002F062FD019B0028F3D0002229461860BC
:100360000270C3E9014403F0AFFD019B184603B0DE
:1003700030BD00BF10B50446006802F055FD2046B0
:1003800010BD00BF30B5144683B00346026834B9CF
:1003900002B11470002218469A6003B030BD0D46B9
:1003A00041688C420DD90090611C104603F026F87C
:1003B000009B024678B19968C3E9000409B901704D
:1003C0001A689C6029461046009303F07DFD009B4F
:1003D000184603B030BD186830B1CDE9002302F0F3
:1003E00023FDDDE900231A6000221846C3E901223B
:1003F00003B030BD884203D08A680968FFF7C2BFE6
:10040000704700BF10B5044682B059B1084601914B
:1004100003F020FE019902462046FFF7B3FF204675
:1004200002B010BD8160204602B010BD0346806856
:10043000F0B50C46196883B08518A14204D9002A8A
:1004400034D1184603B0F0BD0844A04227D9002A91
:10045000F7D05E68B54219D9671A01260846691CAB
:10046000CDE9003202F0CAFF009B84460028E8D0A4
:10047000019AC3E90005986820B98CF80000D3F808
:1004800000C098686044AEB10CEB070421460093AD
:1004900000F050FD009B00211A6851550FE0002A22
:1004A000CFD05E68B54205D90026D7E75E68B54271
:1004B000FAD808442146009303F006FD009B184635
:1004C0009D6003B0F0BD00BF10B582B000230446AC
:1004D00001228DF8041001A98DF80530FFF7A6FF61
:1004E000204602B010BD00BF12B310B5B1FA81F4BE
:1004F00082B0640929B1D0F808C086469C4502D86C
:100500000C7002B010BD18460B467146ACEB000EE5
:1005100002F1FF3C0968E64572460144184628BFCF
:100520006246019203F0ECFB019A845402B010BDC4
:10053000704700BF2A284AD8264B70B51B7806465C
:10054000E3B9254B9B5DFF2B2AD0244A02EB061210
:1005500091680A6802F44050B0F5805F31D01C0603
:1005600020D41F4C2360236AD80704D401F04EFF27
:10057000236AD907FAD51A4B586A70BD184C194D21
:1005800001E001F043FFA36C1B06FAD4AB6C13F03F
:100590008003F6D10F4A13700F4B9B5DFF2BD4D114
:1005A000002070BD0F4C03F07F032360236ADA073D
:1005B00004D401F02BFF236ADB07FAD5094B586AF4
:1005C00070BD22F480521C060A60EBD4C9E70020FB
:1005D000704700BF19C60020D82D00205C2A0020DB
:1005E00000400C4000800C40A94AAA4B90422DE9E3
:1005F000F047A94CD3F814E09969D4F80CC000F284
:10060000088103F1437303F5F4530333A3FB002381
:10061000DB0D03EB830303EB830202F2B63240F2FD
:1006200027639A4228BF1A469C4BA3FB0232D2088A
:10063000203A984D0CF01F04D5F88030944243F0D6
:10064000C003C5F880300BD22CF01F0C924C4CEA42
:10065000020CC4F80CC02368002BFCDA0CF01F0459
:100660001EF0007327D18E4D2E698E4DB54300F0DC
:10067000FA8081F4805576464FF4805716F0605F1B
:1006800006D02EF0605E4EEA030E824BC3F814E0F3
:1006900015F4405F07D021F440517E4D3943A961E4
:1006A000AB6C1B07FCD44EF0007E7A49C1F814E015
:1006B0008B6C9F06FCD47C49884200F2DF800126C7
:1006C00035460EE0082D0CD1042E00F29180013643
:1006D000022506FB00F38B4200F2C3805B008B42D5
:1006E00006D8013506FB05F300FB03F38B42E9D97D
:1006F000771E05F1FF384FEA872A8EEA87276B4974
:1007000059186B4B99427CD9DFF8E4916C23694806
:100710006349B0FBF5F0684DB0FBF6F00E6835406C
:100720004D4508D043F400534FF480550D600B60E5
:100730000B68002BFCDA57490B6903F007034345AC
:1007400004D0C1F810808B6CDE03FCD417F4E05F9A
:100750000BD02EF4E05E0AF4E0534E4943EA0E0E4D
:10076000C1F814E08B6C9D07FCD4544D54494519D5
:100770008D4239D8534BED09A3FB05352D0B6B1E6C
:100780001B028EEA030111F4407F07D02EF4407E55
:1007900003F440733F4943EA0E034B613D494B6903
:1007A00023F000734B618B6C9B06FCD4464BA2423A
:1007B000A3FB00134FF0FF314FEA9343B0FBF5F575
:1007C000B1FBF3F34149086041490D6041490B60B9
:1007D00008D22CF01F0C30494CEA0202CA600B68A8
:1007E000002BFCDABDE8F0874FF440730425C8E71E
:1007F000771E2E494FF007084FEA872A59188EEACC
:100800008727294B99421CD8DFF8E89036233248D5
:100810007EE7324B984201D80E220AE7304B9842CD
:1008200028D9304A904227D9821A2F4B120AA3FBAB
:100830000232D20902EB820202EB820202F2E242AF
:10084000EDE6A3F182532948DFF8AC90A3F5893394
:100850007E3BA3FB01310B0D03FB00F043EA0909CA
:1008600056E7012544E71F468EF0C0560D464FF06F
:10087000C05303E70F22DCE61222DAE60126034624
:100880004FF0000A77464FF00008354637E700BFC3
:10089000001C4E0E00C00F40000008401F85EB51A9
:1008A00000800D4040300080FFB19F26808D5B00AE
:1008B000FF7EF64D00643F4D7F3001807FD1F00810
:1008C0007F17B42C9F10E50083DE1B43749C00202F
:1008D000709C0020A8BE002000B29F26FF0A6B1B60
:1008E00000A4781F0046C32323B24C00001BB700AE
:1008F0006C200080362000800020008000B9704706
:100900002DE9F84F01218146224C234E234D54E816
:10091000003F3268286844E80013002BF7D12049D3
:100920004B684FF47A7BDFF87CA01B1A01270BFB86
:1009300002F8DAF80020A2FB03235B4594BF984439
:10094000D84454E8003F3268286844E80073002B1C
:10095000F7D14B68DAF800C01B1A0BFB02F2ACFBB4
:1009600003C3B3F57A7F94BFD21802F57A72A2EB73
:100970000802B2F57A7F08D3B9F1010F08F57A7849
:1009800009F1FF39DDD1BDE8F88F01F03FFD0449E1
:10099000D7E700BFF0C40020ECC40020E8C400206A
:1009A000001000E0A8BE002010B50F4B4FF0010C66
:1009B0000E4CDFF844E053E8002F2068DEF800100A
:1009C00043E800C2002AF6D1094B5B68094A5B1A6A
:1009D0004FF47A71126801FB00F0A2FB03238B42F3
:1009E00094BFC018401810BDF0C40020ECC4002013
:1009F000001000E0A8BE0020E8C40020362812D86D
:100A000002010C4B03EB00109B58C268D3F804C0E2
:100A10001CEA020F03D039B1C3F884207047836801
:100A200029B9054A1A607047C3F888207047034AFD
:100A30001A6070475C2A00203830010038F001004D
:100A400036280BD8064B020103EB00109A58C368F6
:100A500092681A4214BF012000207047002070479E
:100A60005C2A0020362831D802011B4B012903EBF8
:100A700000109B5800B55A68D0E902EC12D0042946
:100A800010D022EA0C025A60C9B102291FD00329F2
:100A90004FF015020CBF114B114BCEF800304368DC
:100AA0001A6000BD42EA0C0201295A6007D040F6E4
:100AB0003803CEF80030436815221A6000BD382391
:100AC0001522CEF8003043681A6000BD7047054B10
:100AD000CEF80030EFE700BF5C2A0020383001007C
:100AE0003800010038F0010010B4134A0020134B05
:100AF0000121134CDFF84CC0C2F8F032C2F8F40206
:100B0000C2F8B810C2F8A000C2F8A440C2F8B010F1
:100B10005369DB07FCD551619CF80030DB07EFD44B
:100B20001368054943F0010313600B68DB07FCD42D
:100B300062B610BC704700BF00802A400504012443
:100B400001000F0000812A4010B5DFF840E04FF6A9
:100B5000FF7C0C480EF17E04A0F58053002203E0D8
:100B6000834202F1010203D2198802336145F7D1B1
:100B70002EF8022FA64500F58050EDD1024B012240
:100B80001A7010BD00107C6020C600205EC30020DB
:100B900041F2BB03984238D81D4B10B51B7882B088
:100BA0005BB382081B4BDFF874C0A3FB0213D11A9E
:100BB00003EB510318495B09C3EB831E1C46A2EBF0
:100BC0000E033CF813C059184FEA4C0C0A030CEB07
:100BD000013CBCEB013F15D900F0030EFF204EEAAB
:100BE000840E134602321B88D9B21B0A8E4508BFF9
:100BF00018469445F5D802B010BD0190FFF7A4FF48
:100C00000198CEE7FF2002B010BDFF20704700BF63
:100C100020C6002005411004C007060060C3002064
:100C200030B583B072B6334B40F20645324C9C610E
:100C30000224DC610024C3F8A040C3F8F0528518F8
:100C4000C3F8F442C3F8F842C3F8FC424FF47024EE
:100C5000C3F8A4400124C3F8B04020F01F03BFF341
:100C60004F8F4FF0E024C4F85C3F20339D42FAD808
:100C7000BFF34F8FBFF36F8F1E4D6B69DC07FCD541
:100C80000123DFF87CC094B220F07F406B6144F414
:100C90007024C5F8F0C242F2012CC5F8F4C2C5F8C0
:100CA000BC30C5F8A000C5F8A440124CC5F8B0305F
:100CB00001E05B060AD4636913F00105F9D0412312
:100CC000636103B0BDE83040FFF70EBF082A0DD8BE
:100CD00042B10A48CDE9001200F02CF9DDE900121A
:100CE00011442A46034B40205861E4E7A2F108056D
:100CF0000822EEE700802A40F05AF05A80812A400C
:100D00003204180800B5864672B6294B02212948DC
:100D1000002298614FF47020D96140F20641C3F877
:100D2000F0120121C3F8F422C3F8F822C3F8FC2220
:100D3000C3F8A020204AC3F8A4000EEA0202C3F8B8
:100D4000B010BFF34F8F02F1200302F580514FF036
:100D5000E02C8B422CBF0121802102EB41118B4200
:100D6000CCF85C2F1A4603F12003F8D1BFF34F8F64
:100D7000BFF36F8F0E4A5369D907FCD501200F4985
:100D80000F4B4FF4702C50610EEA0303C2F8F012BF
:100D90000749C2F8A030C2F8A4C0C2F8B0004B693D
:100DA000DB07FCD501235DF804EB4B61FFF79CBE2C
:100DB00000802A40F05AF05A00F0FFFF2004180883
:100DC00000F0FF0041F2BB03984200F28E80484BD6
:100DD0002DE9F0471B78C2B00E460546002B00F007
:100DE0008180AB08434F05F00305A7FB0327DA1BFF
:100DF00007EB5207404A7F0945EA8705C7EB87178B
:100E0000DF1B3E4B32F81740FB1860004FEA0338F7
:100E100000EB0330B0EB033F68D94246FF21134695
:100E200002321B885FFA83FC1B0AAC4508BF1946D7
:100E30008242F4D38E4244D0B4F5006F44D302AC66
:100E40004FF48072FF21204602F0B6FE08F1020244
:100E500008F580532A48934294BF01234FF400635E
:100E6000424603EBC72318184000134602321B8882
:100E70008242D9B24FEA13236354F6D10DF1070928
:100E800066550DF2071A00254C464046FFF73AFF1B
:100E900014F801CF02220DF1060108EB4500631E94
:100EA000BCF1FF0FA3EB090306D043EA0C23013585
:100EB000ADF80630FFF7B4FE5445E9D10E4B23F8E8
:100EC000175042B0BDE8F08702A945EA0625022284
:100ED00001340D80FFF7A4FE074B23F8174042B002
:100EE000BDE8F087FFF730FE7BE77047FF21A1E701
:100EF00020C600200541100460C30020C007060082
:100F000000003E3062B170B505460C468E18204692
:100F1000013415F8011BFFF755FFA642F7D170BD4C
:100F2000704700BF08B5F5F769FFF7F759FA01F008
:100F30006DFAFAE7844641EA000313F003036DD12A
:100F4000403A41D351F8043B40F8043B51F8043B8C
:100F500040F8043B51F8043B40F8043B51F8043B93
:100F600040F8043B51F8043B40F8043B51F8043B83
:100F700040F8043B51F8043B40F8043B51F8043B73
:100F800040F8043B51F8043B40F8043B51F8043B63
:100F900040F8043B51F8043B40F8043B51F8043B53
:100FA00040F8043B51F8043B40F8043B51F8043B43
:100FB00040F8043B51F8043B40F8043B51F8043B33
:100FC00040F8043B403ABDD2303211D351F8043BD3
:100FD00040F8043B51F8043B40F8043B51F8043B13
:100FE00040F8043B51F8043B40F8043B103AEDD282
:100FF0000C3205D351F8043B40F8043B043AF9D2D3
:10100000043208D0D2071CBF11F8013B00F8013BA5
:1010100001D30B8803806046704700BF082A13D3B2
:101020008B078DD010F003038AD0C3F10403D21ACA
:10103000DB071CBF11F8013B00F8013B80D331F8FE
:10104000023B20F8023B7BE7043AD9D3013A11F87E
:10105000013B00F8013BF9D20B7803704B784370E9
:101060008B7883706046704701F0D6BE01F0DCBE1D
:1010700001F0DABE01F1FF3C70B566464FF0000E9C
:1010800001E00EF1010EB0FBF2F402FB1403092B98
:1010900003F1370598BF03F130059042204606F86A
:1010A000015FEED201EB0E0300225A70BEF1000F79
:1010B00011D0481C70440CF102021CF8014F10F8CA
:1010C000015DA1EB0C03521A8CF80050013B047037
:1010D00073449A42EFDB084670BD00BF72B6EFF36F
:1010E0000583524CC4F884301EF0040F0CBFEFF39C
:1010F0000882EFF309824FF0E0234D4DD3F8280D1D
:10110000D3F82C1DC4E92201D3F8341DD3F8383D9F
:10111000C4E924139369A83444F8103CD36944F813
:101120000C3C00F0CDF804ED020A01F08FFA0B231D
:1011300044F8040C4FF0FF323E4844F8283C2B683A
:10114000202104355A4042F30003013903EA000329
:1011500083EA5202F7D1A542F1D1344BC3F8A8205B
:10116000BFF34F8F4FF0E0233149334AC3F8701F6C
:10117000C3F8702FBFF34F8FBFF36F8F2F4A022436
:101180002F48D36E2F4943F44053D3660460D3698C
:101190002D4823F07F0343F04003D3610B68834263
:1011A00040D8274D00204FF0E0234FF0FF32286059
:1011B0000121C5F8080125480C460E46C5F8000176
:1011C000C5F80811C3F88021C3F88421C3F8882129
:1011D000C3F88C21C3F8902101E000F071F9D5F833
:1011E0000C31002BF9D04F2CC5F80C6104F101042F
:1011F000F3D9174B022017494FF00042C1F84001C4
:101200005A63D5F80C313BB9134814490C4A0163B1
:10121000D2F80C31002BFAD04FF0E023104AC3F87B
:101220000C2DFEE7FFF7E0F9BBE700BF00FF27202A
:1012300080FF27202083B8EDA0FF272000C00F40AB
:1012400000400840749C0020803DCD0B009F24008E
:1012500000900D4000002E4000800F40F100AD0BCB
:101260000400FA05094A08B50346106823B103448F
:1012700007498B4201D8136008BD02F0E3FD0C2240
:1012800003464FF0FF301A6008BD00BF5CA5002088
:1012900000002820002070474FF0FF30704700BF4B
:1012A0004FF4005300204B60704700BF012070478F
:1012B0004FF0FF30704700BF30BFFDE7FFF70EBFB4
:1012C000124AD2F880305B07FBD5D2F88030104844
:1012D000C3F30B230F4990ED007A07EE903A91ED9E
:1012E000006AB8EE477A0C4AF8EEE77A0B4BD2ED7B
:1012F000006A77EEC77A93ED007AB8EE477A67EE28
:10130000867A87EEA60A37EE400A704700810D40C4
:1013100098BE0020A0BE0020A4BE00209CBE0020DD
:10132000836B70B586460E4610461BB1536843F476
:101330000043536072B6DEF8342042B31B4B10609A
:10134000D3F8B02132421ED1194C656805E06268BD
:10135000A2EB050CBCF5166F0BD2D3F8402142F47A
:101360008042C3F84021D3F8B811D3F84021520489
:10137000EDD5314007D10D4ACEE90201D2F8B031A6
:101380003343C2F8B031CEF8340062B670BD0749BD
:10139000CEE90202D1F8B0313343C1F8B031CEF812
:1013A0003000CEF8340062B670BD00BF00002E40A1
:1013B000001000E070B5056B95B12B46002403E0EA
:1013C0001B680134012B0CD05A681206F8D5036350
:1013D00006462CB12846B36B2D689847013CF9D1DD
:1013E00070BD00220023C0E90C23F1E700B501BB6A
:1013F000DFF8A0C0234B0021234A4FF0010E4FF02D
:1014000001109960C3F800E0CCE902314FF0800C84
:10141000C3F804C0C2F8BC01D2F8B0311B4843EA9B
:101420000E03C2F8B0310160D2F8B031002BFBD10D
:1014300000BD0904164BDFF85CC04FF0010E41F00F
:1014400080019860104A596000F58051C3F800E0AF
:10145000D96000F50051CCF84830196100F54051D1
:1014600000F58040596100219861CCF84C10D2F809
:10147000B03143F48033C2F8B031D2F8B031002B30
:10148000FBD1B7E740AF002000002E40B8BC0020E1
:1014900060AF002000000020074901220B78824045
:1014A00023EA02030B7033B9044AD2F8483123F01F
:1014B0008003C2F8483170472AC6002000002E4041
:1014C0002DE9F047A64C82B0D4F84461F107C4F886
:1014D00044614CD5D4F8AC31002B43D0A14DA24F80
:1014E000DFF8B882C4F8AC31D5E90A20D4F840312D
:1014F00043F40053C4F84031D4F840319B04F5D58F
:10150000D4F840314FF0011123F40053C4F84031B6
:10151000C4F8B411D4F8B43113F00113FAD191B274
:1015200084463B60B1F5086F00F03A8100F2958087
:1015300040F2023E714500F0928100F2A4808229BF
:1015400000F0E181B1F5817F00F0B381802940F0A6
:101550009580864802210380FFF748FFD4F8AC311C
:10156000002BBFD17E4AD2F8BC31002B42D172068B
:1015700016D57B4BD3F8AC21C3F8AC21D3F8BC21F2
:10158000C3F8BC21D3F8B041002CFBD14FF0FF329F
:10159000C3F8B421D3F8843100F040FD744B1C60D3
:1015A000F40103D5734B1B6803B19847B00103D511
:1015B000714B1B6803B19847710708D5684BD3F886
:1015C000843113F4007345D06C4B01221A70644BC4
:1015D000D3F848311A060AD5330608D5684A137875
:1015E0002BB1013BDBB21370002B00F06D8202B017
:1015F000BDE8F0875C49C2F8BC310868034240F09E
:1016000098815B4A12681340B1D01C0C554D1FFAEB
:1016100083F810D094FAA4F7B7FA87F705EBC71050
:101620004030FFF7C7FE012303FA07F7BC43F1D1AF
:10163000B8F1000F9BD0012798FAA8F4B4FA84F40B
:1016400005EBC41007FA04F4FFF7B4FE38EA040807
:10165000F2D18CE7494A1370B9E742F2212E714565
:101660005AD049D8B1F5106F00F0A28042F2210C97
:10167000614503D1010C072900F08C814FF0011363
:10168000C4F8C0316AE7B1F5A06F00F0CA80A1F5D7
:10169000D0610129F2D83B4B59680029EED01FFADE
:1016A0008CFE120C03E019690C330029E6D0B3F864
:1016B00000C09445F7D1B3F802C0F445F3D14FEA26
:1016C000122C000CBCF1030F00F0CB811B8983426C
:1016D00028BF0346B2F5007F9A4640F09A81274B17
:1016E0001B78002B40F0EE81274952462748DFF84F
:1016F0009C90FFF71FFC9EE142F22133994214D0E7
:101700004FF6C0039942B9D183B2FF2BB6D843F448
:101710006E4363F30F0CBEE780B230B91C4B120C62
:1017200019681C4B19601C4B1A700023C5F84880BF
:10173000EB64C8F808300123C8F800308023C8F8EB
:1017400004304FF00113C4F8BC31D4F8B03143F485
:101750008033C4F8B031D4F8B031002BFBD1FDE6B2
:1017600000002E4000000020B8BC002010BE002069
:10177000BCBC0020F4C50020F8C5002032C6002003
:1017800033C6002074950020801F0060A0A923208C
:10179000ECC40020F0C5002030C6002040AF00207F
:1017A000B34B0121B3481B780370FFF71FFED5E64A
:1017B000AF49120C01930A70AF4AC4F8C821AF4A6E
:1017C000C4F8CC21AE4AC4F8D02100F029FC802214
:1017D0000199AC4802F0F0F9AB498022019BA96461
:1017E0004A60AA4AEB64C5F8A02002F13C428B6033
:1017F00002F56C2202F56F72C5F8E02001220A6042
:101800004FF00112C4F8BC21D4F8B02142F4803268
:10181000C4F8B0219E4A3B60D2F8B031002BFBD116
:101820009CE69949EB648B600123A9640B608023DB
:101830004B604FF001139649C4F8BC31D4F8B03175
:1018400043F48033C4F8B031D1F8B031002BFBD170
:10185000130C5B0643F08073C1F854317EE610F040
:10186000780F7FF40BAF00F07F028A4B000653F82D
:1018700022104CBF41F4803141F0010143F82210A5
:101880000021814BE96499600121AB6419608021DA
:101890007F4A59604FF00113C2F8BC31D2F8B03121
:1018A00043F48033C2F8B031D2F8B031002BFBD111
:1018B00054E610F0780F7FF4E1AE00F07F02754B34
:1018C000000653F822104CBF21F4803121F00101B1
:1018D00043F8221000216C4BE96499600121AB644C
:1018E000196080216A4A59604FF00113C2F8BC3177
:1018F000D2F8B03143F48033C2F8B031D2F8B0310D
:10190000002BFBD12AE610F078037FF4B7AE00F08D
:101910007F01604A000652F82110564A138036D5DE
:10192000C90301D50123137002215248FFF75EFD60
:1019300014E60020086058490C88486842F22101EA
:101940008C427FF45EAE80B200287FF45AAE5349D9
:10195000534C03C9A18086284FEA11412060A17130
:101960007FF44FAE72B64F48017841F00801017024
:10197000D2F848110D0605D480200143C2F8440175
:10198000C2F8481162B6484A5021117039E6CB07B7
:10199000CAD5C7E74049EB60444BC1E900200122AA
:1019A000AB601A60424A5A603C4A9A60D4F8B0115F
:1019B00041F00101C4F8B01102F58051D96002F57F
:1019C0000051196102F5405102F5804259619A6156
:1019D0002F4AD2F8B031002BFBD12B49EB648B603E
:1019E0000123A9640B6048F280034B604FF00113A0
:1019F000C2F8BC31D2F8B03143F48033C2F8B03110
:101A00004FF48033224A3B60D2F8B031002BFBD137
:101A1000A4E5B2F5E06F7FF468AE264B1B78002B8F
:101A20004ED12549DFF8949052464846FFF782FA96
:101A3000072389F8013029F01F0309EB0A02BFF3DD
:101A40004F8F4FF0E021C1F8703F20339A42FAD80F
:101A5000BFF34F8FBFF36F8F18485146FFF7C6FC97
:101A60007CE50B78834228BF03469A463DE600BFDB
:101A700031C6002010BE00200200CC00C8000200C9
:101A80000200C8008000002040AF00205DCFC6B833
:101A900000002E40C0012E4008B10020B0BC002044
:101AA000E8C500202AC6002033C6002060AF002011
:101AB0008000070032C60020E41F0060A0A9232098
:101AC0000449AFE7044910E60320FFF7E5FC07F0FF
:101AD000F1FF00BF801F0060E41F00602DE9F043AC
:101AE000841E83B0022C02D903B0BDE8F083124DEE
:101AF00090460F46C60105EBC0143C220021019020
:101B0000201D994602F058F8B8FA88F239045209B3
:101B100041EA42710122A951C4F83890A260B9F19A
:101B2000000FE1D00549019B9A400B681A430A60F7
:101B300003B0BDE8F08300BF00000020BCBC002063
:101B40002DE9F043A0F1020E83B0BEF1020F02D9DD
:101B500003B0BDE8F0839146C201124F884602F1FE
:101B6000400605463C220021F4190193201D02F095
:101B700023F8B9FA89FC4FEA0842019B4FEA5C1C42
:101B800042EA4C72BA510122A363A260002BDFD05B
:101B9000054905F110000B6882401A430A6003B042
:101BA000BDE8F08300000020BCBC002012044FF010
:101BB000010C816042F08002C0F800C0C36101F5F1
:101BC000805C01F54053426001F5005201F580410F
:101BD000C0F80CC08161C0E904237047831E022B4A
:101BE00000D9704700F1100C064B0A4603EBC010F9
:101BF00000B54FF0010E0EFA0CF15DF804EBFFF7A3
:101C00008FBB00BF40000020831E022B00D970470D
:101C10004FF0010C034B0A460CFA00F103EBC01025
:101C2000FFF77EBB0000002040687047144B0A227B
:101C3000DFF850C0D3F8200220F07F4000EB800393
:101C400000B55B0085B0604538BF18466946FFF7B0
:101C500011FADFF834C06B46002260461978013271
:101C6000013341B10A2A20F8021FF7D116228CF85D
:101C7000002005B000BD52008CF8002005B000BD6A
:101C800000441F40809698002CA8002000F0E6BA7F
:101C900000F0B4BA00F01ABB00F06ABB00F044BB1D
:101CA00070B5164D4FF0E02415494FF40032154E33
:101CB00005EB401582B001EB4021C4F88C210346AE
:101CC000328828460191FFF771FF019933880B4450
:101CD000BFF34F8FC4F85C1F20318B42FAD8BFF39B
:101CE0004F8FBFF36F8F03202946FFF78DFF4FF40F
:101CF0000033C4F80C3102B070BD00BF80AF0020CB
:101D000020AA2320FCC50020264B1A884368C3F371
:101D10000E43D21A002AF0B5C46983B028DD2248E8
:101D2000224D01782D78CBB2DFF894C0A942204D26
:101D300009D01CF803100F4635F811100E46C1F5F6
:101D400000718A421AD90133002125F81420082B8A
:101D5000184D88BF0B4625F8141098BF19460CF88B
:101D60000340154B017019680A441A6003B0F0BDB6
:101D7000204603B0BDE8F040FFF792BF0F4906EBE5
:101D800047200192084401EB4421FFF7D3F8019A60
:101D900009492046B31825F817300B6813440B6027
:101DA000E7E700BFFCC5002026C6002027C60020AC
:101DB0006CBE00207CBE002068BE002020AA23202C
:101DC0008CBE0020224B1A78002A3FD102F0FF037C
:101DD000204A1278002A39D01F4A1288002A35D0AA
:101DE0001E49C2F5006210B5087884B01C4901EBA9
:101DF00040141C4901EBC0212046CDE9022301918A
:101E0000FFF7D4FEDDE901120A44BFF34F8F4FF014
:101E1000E020039BC0F8701F20318A42FAD801935A
:101E2000BFF34F8FBFF36F8F04202146FFF7D6FE1D
:101E30000A480021084B027819800132019BD2B276
:101E4000032A98BF1346037004B010BD704700BF4B
:101E50002DC6002031C60020FEC500202CC6002063
:101E600080B0002020BA23202DE9F04F87B00490E5
:101E7000002900F0BF8000235F4C604F4FF0010944
:101E8000DFF890A15E4E029303915E4B5E4A1D788F
:101E90003B8802EB451284F800900192002B40F041
:101EA000A58098461D469B460198FFF7BDFE10F0A1
:101EB000800000F08B80BFF34F8F9AF8003084F8D9
:101EC00000B00DB9D6F80080002B7BD13368A3EBAE
:101ED0000803782B00F283804C4B1B78002B71D0C9
:101EE00000F094FA3B88012584F80090002BDBD0A9
:101EF00044491A46C3F500600D78039900EBC520EC
:101F0000DFF814B19142584417D20593DDE903215B
:101F10000192FFF70FF8019A4FF04041059B9B1A81
:101F20003B803B4BC3F88410BFF34F8F02980023D4
:101F30001044237007B0BDE8F08F0499FEF7FAFF54
:101F400000230BEBC5214FF400620198FFF72EFE32
:101F50000BEBC521BFF34F8F01F1200201F50063A8
:101F6000934294BF012340234FF0E02201EB43133F
:101F7000C2F8701F20318B42FAD1BFF34F8FBFF3ED
:101F80006F8F04200199FFF729FE1E4A1378013351
:101F9000DBB2042B28BF002313703B88039AD11AAD
:101FA000029A1A4403910292049A1A44002304925A
:101FB000174A3B80C2F88430BFF34F8F237000294B
:101FC0007FF463AF029807B0BDE8F08F4FF4006272
:101FD0000C4B8AF800001D7813463A808DE70123E8
:101FE00002988AF8003007B0BDE8F08F1A46C3F5B2
:101FF000006082E70846E6E72DC60020FEC5002007
:10200000ECC400202CC6002080B0002031C6002087
:1020100000002E402BC6002020BA2320704700BFAE
:102020002D4B002180222D4870B51B7800242C4EAA
:102030008B420CBF40234FF400732A4D33802B801A
:1020400001F0BAFD284A2146284B14704FF48072E3
:1020500027481C8001F0B0FD264A1021264B0220A3
:10206000C2E90044C2E90244244AC3E900441470AE
:10207000234AC3E90244234B1C70234614602246C2
:10208000FFF75EFD204B224631880320FFF726FD37
:102090002346012229880420FFF752FD20460134FF
:1020A000FFF7FEFD082CF9D1184B00214A221848F1
:1020B000184C0460C3F88410C3F88020D3F848217A
:1020C000154942F08072C3F8482121B1134A1378B0
:1020D00043F00103137070BD32C6002080B00020B1
:1020E000FCC5002000C600202CC60020FEC5002034
:1020F00080AF00206CBE00207CBE002026C60020E1
:1021000068BE002027C60020B5FC000000002E405D
:10211000F4C5002071FD00000000000036C600205C
:102120002DE9F84F4FF400324FF0E023C3F88C2133
:102130002B4B1C78002950D082468B46E4B20027F6
:10214000DFF8B490274B5046274AABEB07081B78C3
:10215000A34204F1010437D0092C244B244928BFA1
:1021600000241E5D39F8163031F8165003EB462175
:10217000ED1A1144A8452A4617D21E4C4246504635
:10218000FEF7D8FE236839F816105846A3EB0B0368
:1021900088443B4429F8168023604FF0E0234FF435
:1021A0000032C3F80C21BDE8F88FFEF7C3FE114AD8
:1021B0002F4430461368AA445B1B1360084A14700E
:1021C000FFF76EFDBB45BDD84FF0E0234FF4003262
:1021D0003846C3F80C21BDE8F88F0846DDE700BF9C
:1021E00027C6002026C6002020AA23208CBE00205F
:1021F0006CBE002068BE00207CBE00200B4B0C4A49
:1022000012781978D3B28A420DD0013309480A4AAC
:10221000092B0A4928BF0023C35C31F8131002EBD5
:102220004323585C70474FF0FF30704726C60020AC
:1022300027C600208CBE002020AA23207CBE0020C0
:10224000054B186800B1704700B583B0019000F0ED
:10225000DDF8019803B000BD68BE00202DE9F84FFD
:10226000144E154D33782A78934220D0DCB2DFF833
:102270005090DFF850B0DFF85080104F0134082C38
:10228000A24601D90024A24619F80400DBF8003068
:1022900038F8102037F81010521A9B1ACBF800307B
:1022A000FFF7FEFC86F800A02B78A342E6D1BDE83C
:1022B000F88F00BF27C6002026C600207CBE002065
:1022C0008CBE002068BE00206CBE002000B583B02C
:1022D00001210DF10700FFF723FF18B19DF807005A
:1022E00003B000BD4FF0FF30FAE700BF084B00B568
:1022F00083B01B788DF8070033B101210DF1070081
:10230000FFF7B2FD03B000BD03F0FF0003B000BD56
:1023100031C60020034B1B780BB1FFF7A5BD03F0BE
:10232000FF00704731C600202DE9F04100240D4E1A
:1023300001230D4DA0460D4F33703B782846A34234
:1023400005D0FFF771FC030658BF08F5006801349B
:102350002035042CF1D1BFF34F8F0023404633705A
:10236000BDE8F0812DC6002080B000202CC60020E2
:10237000204B1B7813B1204B1A8802B970471F4BB2
:10238000C2F500621E481F4930B51B7883B01E4C51
:1023900000EB431001EBC32101230546237000230A
:1023A000CDE90012FFF702FCDDE900120A44BFF399
:1023B0004F8F4FF0E023C3F8701F20318A42FAD8C4
:1023C000BFF34F8FBFF36F8F04202946FFF706FC42
:1023D0000A49002208480B7802800133DBB2042B43
:1023E00028BF13460B70BFF34F8F074B1A7003B013
:1023F00030BD00BF31C60020FEC500202CC6002025
:1024000080B0002020BA23202DC600202E4B2DE9BD
:10241000F0411E7886B1DFF8C88098F800305BB9CB
:102420000123F10788F8003040D4B20727D40023F5
:1024300088F80030730701D4BDE8F081234B1A6897
:10244000002AF9D0EFF30582002AF5D1EFF31085C9
:1024500072B61868002830D01D4C217800292CD184
:102460000122227042691A60002A2AD0916105B9BE
:1024700062B600258368457798472570DCE7154BE1
:102480001B78002BD3D0144F002557F8044F236836
:1024900020461B69984710B163699B6898470D4BAC
:1024A00001351A78EBB29A42EFD8C0E7FFF7C8FEC1
:1024B0000028BAD0AFF30080B7E7002DBCD162B6D8
:1024C000BAE7064B1A60D2E736C6002070B4002087
:1024D00015C6002016C600201CAF00207CB40020CA
:1024E00017C6002010B500234FF470440F224FF49C
:1024F000806EA0F88C411946A0F88E214FF46044FC
:10250000A0F890310A46B0F8883148F2B82C43F070
:10251000F003A0F8883101EB4103013100EB4313D4
:1025200004299C80A3F806E05A841A865A805A81AE
:10253000A3F80EC05A82DA825A83DA83EBD1B0F85C
:10254000883143F00F03A0F88831B0F8883143F4A4
:102550007063A0F8883110BD374B384A996F3848FE
:1025600041F47F0170B5996741F20106D3F88010FC
:1025700045F6C05543F226040A43C3F88020FFF70E
:10258000B1FF00F58040FFF7ADFF00F58040FFF799
:10259000A9FF00F58040FFF7A5FF0022A0F503107A
:1025A0004FF00F0E114600EB42134FEA421C01326E
:1025B0009981042A5981A3F80EE09E82DD8020F8DB
:1025C0000C1019829C81EED100221E484FF00F0E94
:1025D00041F20106114645F6C05543F2260400EBD0
:1025E00042134FEA421C01329981042A5981A3F80F
:1025F0000EE09E82DD8020F80C1019829C81EED1C5
:10260000002211480F2641F20105114645F6C0543B
:1026100043F2260E00EB42134FEA421C013299812D
:10262000042A5981DE819D82DC8020F80C101982F9
:10263000A3F80CE0EED170BD00C00F40000003FC19
:1026400000C03D4000001E4000401E40074A506A46
:10265000936A19468446506A936A9942F9D184452F
:10266000F7D1DB0B43EA4040704700BF00400D400C
:1026700008B5D0E900325BB1BAB10F4BA3FB02132E
:10268000DB0803EB4303B2EB83030AD1012008BD4F
:10269000094BA3FB0213DB0803EB4303B2EB8303F9
:1026A00001D0D21A4260F02AF0D801F0CBFB1C22F4
:1026B000034600201A6008BDABAAAAAA30B583B0B1
:1026C00060B3044621B11D46B2FA82F35B09A2B998
:1026D000206818B362680AB3164B174902FB03F36C
:1026E000B1EBB30F1AD3A368FBB900232360636077
:1026F000A360E360012003B030BD0193069BC0E9F5
:102700000012C360FFF7B4FF60B1002DF2D0626821
:1027100001992068A56001F04FFAEBE701F092FB08
:1027200016230360002003B030BD002101F044FAFD
:10273000DBE700BFABAAAAAA555555152DE9F04312
:102740002DED0A8B8BB08DED000B0199DDF800E0CB
:102750004FEA115C11EE903A0CF1FF3440F2FD7239
:10276000944211EE100A4FEA135500F2CC80C5F3E3
:102770000A02A2F2BE347F2C98BF002000F23381FF
:10278000BFEE008BD54AD64B8A18C2F3463C03EB0A
:102790004C1493ED006B93ED027B94ED122B94EDB2
:1027A000183B94ED160B141505EE104A6FF3130247
:1027B000B8EEC55B93ED049BA5EE060BA5EE073BBB
:1027C00093ED08AB93ED105B93ED067B93ED0CBBA3
:1027D00093ED0A6B93ED0E4BBEF100048D1A45ECA0
:1027E0001C4BACEE028BA8EE054B28EE092B38EE05
:1027F000005BA8EE0A7BA8EE0B6B30EE450B30EECB
:10280000080B33EE000B28EE023BA3EE046BB0EE98
:10281000434BA3EE067B98EE024B28EE038B30EE83
:10282000046B35EE034B35EE445B35EE035B36EE61
:10283000056BA8EE076B34EE062B21EE025B15EE5E
:10284000902A6FF47273C2F30A5C63443E2B00F269
:10285000FD8034EE424B34EE064BA24BB0EE457B8E
:1028600093ED028B91EE027BA1EE047B93ED003B96
:10287000B0EE480B93ED046BA5EE030B10EE101AAF
:1028800030EE480B93ED062BA0EE065BB0EE451B39
:1028900093ED0E4BA0EE021B37EE017B93ED0C6B1C
:1028A00027EE072B01F07F02921802F10F0403EBD1
:1028B000C202A7EE046B92ED1C4B03EBC40293ED36
:1028C0000A3B93ED085B53F834E05568A7EE035BD1
:1028D0004018002422EE023B37EE047B14EB0E027C
:1028E000A2EE057B05EB4033A3EE067BBCF1000FA7
:1028F00000F0BB8043EC102BA7EE000B0BB0BDEC3F
:102900000A8BBDE8F083021843EB03046FF0010764
:10291000561EA04644F1FF34B7426FF4001676EB22
:102920000404C0F059811EEB0E0241EB01046FF06C
:102930000107561EA04664F10004B7426FF400166A
:1029400076EB0404C0F01F810029C5F30A0280F26F
:10295000758140F2FE34A24240F3F48040F23344E9
:10296000A24200F37281A61A4FF0FF38A6F12007A9
:10297000C6F120040294039708FA06F408FA07F750
:102980002743029C28FA04F4274308FA06F420EAB5
:10299000040423EA07073C4340F0D480029C039FD1
:1029A00003FA04F4F0402043FB40184300F0010018
:1029B0008004A2F2BE337F2B21F0004123D8CCF358
:1029C0000A0CBCF1000F7FF4DBAE9FED407B9DED68
:1029D000006B26EE077B53EC172B23F00041964645
:1029E000A1F15071CCE6041843EB03066FF0010827
:1029F000671EB1466FF4001C46F1FF36B8457CEB0C
:102A0000060CC0F02481384B994208BFBEF1000F7C
:102A100000F0B68040F2BD339A42334B4AD9BEF142
:102A2000010F71EB030334BF01220022B5F5006FE3
:102A30002CBF002301239A424FF000000ED10BB0AF
:102A4000BDEC0A8BBDE8F04300F088B9002BC0F262
:102A50008280BCF5816F2AD9002AF0DB0BB0BDEC77
:102A60000A8BBDE8F04300F081B9A14280F2A0805A
:102A7000B7EE004B03F17F5101F50011104641EC18
:102A8000150B27EE057B35EE076BB0EEC63BB4EEBB
:102A9000C43BF1EE10FA29D49FED0E0B26EE000B8D
:102AA0000BB0BDEC0A8BBDE8F04300F08FB94FF0DE
:102AB000000CCEE6002272458B41B7EE000B34BF0E
:102AC00031EE000B30EE410B18E700BF00000000B4
:102AD000000030430000000000001000AB6A19C085
:102AE000400C0020E00200200000F03FB5EEC06B7B
:102AF000F1EE10FA01D5BFEE004B36EE042B35EEA9
:102B0000465B34EE423B35EE075B33EE067B37EE39
:102B1000057B37EE027B37EE446BB5EE406BF1EE92
:102B200010FA04D1002201F0004343EC162B9FED74
:102B3000715B8DED065B9DED067B27EE057B8DEDD4
:102B4000087BA9E79DED000B0BB0BDEC0A8BBDE83F
:102B5000F04300F02BB9B7EE000B35EE000B002868
:102B60003FF4CCAEB1EE400BC8E61EEB0E0E674B49
:102B700081F400214FF00002494172458B4158D346
:102B8000B7EE000BBAE69DED007B002927EE070BA0
:102B90006FDB002052EA080240F09980002BBFF65C
:102BA000ADAE0BB0BDEC0A8BBDE8F04300F0E6B86B
:102BB00003F140419FED516B01F57001104641EC6E
:102BC000100BA7EE000B20EE060B0BB0BDEC0A8B32
:102BD000BDE8F04300F006B952EA0800C5D01EEB8C
:102BE0000E0E4B4D4FF0000441EB0100744575EBA8
:102BF000000C01461DD3A84508BFA24219D1454A81
:102C0000904208BFA645BBD0424ADB4391424FEAFF
:102C1000D37334BF00210121994268D09FED390B55
:102C20006CE60018394983F400235B41A2429941C4
:102C3000A6D29DED007B37EE010B5FE6A2F2BE331C
:102C40007F2B3FF6E7AE0020BBE60020B1E654EA5A
:102C500009028AD0304D0022A94208BF9645E0D033
:102C600019F5001F08BF9442E3D11EEB0E0E494137
:102C7000CAE7C5F30A01A1F2FF34342C89D8C1F5A3
:102C800086614FF0FF34A1F11D0C033104FA0CF6FC
:102C900004FA01F5C1F1200E354324FA0EF635434E
:102CA0008C4020EA040423EA05052C437FF471AF2D
:102CB00020FA01F103FA0EFE41EA0E0123FA0CFCA0
:102CC00041EA0C0111F001010DD1084662E7002B29
:102CD000BFF614AEB7EE006B86EE007B8DED047B85
:102CE0009DED040B0AE60120B1EE400B52E721EE08
:102CF000010B03E6000000000000100000000000CF
:102D00000000007F00000000000000000000F0FF55
:102D10000000E0FF0000E07F0000F03F10B582B04F
:102D20008DED000B044601F08DF89DED000B046065
:102D300002B010BD82B058B1B1EE407B8DED007B8A
:102D40009DED007B222020EE070B02B0FFF7E6BFCF
:102D5000B0EE407BF2E700BF000000009FED010BEA
:102D6000FFF7E8BF00000000000000109FED010B1E
:102D7000FFF7E0BF000000000000007082B00028F4
:102D8000BFEE006BB7EE007B07FE067B8DED007B90
:102D90009DED000B9FED037B222080EE070B02B020
:102DA000FFF7BCBF0000000000000000B4EE400BC5
:102DB000F1EE10FA30EE407B87EE076BB0EE460B7B
:102DC00002D62120FFF7AABF704700BFB5EE400B27
:102DD000F1EE10FA00D070472220FFF79FBF00BF2E
:102DE000000000009FED076BB0EEC07BB4EE467BA9
:102DF000F1EE10FA00DC70472220FFF78FBF00BF12
:102E0000AFF30080FFFFFFFFFFFFEF7F03460846A1
:102E1000194600F093BC00BF024B0146186800F051
:102E20000BB800BFCCA70020024B0146186801F088
:102E300015BA00BFCCA700202DE9F04F01F10B021D
:102E4000162A85B0804624D8102900F2AB8000F005
:102E5000C9FA022518211022B74C2144A1F108001B
:102E60004E68864200F062817268F168B46822F0B0
:102E700003023244E1608C60516841F00101404638
:102E8000516000F0B5FA06F10804204605B0BDE82F
:102E9000F08F32F0070200F18580914200F28280CB
:102EA000019200F09FFA019AB2F5FC7FC0F0BA815E
:102EB000570A7FD0042F00F27281970907F1390574
:102EC0002BB207F1380CDB009B4C2344A3F108061E
:102ED0005B689E4207D10DE00028DF6880F2138115
:102EE000BE4207D03B46596821F00301881A0F28DB
:102EF000F2DD6546236991498B4200F0F1805E68FE
:102F000026F00306B11A0F2900F391818B4800299E
:102F1000C4E9040080F27981B6F5007F676880F02B
:102F20001981F10801310FFA81FC76090121B140C4
:102F300054F83C0098600F4304EBCC010839D96089
:102F4000676044F83C30C360AB1001269E40BE422F
:102F500036D83E4206D125F0030576003E4205F103
:102F60000405FAD004EBC50A04EBC507A946F968C5
:102F70000EE0486820F0030EAEEB020CBCF10F0F20
:102F80000B46C96800F31881BCF1000F80F22D8157
:102F90008F42EED109F1010919F0030F07F108077B
:102FA000E5D17FE10C23C8F800300024204605B0AD
:102FB000BDE8F08F4FF4007340254FF03F0C83E7DE
:102FC000A768796821F0030393429A4603D3991ABC
:102FD0000F2900F387805A495A4E0968103111446D
:102FE0000820CDE9011200F061FF01994B1E034456
:102FF0004542834630681D40B0F1FF3F18BF294667
:103000004046019100F0F6FE411C0546DDE9011243
:1030100000F02B8107EB0A0C844500F224814A4B17
:10302000186800EB01090BF1FF3EC3F8009000F0B7
:103030008981306801301BBFA5EB0C0C09EB0C003B
:103040003560186015F00700814600F04881C0F136
:1030500008000544CDE901236B1803EA0E0158442A
:10306000401A00EA0E06314640469B4600F0C2FE7A
:10307000421CDDE9012300F09581401B304440F003
:1030800001011868A56000EB0609A7426960C3F852
:10309000009017D0BAF10F0F40F25E81AAF10C0137
:1030A00021F0070C796801F0010141EA0C01796017
:1030B000052607EB0C01BCF10F0FC1E9016600F218
:1030C00063816968214B1E684E4538BFC3F8009084
:1030D0001F4B1E684E4501D2C3F800902F46C6E034
:1030E000676831E7BD1841F0010142F001027A60E2
:1030F0004046A560696000F07BF907F108042046AE
:1031000005B0BDE8F08F9A6801931944D760BA60A2
:103110004A6842F0010240464A6000F069F9019BAA
:1031200003F10804204605B0BDE8F08FCE68B14237
:103130007FF49AAE0235DDE6289600203096002016
:103140007CB60020B8A700204CB6002074B6002042
:1031500078B60020B6F5206F4FEA56207CD31428AD
:1031600000F2D38000F15C0109B25B30C90004EBCE
:10317000010C6158ACF1080C8C4503D1A8E08968BA
:103180008C4504D0486820F00300B042F7D8D1F84D
:103190000CC0C3E9021CCCF80830CB60D4E6142F75
:1031A00072D9542F00F2BA80170B07F16F052BB2BA
:1031B00007F16E0CDB0087E69D1842F001025A60B1
:1031C0009E68864AF1608E60C4E90455C5E9022212
:1031D0004CF001026A60404643F80EC0019300F0D3
:1031E00007F9019B03F10804E0E69E441C46DEF863
:1031F000043043F00103CEF8043054F8083F404651
:10320000D9608B6000F0F4F8D0E61E444046726846
:10321000019342F00102726000F0EAF8019B03F1B1
:103220000804C3E6D508691C09B2C90014E69D1854
:1032300042F001025A60694A0193C4E90455C5E9A4
:10324000022241F001026A604046995100F0D0F834
:10325000019B03F10804A9E6B00900F1390109B2A4
:103260003830C90083E7A74263D0A768796821F0A6
:1032700003009042A0EB020102D30F293FF732AFC7
:10328000404600F0B5F890E607F15C052BB207F177
:103290005B0CDB0018E6514651F808398B428A4630
:1032A00040F09A8015F0030F05F1FF35F3D1636804
:1032B00023EA0603636076009E423FF681AE1EB9A4
:1032C0007EE6760009F104091E42FAD04D4649E631
:1032D0008010012606FA00F00743676059E7CDE940
:1032E00002236B1803EA0E01ABEB010606EA0E0699
:1032F00031464046019300F07DFD431C019B04BF15
:103300004E461846DDE90223B7E6542827D8300B8D
:1033100000F16F0109B26E30C90028E7B7F5AA7F46
:1033200027D8D70B07F178052BB207F1770CDB0014
:10333000CAE52B4B186800EB01090BF1FF3EC3F8FF
:10334000009076E615EA0E0F7FF473AEA56851443F
:1033500041F001016960B5E601236B6090E7B0F5CB
:10336000AA7F25D8F00B00F1780109B27730C900A7
:10337000FDE640F254539F4224D8930C03F17D059F
:1033800003F17C0CEB009FE507F108014046CDE915
:10339000012300F063FFA568029B6968D3F80090E1
:1033A000019A8FE6A9F108010BEB0100002664E603
:1033B00040F2545188420BD8B00C00F17D01C90095
:1033C0007C30D4E64FF47E737F254FF07E0C7BE596
:1033D0004FF47E717E20CAE663686CE73096002069
:1033E0004CB60020014800F05DBD00BF44B600208F
:1033F000014800F059BD00BF44B60020DFF80CC002
:103400000A460146DCF8000000F002B8CCA7002014
:10341000002900F09F802DE9F04383B00C46009214
:103420008046FFF7DFFF009901F10B03162B60D8F0
:103430001023994260D854F804EC2EF003029A420B
:10344000A4F1080565DAB348806805EB020C604515
:10345000DCF8046000F0908026F0010060444068D1
:10346000C0076CD426F00306901983424CDD1EF091
:10347000010F0FD154F8080C281A0746406820F0B5
:10348000030006441644B34240F3EF801618B342DB
:1034900040F3C9804046CDE90023FFF7CDFCDDE9CC
:1034A00000230646002800F0178154F8041C21F080
:1034B00001012944A0F1080C614500F0AE80043AF6
:1034C000242A00F2CE80132A00F29C800346224672
:1034D000116819605168596092689A6021464046A7
:1034E00000F0BCFE4046FFF783FF304603B0BDE866
:1034F000F08333F007039CD50C23C8F80030002676
:10350000304603B0BDE8F0830246DCE90201C16049
:1035100088606968D01A0F2801F0010105EB0206E6
:103520001BD811436960736843F001037360404620
:10353000FFF75EFF2646304603B0BDE8F0831EF07D
:10354000010FA7D154F8080C281A0746406820F04C
:1035500003009BE71146FFF76FBC19436960E91848
:1035600040F001004860736843F001030831736064
:10357000404600F073FEDAE726F00306B01803F1C8
:10358000100C604580F28B801EF0010F82D154F840
:10359000080C281A0746406820F003000644164429
:1035A000B445B1463FF772AF3E46F96856F8080F8A
:1035B000043A242AC160886000F2A580132A40F2F0
:1035C000A0802168B9606168F9601B2A00F2A480BC
:1035D000083407F110022168116061685160A16828
:1035E0009160F918A9EB03024A4D42F00102A9606B
:1035F0004A607A6802F00102134340467B60FFF79D
:10360000F7FE98E723680360636843601B2A3BD892
:1036100004F1080200F108035AE750F8041C21F0F5
:1036200003010A4475E7043A3D46F96855F8080F66
:10363000242AC160886020D8132A1CD92168B96067
:103640006168F9601B2A3DD8083407F1100221682F
:10365000116061685160A16891602C4632463D4618
:1036600057E7214600F016FA38E7DCE90201043A90
:10367000C1608860D8E72A46E9E7214628460093DA
:1036800000F008FA009BE8E7A3688360E368C36082
:10369000242A25D004F1100200F1100318E71D4A76
:1036A0001D449560C21A42F001026A6054F8042C6D
:1036B00002F001021343404644F8043CFFF798FE31
:1036C000264638E7A1683961E1687961242A10D07B
:1036D000103407F11802BAE74046FFF789FE0EE7FB
:1036E000236903616169416104F1180200F1180363
:1036F000EEE62269BA616269FA61183407F12002C4
:10370000A5E7324667E721463046009300F0C2F94C
:10371000009B66E728960020A1683961E16879611D
:10372000242A03D0103407F1180254E72269BA6141
:103730006269FA61183407F120024CE713460A4621
:103740000146022000F0F2BC024B0344587800F01E
:103750000800704738290020024A0349034800F056
:10376000C9B800BFC0A70020ED4C0100309A00206E
:103770000C4B4168994210B5044601D003F0E0FAC1
:10378000A168094B994202D0204603F0D9FAE168BA
:10379000064B994204D02046BDE8104003F0D0BA51
:1037A00010BD00BF80B60020E8B6002050B7002052
:1037B0002DE9F843314A324C3249DFF8DC90DFF82A
:1037C000DC80314F1160002504232946082204F1D2
:1037D0005C00C4E903352D4EA560C4E90055C4E979
:1037E0000555656600F0E8F904F15800C4E9074999
:1037F000C4E90987E66200F051FB2946244B636760
:10380000082204F1C400C4E91A55C4E91E5525670D
:10381000C4F8CC50C4F8805000F0CEF904F168032D
:1038200004F1C000C4F88430C4E92298C4E92476C5
:1038300000F034FB174BC4F8DC30294604F59670D1
:103840000822C4E93455C4E93855C4F8D850C4F83E
:103850003451C4F8E85000F0AFF904F1D003C4E9E2
:103860003D87C4F8F09004F59470C4F8FC60C4F887
:10387000EC30BDE8F84300F011BB00BFB8B7002042
:1038800080B600200517010091190100B51901004B
:1038900009000100120002002D1901005119010058
:1038A00010B504460A4800F0FDFA636B23B9094BD2
:1038B000094A1B68626323B1BDE81040044800F068
:1038C000F3BAFFF775FFBDE81040014800F0ECBA0D
:1038D00048B60020B8B700201D170100014800F0CD
:1038E000E1BA00BF48B60020014800F0DDBA00BFD1
:1038F00048B600202DE9F8430746884616464FF0A3
:1039000000097568013D11D4B468A389012B08D959
:10391000B4F90E3001332146384602D0C04749EA97
:103920000009013D6B1C04F16804EED13668002EDD
:10393000E7D14846BDE8F8830EB410B59DB06FF0EE
:1039400000411FAB049107910B4953F8042BDFF89A
:103950002CC00290002406900868019302A9CDF8BB
:1039600014C01B9401F09EF9029B1C701DB0BDE8B1
:10397000104003B0704700BFCCA700200802FFFF33
:1039800010B50C46B1F90E1000F01EFA002803DB4A
:10399000236D0344236510BDA38923F48053A381C1
:1039A00010BD00BF2DE9F0411F46B1F90C3016469D
:1039B000DA050C4605460BD423F48053A381B4F9F1
:1039C0000E103B4632462846BDE8F04100F024BACE
:1039D0000223B1F90E10002200F0E0F9B4F90C3026
:1039E000EAE700BF10B50C46B1F90E1000F0D6F9A9
:1039F000B4F90C30421C0EBF23F4805343F48053BF
:103A00002065A38110BD00BFB1F90E1000F0B4B95C
:103A1000032A11D8002A3BD0013A431E013902443F
:103A200001E09A4234D013F8010F11F801CF60453C
:103A3000F7D0A0EB0C00704710B541EA0004A407D2
:103A400084460B460FD0013A431E0139024401E07F
:103A50009A421BD013F8010F11F801CF6045F7D03F
:103A6000A0EB0C0010BDDCF80040D3F800E074457A
:103A70001946604603F104030CF1040CE3D1043A47
:103A8000032AF0D860461946002ADCD1002010BD78
:103A900000207047884270B531D98B1883422ED9E7
:103AA000032A00EB02011DD941EA030C1CF0030FAD
:103AB0001D4618D14FEA920C0CF1FF36A1EB8C0495
:103AC0008C4653F804ED4CF804EDA445F9D1C6EB4F
:103AD000867301EB830105EB830CACF1040304391D
:103AE00002F0030252B102F1FF3C6FEA0C0C9C445D
:103AF00013F8012D01F8012D6345F9D170BD032A9A
:103B000050D941EA00039B074ED10F2A51D922F028
:103B10000F0301F1100601F1100C103B203100F1F0
:103B2000100E19445CF8104C4EF8104C5CF80C4C1C
:103B30004EF80C4C5CF8084C4EF8084C5CF8044C01
:103B40004EF8044C0CF1100C8C450EF1100EE9D11E
:103B5000F11812F00C0F034402F00F0503F11003EB
:103B600025D025F0030CACF1040426461A1F1C19BD
:103B70008C465CF804EB42F804EFA242F9D1043120
:103B800004333144334405F00302002AB6D0013A2D
:103B90000132013B0A4411F801CB03F801CF9142F5
:103BA000F9D170BD0346F0E7013A0346F0E72A4633
:103BB000EBE703461546D4E730B58407864603464F
:103BC00006D0A2B303F8011B980702F1FF32F8D127
:103BD000032A26D95FFA81FC0CEB0C2C0F2A0CEB84
:103BE0000C402AD922F00F0C9C44C3E90000C3E921
:103BF000020010336345F8D112F00C0F02F00F04ED
:103C000017D04FEA940C0CF1FF351A4603EB8C0CDD
:103C100042F8040B6245FBD1043304F0030203EBCA
:103C2000850322B11A4403F8011B9A42FBD1704666
:103C300030BD2246002AF5D1F9E71446E1E700BF7E
:103C400000B5DFF840E000F1FF3C01391CF8013F0E
:103C500011F8010F1EF8032002F00302012A1EF8DA
:103C6000002002F0030208BF2033012A04D01B1AEF
:103C700006D10028EAD100BD2030181AE6D000BDD8
:103C8000184600BD392900208AB340EA01039B078A
:103C900030B504468E4618D1032A07D815E0043AF9
:103CA00023D01CF0803F20D1032A26D92368DEF8D8
:103CB0000050A3F10131AB4221EA030C20467146CA
:103CC00004F104040EF1040EE9D003780C78A34249
:103CD0000FD1013A024406E06BB110F8013F11F830
:103CE000014FA34205D19042F6D1002030BD1046CD
:103CF0007047181B30BD184630BD20467146E4E7BA
:103D000010B504460843830701D1032A19D8A446F5
:103D100001F1FF3E07E01EF8011F03F8011B501ED2
:103D200031B19C4602466346002AF4D1204610BDBC
:103D300094440028FAD003F8011B6345FBD12046C8
:103D400010BD0B46A44618681946A0F1013323EABA
:103D5000000313F0803F01F10403D9D1043A032A90
:103D60004CF8040BEFD81946D2E700BF014B93F88B
:103D70001002704764A5002038B5074C00230546A3
:103D800008462360FDF788FA431C00D038BD23683D
:103D9000002BFBD02B6038BDC0BC002038B58C4652
:103DA000084C114605461A46604600232360FDF77D
:103DB0007FFA431C00D038BD2368002BFBD02B605A
:103DC00038BD00BFC0BC002038B58C46084C114639
:103DD00005461A46604600232360FDF75BFA431C44
:103DE00000D038BD2368002BFBD02B6038BD00BF4E
:103DF000C0BC002038B5074C0023054608462360A8
:103E0000FDF730FA431C00D038BD2368002BFBD0EF
:103E10002B6038BDC0BC002038B58C46084C11461C
:103E200005461A46604600232360FCF705FA431C4A
:103E300000D038BD2368002BFBD02B6038BD00BFFD
:103E4000C0BC0020014B1868704700BFCCA7002001
:103E500070B50E4E0E4DAE4208D0761BB610002443
:103E600055F8043B01349847A642F9D8094E0A4D4B
:103E700005F01CFEAE4208D0761BB610002455F8A3
:103E8000043B01349847A642F9D870BDF01D00608C
:103E9000F01D0060FC1D0060F01D0060704700BF59
:103EA000704700BF704700BF704700BF082802D1AD
:103EB0004FF48050704708B5FFF7C4FF1623036026
:103EC0004FF0FF3008BD00BF80EA0102844612F0C7
:103ED000030F4FD111F0030F32D14DF8044D11F003
:103EE000040F51F8043B0BD0A3F101329A4312F0B6
:103EF000803F04BF4CF8043B51F8043B16D100BF8F
:103F000051F8044BA3F101329A4312F0803FA4F11F
:103F100001320BD14CF8043BA24312F0803F04BFA6
:103F200051F8043B4CF8044BEAD023460CF8013B13
:103F300013F0FF0F4FEA3323F8D15DF8044B7047BD
:103F400011F0010F06D011F8012B0CF8012B002AFB
:103F500008BF704711F0020FBFD031F8022B12F0EA
:103F6000FF0F16BF2CF8022B8CF8002012F47F4FA5
:103F7000B3D1704711F8012B0CF8012B002AF9D1AD
:103F8000704700BF01F0FF01102A2BDB10F0070F74
:103F900008D010F8013B013A8B422DD010F0070FEA
:103FA00042B3F6D1F0B441EA012141EA014122F0E5
:103FB00007047FF000070023F0E80256083C85EA7A
:103FC000010586EA010685FA47F5A3FA87F586FA20
:103FD00047F6A5FA87F68EB9EED1F0BC01F0FF01E5
:103FE00002F0070232B110F8013B013A83EA010303
:103FF00013B1F8D10020704701387047002D06BF7B
:1040000035460338073815F0010F07D1013015F494
:10401000807F02BF013015F4C03F0130F0BC013891
:10402000704700BF0000000000000000000000001A
:104030000000000000000000000000000000000080
:104040000000000000000000000000000000000070
:104050000000000030B490F800F020F007016FF08D
:10406000000C10F0070491F820F040F048804FF069
:1040700000046FF00700D1E9002391F840F000F14F
:10408000080082FA4CF2A4FA8CF283FA4CF3A2FAFA
:104090008CF34BBBD1E9022382FA4CF200F1080009
:1040A000A4FA8CF283FA4CF3A2FA8CF3E3B9D1E9C7
:1040B000042382FA4CF200F10800A4FA8CF283FA8D
:1040C0004CF3A2FA8CF37BB9D1E9062301F120016C
:1040D00082FA4CF200F10800A4FA8CF283FA4CF355
:1040E000A2FA8CF3002BC6D0002A04BF04301A4673
:1040F00012BAB2FA82F200EBD20030BC7047D1E9BA
:10410000002304F00305C4F100004FEAC50514F0D4
:10411000040F91F840F00CFA05F562EA05021CBFA5
:1041200063EA050362464FF00004AAE7F0B51D4CB0
:1041300083B005462068019116461F46FFF7B2FE80
:10414000194A0199136823B35A6820681F2A23DC8F
:104150004DB9541C02325C6043F82210FFF7A4FEF4
:10416000002003B0F0BD03EB820E0124CEF888607E
:10417000D3F88861944046EA040C022DC3F888C144
:10418000CEF80871E5D1D3F88C512543C3F88C5192
:10419000DFE7064B1360D7E7FFF786FE4FF0FF30EF
:1041A000DFE700BF58A50020ACB40020B0B4002069
:1041B000F8B5064608200C46FFF778FE074630465D
:1041C000FFF710F9224A93685D6825F00305A5F111
:1041D00011031C1B3C44B4FBF7F4013C07FB04F443
:1041E000A74208DC00213046FFF704FE184A936816
:1041F0002B44984204D03046FFF7FAF80020F8BD6F
:1042000061423046FFF7F6FD0130114A0DD01149E9
:1042100093682D1B45F001055D600B6830461B1B44
:104220000B60FFF7E5F80120F8BD00213046FFF7ED
:10423000E1FD074A9268831A0F2BDCDD43F001038E
:104240005360054B03491B68C01A0860D3E700BFE1
:10425000289600204CB60020B8A70020002965D081
:104260002DE9F0410C460746FFF7BCF854F804EC82
:104270007D49A4F1080C2EF001030CEB03028D68BC
:104280005068954220F003000EF0010600F08B808C
:10429000151850606D6805F00105A846AEBB54F8CE
:1042A000084CACEB040C2344DCF8084001F1080E88
:1042B00074456BD0DCF80C50E560AC60B8F1000FD1
:1042C00000F08C8043F00100CCF804001360B3F5DB
:1042D000007F35D2DA0848685C090132012312B246
:1042E000A34003434B6051F83200CCF8080001EBC7
:1042F000C203083BCCF80C3041F832C0C0F80CC007
:104300003846BDE8F041FFF773B885B9034401F1C1
:10431000080E9068704543F001047AD0D268C260FC
:104320009060CCF804404CF80330D0E770474EF072
:104330000102B3F5007F44F8042C4CF80330C9D3D4
:10434000B3F5206F4FEA53204AD2980900F13902A1
:1043500012B200F13804D20088188A580838904206
:1043600003D15FE09268904204D0516821F00301CC
:104370009942F7D8D068CCE90220C0F808C0384686
:10438000C2F80CC0BDE8F041FFF732B8A5BB184435
:10439000D2E90223D3609A6040F00103CCF80430E4
:1043A0004CF80000ACE7184446B954F8083CACEBB4
:1043B000030C1844DCE90223D3609A6040F0010347
:1043C000CCF80430294BC1F808C01B68834297D849
:1043D000274B38461968FFF7EBFE91E7034498E74F
:1043E00014280FD9542824D8180B00F16F0212B2E8
:1043F00000F16E04D200AFE743F00101CCF80410E5
:1044000013607DE700F15C0212B200F15B04D200A0
:10441000A2E7C1E904CCCCE902EECCF804404CF8A8
:1044200003306DE7A4100123A3404C6823434B6085
:10443000A1E7B0F5AA7F07D8D80B00F1780212B235
:1044400000F17704D20087E740F25452904206D838
:10445000980C00F17D0200F17C04D2007CE74FF45F
:104460007E727E2478E700BF28960020BCA700203B
:104470007CB6002082B049B15AB16BB113780B60A1
:104480001278101E18BF012002B0704701A9002A3F
:10449000F3D1104602B070476FF00100F4E700BF9F
:1044A00030B5436C83B005460C4653B153F8240035
:1044B00088B1026843F824200023C0E9033303B025
:1044C00030BD2122042102F0D9FD03466864002892
:1044D000ECD10020F3E7012101FA04F35A1D920008
:1044E0002846019302F0CAFD0028F2D0019B4460E7
:1044F0008360E1E731B1436C4A6853F822000860F9
:1045000043F82210704700BF2DE9F0410E691746AD
:104510000D461C4601F114024FF0000E11688BB2DB
:1045200007FB03434FEA134C090C07FB01CC0EF1C8
:10453000010E9BB203EB0C43764542F8043B4FEA75
:104540001C44EBDC3CB1AB68B34207DD05EB8603F2
:1045500001365C612E612846BDE8F0816968013151
:104560008046FFF79DFF0746B0B12A69023205F188
:104570000C0192000C30FCF7DDFCD8F844306A687E
:1045800053F82210296043F822503D4605EB86037C
:1045900001365C612E61DEE7024B03483A46BA21E0
:1045A00002F04CFD6424002078240020B0F5803F08
:1045B000034636BF030400201020B3F1807F3CBFC8
:1045C0001B020830B3F1805F06D3B3F1804F0FD2E6
:1045D0009A0012D4033070471A01B2F1804F00F1F3
:1045E000040006D29B0108D45B00F3D4202070475E
:1045F0001A46002AFBDB013070470230704700BFCB
:104600000368590708D0DA071FD499072AD55B0831
:1046100003600122104670479AB282B91B0CDAB2CD
:10462000B2B11022190701D104321B09990714D025
:10463000D90701D401325B08036010467047DAB233
:104640004AB11A0717D10422EFE70022104670473B
:1046500018221B0AE6E70822FBE7590707D50232B2
:104660009B08E9E79B080222036010467047DB08BD
:1046700004D12022CEE7DB080322DDE70332DBE7AB
:1046800038B5436C04460D464BB15868B0B102686A
:104690005A6000220123C0E90323456138BD21226D
:1046A000042102F0EBFC034660640028EDD1094BC5
:1046B0000948002240F2451102F0C0FC1C220121F1
:1046C000204602F0DBFC0028F1D001220223C0E9E1
:1046D0000123DEE764240020782400202DE9F04F38
:1046E0000F691569AF4285B00E46904605DB2A4634
:1046F00043463D46884617461E46D8F80830D8F847
:104700000410EC19A342B8BF0131FFF7C9FE84467B
:10471000002800F09C80143000EB840E704505D218
:104720000346002143F8041B9E45FBD8143606EBD4
:10473000870296427CD208F1140707EB8505A5EBAA
:10474000080308F11508A845A3F11503CDE902E413
:104750004FEA930A8CBF002401249146E34605E00A
:10476000090C34D1B14500F104005ED956F8041BA0
:104770008AB2002AF4D0CDE90090B84686460023DC
:1047800058F8041BDEF800001FFA81F94FEA114CBB
:1047900081B202FB0911000C194402FB0C0000EB72
:1047A000114089B241EA004145454EF8041B4FEAE9
:1047B0001043E5D8DDE90090002C4FEA8A0208BFDB
:1047C00000220244536056F8041C090CCAD0036846
:1047D000CDF800908846BC46864600221946BCF8B3
:1047E000009008FB092909EB11499BB243EA0943F0
:1047F0004EF8043B5CF8043BDEF800101B0C8AB258
:1048000008FB032303EB194365454FEA1342E6D83F
:10481000002C4FEA8A02DDF8009008BF0022024413
:10482000B145536000F10400A0D8DDE902E4DC46A4
:10483000002C02DC05E0013C03D05EF8043D002BB7
:10484000F9D06046CCF8104005B0BDE8F08F034BBE
:10485000034862464FF4B17102F0F0FB642400207B
:1048600078240020F8B512F00303144607462FD130
:104870000E46A4102AD03D6C002D32D004F0010366
:1048800064103BB92868B8B1054604F00103641010
:10489000002BF7D02A4631463846FFF71FFF36B1C6
:1048A0007B6C716853F82120326043F8216074B149
:1048B000064628680028E7D12A4629463846FFF7E9
:1048C0000DFF0023286003600546DEE73046F8BD93
:1048D000013B0F4A52F823200023FFF715FE06463E
:1048E000C7E701213846FFF7DBFD054640B101234C
:1048F00040F27122C0E90432002338640360BDE74E
:10490000044B05482A4640F2451102F097FB00BFD0
:10491000CC2D002064240020782400202DE9F047CD
:104920000D4691462E69AB68496806EB6216741C09
:104930009C4207464FEA621804DD5B009C4201F18D
:104940000101FADC3846FFF7ABFD844600284FD062
:10495000B8F1000F00F114000BDD08F105010CEBBC
:1049600081010346002243F8042B8B42FBD100EB6C
:104970008800296905F1140319F01F0803EB810E63
:104980002ED0C8F1200902464FF0000A196801FA3A
:1049900008F141EA0A0142F8041B53F8041B9E4542
:1049A00021FA09FAF2D8AEEB0503153B23F0030315
:1049B00005F11502964538BF0023043340F803A0E3
:1049C000BAF1000F00D134467B6C6A68CCF8104015
:1049D00053F822102960604643F82250BDE8F08762
:1049E000043853F8042B40F8042F9E45F9D8EAE721
:1049F000034B044862464FF4EF7102F01FFB00BF07
:104A0000642400207824002003690A6900B5B3EB10
:104A1000020E12D100F1140C14310CEB820301EBE5
:104A2000820101E09C4508D253F8040D51F8042D91
:104A30009042F7D003D24FF0FF3E704600BD4FF0DA
:104A4000010E704600BD00BF2DE9F04F17460A6900
:104A50003B69A2EB0308B8F1000F83B00C4615D1F7
:104A6000143107F1140505EB830501EB830302E024
:104A7000994280F0858053F8046D55F8042D9642D4
:104A8000F6D080F08A804FF0010805E0FBDB3B4662
:104A90004FF000080F461C467968FFF701FD00281B
:104AA00000F086803A692669C0F80C8007F1100191
:104AB00007F11408834600F1140704F1140008EB11
:104AC000820E944600EB86060023B946C2460A468B
:104AD000019450F8041B52F8045F8CB21FFA85F859
:104AE000A8EB0408090C9844C1EB154101EB2841DF
:104AF0001FFA88F848EA0144864249F8044B4FEA15
:104B00002143E6D8A146019C301B1538153420F00E
:104B10000300A64238BF00200AEB00010431C4198B
:104B20008E4562460846DC4698BF23461AD9A7EB55
:104B30000A070434C61950F8045B13FA85F82B44AD
:104B40002D0C05EB28459BB243EA05498645C6F87E
:104B500000904FEA2543EDD80EF1FF335B1A23F0A6
:104B600003032344B9F1000F04D153F8041D013AA3
:104B70000029FAD06046CCF8102003B0BDE8F08FD1
:104B80000021FFF78DFC844658B101220023C0E9C3
:104B90000423604603B0BDE8F08F3B4627461C4621
:104BA0007AE7074B0748624640F2372102F046FA9F
:104BB0000246034B034840F2452102F03FFA00BF92
:104BC00064240020782400202DE9F043894683B036
:104BD000012157EC106B9046FFF762FC0446002859
:104BE00046D0C7F30A55C7F313030DB143F480133E
:104BF0000193331E15D101A8FFF702FD019B6361EC
:104C000001212030216115B3A5F233450544C0F1DF
:104C10003500C9F80050C8F80000204603B0BDE8D0
:104C2000F08368460093FFF7EBFCDDE9002328B131
:104C3000C0F1200103FA01F10A43C340002B0CBF6D
:104C4000012102216261A3612161002DDCD104EB0D
:104C50008103A0F23240C9F800001869FFF7A6FCF2
:104C6000C0EB4110C8F80000204603B0BDE8F08357
:104C7000034B0448224640F20F3102F0DFF900BF37
:104C8000642400207824002049B1FF2A02D80A7049
:104C9000012070478A2303604FF0FF3070470846B9
:104CA000704700BF2DE9F04F2DED028BD1B00C46BF
:104CB000079190460993824602F076F903681193B2
:104CC0001846FFF7C7F908221090002120A8FEF728
:104CD00073FFA389180603D52369002B01F06E80AA
:104CE00000239FED728BCDE92533CDE9143327AA3C
:104CF0000D932492174612931393059345462C4621
:104D00006C4BD3F8CC61FFF731F820AA0346009230
:104D10001AA922465046B047002800F09880C0F2F9
:104D20008E801A9A252A034601D01C44E8E7B4EB8A
:104D30000508064640F08F8000234FF0FF328DF8C3
:104D40005F309B46069301342378049201349946E0
:104D5000A9F120035A2B00F2AF80DFE813F0FE0226
:104D6000AD00AD00FA02AD00AD00AD00DD02AD005A
:104D7000AD00A802B702AD00B302C002AD00BC0294
:104D80005B005B005B005B005B005B005B005B004B
:104D90005B00AD00AD00AD00AD00AD00AD00AD00FD
:104DA0002101AD009C01AC03210121012101AD00D5
:104DB000AD00AD00AD00A803AD00AD000803AD002F
:104DC000AD00AD007302AD006103AD00AD0098070A
:104DD000AD00AD00AD00AD00AD00AD00AD00AD006B
:104DE0002101AD009C018701210121012101ED0379
:104DF00087016C00AD000804AD00F8033D04130406
:104E00006C00AD0073026A008303AD00AD00FB07C8
:104E1000AD006A00A9F13003002214F8019B02EBF7
:104E2000820203EB4202A9F13003092BF5D9069265
:104E30008EE723788AE723784BF0200B86E7082259
:104E4000002120A8FEF7B8FE01231C4458E7B4EB6C
:104E50000508064610D02599269B013143440729B1
:104E6000C7E900582693259117DC0837059B434472
:104E70000593002E7FF460AF269B002B41F0038347
:104E8000079B9B8903F04003002B41F0CF860598D8
:104E900051B0BDEC028BBDE8F08F079924AA5046B3
:104EA00001F022FF0028EBD127AFDFE70000000070
:104EB0000000000064A50020B9F1000FDCD0002341
:104EC000CDE90B3301228DF8DC908DF85F3008932B
:104ED0000A9204930E9337AD0292269A1BF0840334
:104EE000904600F005819DF85F1009B3DDF894C08D
:104EF00000260CF1010101200132786007290DF133
:104F00005F00CDE92512386000F33E8408377EB19A
:104F1000DDF894C00CF1010118A8023238600729AD
:104F20004FF00200CDE92512786000F320840837A5
:104F3000802B00F06583049B0A995E1A002E00F313
:104F4000E8801BF4807F40F021810A9B7B601A443B
:104F5000259B3D600133072B2692259300F3BC83EC
:104F600008371BF0040F05D0069B02995D1A002D2F
:104F700000F31884DDE9053102988142ACBF5B186B
:104F80001B180593002A40F0778300232593089B84
:104F90001BB108995046FFF761F927AF2546AEE6E9
:104FA000099B073323F00703B3EC028B9FEDA17B32
:104FB000B0EEC86BB4EE476BF1EE10FA099300F354
:104FC0003986B4EE488BF1EE10FA81F14685B9F1DD
:104FD000610F01F07A83B9F1410F01F07084049BF5
:104FE000013301F07F82B9F1670F18EE903A4BF46C
:104FF000807801F0F584B9F1470F01F0F1840023C6
:10500000089318EE903A002BC1F20885B0EE487B69
:105010000026A9F14103252B01F2DD81DFE813F021
:10502000A50CDB09DB09DB09700ADD0ADB09DB09FA
:10503000DB09DB09DB09DB09DB09DB09DB09DB0950
:10504000DB09DB09DB09DB09DB09DB09DB09DB0940
:10505000DB09DB09DB09DB09DB09DB09DB09DB0930
:10506000A50CDB09DB09DB09700ADD0A1BF0200F48
:1050700040F0DE85099A1BF0100F52F8046B41F0E6
:105080001C861BF0400F099201F08E8046F3C03859
:10509000434636B21FE2B9F1430F03D01BF0100FA5
:1050A00000F065860822002122A8FEF785FD099AF6
:1050B00037AD126822AB2946504602F0C5FF0A9070
:1050C000013001F0AE850A9B23EAE3730293099B4A
:1050D000269A043309930023CDE90B338DF85F3012
:1050E000089304930E931BF0840390467FF4FBAE69
:1050F0000699029E8E1B002E00F321849DF85F10FE
:1051000000297FF4F3AE049B0A995E1A002E7FF704
:1051100018AF4A49259B0F91102E27DD39464FF0D5
:10512000100837462E462546079C04E0103F102FF6
:1051300001F1080116DD013340481032072BC1E9A7
:105140000008CDE92532F1DD24AA2146504601F0C0
:10515000CBFD002840F09882103F102FDDE925326A
:1051600027A9E8DC2C4635463E460F4601330F9909
:1051700039603244072BCDE925327E6000F3648428
:105180001BF4807F07F108073FF4DFAEB9F1650F2C
:1051900040F3AC82B5EE408BF1EE10FA40F0528352
:1051A000259B27493960013301320121072B2692C3
:1051B0002593796000F37F870837199B0D998B42FF
:1051C00080F2EB84109B11991A44C7E90013259BC8
:1051D00026920133072B259300F3D38508370D9BC7
:1051E0005D1E002D7FF7BDAE1449259B0F91102D3C
:1051F00040F39787A146DDF81C8010260C4604E09A
:105200000837103D102D40F38B8701331032072BE8
:10521000C7E90046CDE92532F2DD24AA41465046D1
:1052200001F062FD002840F02F82DDE9253227AF32
:10523000E7E700BFFFFFFFFFFFFFEF7FF8950020CC
:1052400014250020DDF8248058F8045B00238DF835
:105250005F30002D00F0A185B9F1530F00F03787C2
:105260001BF010030B9340F03287049B002BC1F21C
:10527000FC801A460B992846FEF784FE9DF85F30A5
:105280000890002801F04884089A521B0A9222EAEA
:10529000E27202920BB1013202920B9BCDF8248094
:1052A00004930E930C9308934FF0730915E6099B32
:1052B00053F8042B0692002A80F27584069A09930B
:1052C0005242069223784BF0040B3FE52B238DF8D6
:1052D0005F3023783AE523784BF0800B36E52146A2
:1052E00011F8019BB9F12A0F01F09084A9F1300364
:1052F000092B98BF002201F2DD8211F8019B02EB1D
:10530000820203EB4202A9F13003092BF5D942EAEC
:10531000E27304930C461BE5504601F045FE4368DA
:1053200013931846FEF796FE15900646504601F078
:105330003BFE826823781492002E3FF407AD002ACA
:105340003FF404AD1278002A3FF400AD4BF4806BBB
:10535000FCE423784BF0010BF8E49DF85F20237800
:10536000002A7FF4F3AC20228DF85F20EEE41BF0DE
:10537000200F4BF0100000F02884099B073323F026
:1053800007031A46596852F8083B099200228DF823
:105390005F20049A002A18DB53EA010220F4906B84
:1053A00015D1049A9AB910F001031A46029300F03D
:1053B000738630238DF83F31049B0A92CDE90B337D
:1053C0000E9308930DF23F1587E520F4806B50ADE6
:1053D00003F00702DB0843EA4173C908303253EA9D
:1053E0000106284605F8012DF2D11BF0010F00F04F
:1053F0001582302A00F012823023049905F8013C0E
:10540000023850AB1B1A99424FF00002B8BF194640
:10541000CDE90B2208920A93054602910E925CE5B3
:105420001BF0200F4BF0100121D1099B1A1D099B85
:1054300004981B684FF0000840458DF85F801E46B9
:1054400059DB21F0800B002B40F08C85099200285D
:1054500040F0E983CDE90B000A900E90029008908D
:1054600050AD3AE51BF0200F00F0BE835946099B72
:10547000073323F0070200238DF85F30049BD2F836
:10548000048052F8086B0992002B35DB56EA0803BA
:1054900021F0800B31D1049B002B40F0C483CDE977
:1054A0000B330A930E930293089350AD15E52378BE
:1054B0004BF0080B4AE41BF0200F4BF0100300F0F8
:1054C0007A83099A073222F007029B46536852F802
:1054D000086B09929846002BC0F2C282049A002AF7
:1054E0000BDB56EA08032BF0800B06D1002A00F0F4
:1054F0004187302607E009928B460A2E78F1000397
:1055000080F0BF823036049A9DF85F308DF83F619D
:10551000012AB8BF0122029201220A920DF23F1520
:10552000002B01F06D83029B013302930023CDE930
:105530000B3308930E93D0E42378682B03BF637872
:105540004BF4007B01344BF0400BFFF7FFBB099A93
:105550001BF0200F02F1040300F088831268059904
:105560001160C917516009932546FFF7C8BB23781E
:105570006C2B03BF63784BF0200B01344BF0100B06
:10558000FFF7E4BB099A049E52F8041B002047F67B
:1055900030038642ADF860308DF85F000B46C0F2F4
:1055A000DB832BF0800545F0020B002940F0D68309
:1055B000002E00F0E686099230230122CDE90A216F
:1055C0000E918DF83F3102960DF23F154FF078099C
:1055D0008E4608910C91A5E31BF0200F40F0258327
:1055E000099A1BF0100F52F8043B41F05E831BF048
:1055F000400F00F0E9859BB2099258460021C5E6AC
:10560000069B02995E1A002E7FF795AC8B49259B6D
:105610000F91102E24DD38464FF010082F46194602
:105620002546864C04E0103E102E00F1080013DDE4
:10563000013110320729C0E90048CDE92512F2DD19
:10564000079924AA504601F04FFBE8B9103E102EEE
:10565000DDE9251227A8EBDC2C460B463D46074624
:1056600001330F9939603244072BCDE925327E6032
:1056700000F3638508375EE4079924AA504601F0D9
:1056800033FB00283FF481AC089B002B3FF4F8ABC0
:1056900008995046FEF7E2FD079B9B8903F0400303
:1056A000FFF7F2BB109B11991A44C7E90013259B21
:1056B00026920133072B259300F3068707F1080193
:1056C0000028C1F21E810D980D6001330244072BA2
:1056D000CDE92532486046DD079924AA504601F0FD
:1056E00003FB0028D0D1269A27AF3AE40D98259BDA
:1056F000012802F1010203F1010307F1080140F35F
:1057000064810120072BCDE925323D60786000F3EC
:105710002C821098119E01330244072BC1E90060CE
:10572000CDE9253200F32D8208310D98B5EE408B7E
:10573000F1EE10FA00F1FF3600F05F810133013520
:105740003244072BCDE925320D604E6000F34981CC
:1057500008311298486001330244072B1CA8CDE998
:1057600025320860B8DC01F10807FFF7FABB07999A
:105770000F9324AA504601F0B7FA002884D1269A44
:105780000F9B27AFFFF7D4BB07990F9324AA50466E
:1057900001F0AAFA00287FF477AF269A0F9B27AF73
:1057A000FFF7B5BB102D259B41F3D580A046DDF852
:1057B0001C90234C102604E0103D102D07F1080723
:1057C00015DD01331032072BC7E90046CDE925323C
:1057D000F2DD24AA4946504601F086FA00287FF4FB
:1057E00053AF103D102DDDE9253227AFE9DC21460E
:1057F0004446884601332A44072BC7E90085CDE992
:1058000025327FF7B7AB079924AA504601F06CFA0E
:1058100000287FF439AF269AFFF7ACBB049950AA51
:10582000521B91424FF00003B8BF1146CDE90B3334
:1058300008930A9202910E93FFF74FBBF895002050
:105840003C2A00201998002840F300840B9B0D99F6
:105850008B42A8BF0B46002B98460ADD1A44C7E9C5
:105860000053259B26920133072B259300F3B48721
:1058700008370B9EB8F1000FA8BFA6EB0806002E54
:1058800000F3AB820B9B1BF4806F03EB050940F028
:10589000CA82199B0D998B4203DB1BF0010F00F0AC
:1058A0007D85109911980A44C7E90001259926922F
:1058B00001310729259100F39B8708370D996E1850
:1058C000A6EB0906CD1AAE42A8BF2E46002E0BDD70
:1058D000259BC7F8009001333244072B7E60269247
:1058E000259300F3D3870837002EA8BFAD1B002DEA
:1058F0007FF737ABB949259B0F91102D40F31184E9
:10590000A146DDF81C8010260C4604E00837103D47
:10591000102D40F3058401331032072BC7E90046F0
:10592000CDE92532F2DD24AA4146504601F0DCF9EA
:1059300000287FF4A9AEDDE9253227AFE7E72599F6
:10594000102E404640F361870F943A46A846079CC4
:10595000A34D1F4604E0103E102E02F1080216DD92
:105960000131103010230729CDE92510156053604F
:10597000F1DD24AA2146504601F0B6F900287FF453
:1059800083AE103E102EDDE9251027AAE8DC3B4649
:105990000F9C17462A464546904601F1010C3218E5
:1059A000BCF1070FCDE925C2C7F800807E6000F387
:1059B00036839DF85F100837002940F0F880002BEF
:1059C0003FF4B9AA0B46FFF7A5BA1BF0010F7FF40D
:1059D00098AE0120072BCDE925323D6078607FF736
:1059E000B8AE079924AA504601F07EF900287FF44A
:1059F0004BAEDDE9253227A9ABE60D9801287FF7EC
:105A0000A8AE112875480F9040F3B783A046079FB2
:105A10001025044604E00831103E102E40F3AC83FC
:105A200001331032072BC1E90045CDE92532F2DD03
:105A300024AA3946504601F057F900287FF424AED5
:105A4000DDE9253227A9E7E7079924AA504601F0A6
:105A50004BF900287FF418AE269A27AFFFF771BAEA
:105A60002D238DF85F30049B764268EB4808002BAD
:105A7000FFF643AD0A2E78F100032BF0800BFFF404
:105A800041AD0294CDF8289050A9DDF850900897C8
:105A90004FF0000C0BF4806426E016EB080351482D
:105AA00043F10003A0FB032020F0030202EB90026D
:105AB0009B1AF31A4B484FF0CC32B646474602FBCE
:105AC00003F268F1000800FB0822A3FB0063BEF1AB
:105AD0000A0F13444FEA560677F10007294646EAB3
:105AE000C3764FEA53082DD33E4D16EB080343F11E
:105AF0000003A5FB032020F0030202EB90029B1A97
:105B0000F31AA3FB053268F1000005FB00225B08D5
:105B100043EAC27303EB8303A6EB430330330CF178
:105B2000010C01F8013C4D1E002CB6D099F8003054
:105B30006345B2D1BCF1FF0FAFD00A2E78F100035C
:105B400080F0B3830499029CCDF8509050AB5A1B5F
:105B50009142B8BF1146DDF82890089F9DF85F304C
:105B6000CDF834C00A920291DAE4079924AA50468B
:105B700001F0BAF800287FF487ADDDE9253227A9C6
:105B8000C7E5079924AA504601F0AEF800287FF433
:105B90007BADDDE9253227A9C7E51BF0010F3FF4F6
:105BA000E0A9FFF70FBB09932378FFF7CFB81E4694
:105BB0000023FFF79EB9099A0432099909920E68E9
:105BC0004FEAE6789B46434685E4099B1A1D099BEC
:105BD00009921B680021FFF7D9BB00BFF895002090
:105BE0003C2A0020CDCCCCCC099A1BF0100052F8F6
:105BF000043B41F057801BF0400100F0A8818DF874
:105C00005F009BB204994FF0000841451E46C0F268
:105C1000A9812BF0800B002B40F0A481049B0992FA
:105C2000002B3FF43CAC00266CE45846FFF7A5BBC4
:105C30005B4646E4B5EEC08BF1EE10FA2BF0800B1C
:105C400000F11E839DF85F30B9F1470FCCBFA44D22
:105C5000A44D002B40F052870322CDE90B3308936B
:105C60000A9204930E930292FFF737B91BF0100FBC
:105C700040F07C821BF0400F40F0A7831BF4007FB4
:105C800000F07482099A0599126811706BE4964EBF
:105C90001BF0200F00F07D81099B073323F00703E1
:105CA0001A46586852F8083B09921BF0010140F06F
:105CB0005C81049A8DF85F10002AC0F28B8153EA50
:105CC00000022BF4906B00F0948103F00F02B25CA1
:105CD0008DF83F211B0943EA0073020953EA1010B3
:105CE0000DF23F150BD003F00F001B09305C05F8D7
:105CF000010D43EA0273120953EA0200F3D1049A38
:105D000050AB4FF0000E5B1B9A42CDE90BEEB8BFD3
:105D10001A460A930292CDF820E0CDF838E0002927
:105D20003FF4DBA8029BDDE925C2023302931BF09E
:105D300084039046614604D1069E0298361A002ECE
:105D400006DCBEF1000F3FF4E5A80226FFF7D1B84C
:105D50000223F5E5654E9BE74BF0020B0992634E7B
:105D600003F00F020221B25C4FF07809B0E7099B03
:105D70001B688DF8DC30012302930A9337ADFFF7DF
:105D8000A6B9079924AA504600F0AEFF00287FF478
:105D90007BAC269A27AFFFF722BA049B0895062B07
:105DA00028BF062302930A932B460495CDE90B33B3
:105DB0004F4DCDF824800E93FFF78FB84021504609
:105DC000FDF73AF8079B18601861002800F060871B
:105DD000079A40235361FEF783BF102E259B40F3A3
:105DE0002E874448DDF81C800F9039464FF010098B
:105DF000074604E00831103E102E40F32B82013399
:105E00001032072BC1E90079CDE92532F2DD24AA51
:105E10004146504600F068FF00287FF435ACDDE9CC
:105E2000253227A9E7E70D9BDDF83880CDF83CB097
:105E3000EB1804930C9BDDF81CB00B94002B4E4622
:105E40003946DDF85090159F0E9531DDB8F1000F01
:105E500040F32B8108F1FF382598139B01303A4419
:105E60000728C1E900372692259000F39F8008316A
:105E7000049B99F800009D1B8542A8BF0546002D94
:105E80000CDD259801302A440728C1E900652692D7
:105E9000259000F35E8199F800000831002DACBF19
:105EA000441B0446002C14DC06440C9B002BCDDC68
:105EB000B8F1000FCEDCDDE90D35EB189E42CDF8D0
:105EC00050900B9CDDF83CB0B1460F4628BF994678
:105ED000DFE4102C2598074B2BDD10250A9310E0EA
:105EE000D8240020D4240020F8240020E42400201A
:105EF0000C250020F8950020103C102C01F1080121
:105F000016DD0130AE4B10320728C1E90035CDE96E
:105F10002502F1DD24AA5946504600F0E5FE00288E
:105F20007FF4B2AB103C102CDDE9250227A9E8DC98
:105F30000A9B0B60013022440728CDE925024C6002
:105F400000F3588399F8000008310644ADE71BF4CC
:105F5000007840F0328204998DF85F8000291E4657
:105F6000BFF657AE0992FFF7C8BA53EA000237D01E
:105F700030228DF8602000228DF85F20049A8DF881
:105F80006190002A23DB2BF4906242F0020B022185
:105F90009BE6099A1BF0100F52F8043B099214D1AA
:105FA0001BF0400F0DD09BB200207EE624AA59467C
:105FB000504600F099FE00287FF466AB269A27A988
:105FC00056E71BF4007F40F0F58100206DE64BF0B2
:105FD000020B022103F00F022BF4806BB25C77E618
:105FE000049B00218B428DF85F10C0F241812BF49D
:105FF000906B049A002A00F0CB80012A33788DF848
:106000003F31B8BF0122002302920122CDE90B33B8
:1060100008930A920E930DF23F15FEF75EBF0799A3
:106020000F9324AA504600F05FFE00287FF42CABAB
:106030009DF85F10269A0F9B002900F0AC801E4649
:10604000DDF894C0034627AFFEF753BF259B5D499B
:106050003960013301320121072B269225937960A3
:1060600000F37C81083700287FF41CAB0D990BF0FE
:1060700001030B433EF475AF109B11991A44C7E915
:106080000013259B26920133072B259300F31C82D6
:1060900007F10801FFF717BB049B0A93CDE90B3307
:1060A0000E93089350ADFEF718BF0C9B013B09F10E
:1060B000FF390C93D0E6079924AA504600F014FE4D
:1060C00000287FF4E1AA269A27AFFFF776B80822C6
:1060D000002122A81B95FDF76FFD049B002B7DDBA3
:1060E00000260294CDF82080344698460EE037A969
:1060F000504601F0A9FF411C204400F09484404523
:1061000009DC06F1040600F0008504461B9A92594A
:1061100022AB002AEBD10A94DDF82080029C6AE0D1
:106120004C4601330F9939602A44072B7D60CDE935
:1061300025327EF715AFFFF7CFBA079924AA50464C
:1061400000F0D2FD00287FF49FAA269A27AFFEF721
:10615000F2BE24AA5946504600F0C6FD00287FF43E
:1061600093AA99F80000269A27A997E6099A059913
:1061700012681160FFF7F7B9444601330F980860C1
:106180003244072BCDE925324E607FF7E1AA28E49F
:10619000049BFFF784B9002B00F00981DDF894C05F
:1061A0000B4627AFFEF7B6BE1BF4007F16BF46F3C3
:1061B000C0184FEAE67876B24346FFF78CB900BFC5
:1061C000F8950020142500201BF4007100F0F980E0
:1061D000DBB2099258460021FFF7D8B822AB0093F2
:1061E00000231BAA1946504601F056FF0A900130C1
:1061F00000F019841B950A9B002B00F09F80632BF5
:1062000000F34C810023089337AD0822002122A817
:10621000FDF7D2FC0A9E22AB00931BAA3346294607
:10622000504601F039FF864240F042850A9A002329
:10623000AB5422EAE27202929DF85F20049312B1FD
:10624000029A01320292CDE90B33CDF824800E93ED
:10625000FEF743BE0F4601330F9939603244072BD6
:10626000CDE925327E6000F323810837FFF70ABBB2
:1062700033788DF83F312BF4806B0DF23F153EE5FE
:106280002D238DF85F30B9F1470F4FF000030893CD
:10629000049340F3E6800322964D0A92CDE90B3336
:1062A0000E9304230293FEF718BE159A1399AD1AA4
:1062B0002846FDF725FD99F801300BB109F10109D8
:1062C0008D4A16EB080343F10003A2FB030727F0F6
:1062D000030000EB97001B1AF31A4FF0CC3168F162
:1062E000000803FB01F102FB0811A3FB023001448B
:1062F0005B0843EAC1764FEA510816EB080343F105
:106300000003A2FB031020F0030101EB90015B1AD4
:10631000F31AA3FB023168F100005B0802FB0012D4
:1063200043EAC27303EB8303A6EB4303303305F860
:10633000013C4FF0010C013DFFF7F8BB9DF85F30C9
:10634000CDF82480003B18BF012302930A9B0493DD
:10635000CDE90B330E930893FEF7BFBD079924AA2E
:10636000504600F0C1FC00287FF48EA91998269AA7
:1063700027AF78E69DF85F3002920A9250ADFFF7A2
:10638000CFB8049B0992CDE90A330E930C93029384
:1063900050AD4FF078099E460893C3E46E18A6EB03
:1063A0000906CD1AAE42A8BF2E46FFF79DBA27AF09
:1063B000FEF7C1BDDBB2002077E48DF85F10DBB2E1
:1063C00020E409925846FEF7E1BF099A0599126840
:1063D0001180FFF7C8B822AB01931BAB0093B0EE5E
:1063E000470B049A19AB022150468DED027B00F059
:1063F00015FF9DED027B05461BF0010F40F0558215
:10640000229B5A1B199B0D92D81C0B93C0F2018240
:1064100004999942C0F20B819A4200F392820B9B3D
:106420000A931BF4806F03D00B9B002B00F32D838A
:106430000A9B23EAE373C34602934FF067090023E4
:106440000E930C930BF00201002E00F0CA804FF067
:106450002D0E8DF85FE0029B01330293002304931D
:106460005DE40322254D0A9218E72846FDF7F2FD68
:106470009DF85F300A9020EAE0720292002B3EF411
:106480000CAFFEF708BF079C24AA2146504600F037
:106490002BFCA38903F04003FEF7F6BC591C5046C1
:1064A000FCF7CAFC0546002800F0F6830890ACE62D
:1064B000079924AA504600F017FC00287FF4E4A8AE
:1064C000269A27AFFFF7DEB9079924AA504600F0B5
:1064D0000BFC00287FF4D8A8DDE92532199827A9FC
:1064E000FFF7EEB800230893062304934BF480785B
:1064F000FEF787BDD8240020CDCCCCCCD4240020FE
:10650000049B01330D93022122AB01931BAB00933B
:10651000B0EE470B19AB0D9A50468DED027B00F0A3
:106520007DFE0D9B29F0200CBCF1460F9DED027BFA
:10653000054600EB030100F09880B5EE407BF1EEDC
:1065400010FA00F0D882229B994288BF4FF0450C88
:1065500040F2CF8230205A1C22921870229B8B422C
:10656000F9D35B1B0D93BCF1470F199B0B9356D0CE
:10657000BCF1460F00F08F800B9B8DF87090013BB3
:10658000002B1993C0F24C812B22092B8DF871201E
:1065900000F34F8130228DF872200DF173023033F9
:1065A00002F8013B1CABD31A12930D9B129A012BDC
:1065B0001A440A9240F341820A9B109A13440A93A8
:1065C0000A9A2BF4806343F4807B22EAE272002370
:1065D000CDE90B330E93029234E7049B0D93032114
:1065E00092E79DF85FE0BEF1000F7FF434AF0496B0
:1065F000FFF795BB24AA5946504600F075FB0028CA
:106600007FF442A899F80000269A27A906444CE492
:10661000199B0B934B1BBCF1470F0D933BD10B9B6D
:106620000333C0F2F680049B0B9A93420FDA0B9B64
:10663000013BA9F10209002B8DF870901993A3DAA0
:106640000B9B2D22C3F101038DF87120A2E70D9B56
:106650000B9A934200F375811BF0010F0B9B00F026
:10666000B282109A13440A93DBE62B78302B00F0A9
:106670006182199B1944B5EE407BF1EE10FAC7D048
:10668000229B8B42FFF466AF5B1B0D93BCF1470F5F
:10669000199B0B93C3D00B99049A0BF001030029AB
:1066A00043EA020340F3CF82002B40F01A820B9B97
:1066B0000A934FF066091BF4806F40F0E8810A9B53
:1066C00023EAE373C3460293B9E647F63003ADF815
:1066D0006030049B632B4BF0020B00F35C8118EEDF
:1066E000903A002BC0F23B81B0EE480B19A800F0A5
:1066F00061FCB4EE007B20EE077BB5EE407BF1EE53
:1067000010FA40F0408201230026199337AD089615
:10671000AE480499B3EE004B2B4606E0B5EE407B45
:10672000F1EE10FA00F00F82114627EE047BFDEE29
:10673000C76B4A1E16EE90CA10F80CE0B8EEE65B86
:106740009C4637EE457B03F801EB0029E6D1B6EE17
:10675000005BB4EEC57BF1EE10FA08DCB4EE457BCD
:10676000F1EE10FA1ED116EE902AD2071AD5CDF806
:1067700088C013F8011C90F80FC08C451A460AD146
:106780004FF0300E02F801EC229A511E229112F8BD
:10679000011C6145F6D0392916BF0131817AC9B291
:1067A00002F8011C199A5B1B0D93B9F1610F02F1FC
:1067B000FF33199300F01F8250214FF04109002B45
:1067C0008DF87010C0F20E822B22092B8DF87120EB
:1067D0002FDC0DF17202E2E6079924AA504600F080
:1067E00083FA00287EF450AF269A27AFFFF741B80E
:1067F000079924AA504600F077FA00287EF444AFA7
:10680000199B269A27AFFFF759B8DFF8CC81FFF71D
:10681000C4B80B9BA9F10209013B8DF87090199344
:106820000B9A2D238DF87130C2F101030832BFF6A7
:10683000B1AE0DF17F0CDFF8A4E162461046AEFB6D
:106840000312D20802EB8201A3EB41013031632B2A
:1068500000F8011C134600F1FF32EFDC303302F880
:10686000013C831E634580F0C8810DF1710213F86D
:10687000011B02F8011F6345F9D103F5A0736B44B6
:10688000CC3B1B1A1CAA9B1A12938EE6079924AACA
:10689000504600F029FA00287EF4F6AE199D0D9BB3
:1068A000269A5D1B27AFFFF71FB8049B4FF0470CDC
:1068B000E918E0E600230C460493FEF749BA45F6D2
:1068C0003003ADF86030049B632B4BF0020B62DCAD
:1068D00018EE903A002B42DBB0EE480B19A800F0FE
:1068E00069FBB4EE007B20EE077BB5EE407BF1EE5A
:1068F00010FA01D10123199300263548089637ADC7
:1069000007E74642103033480F9052DA102780468E
:1069100003E00831103E102E4BDD01331032072BFF
:10692000C1E90087CDE92532F3DD079924AA504655
:1069300000F0DAF900287EF4A7AEDDE9253227A9B8
:10694000E8E70D9B109A9A180B9B0A92002B79DDB1
:106950004FF06709AFE6DFF88080FEF74BBF0023FA
:10696000089337AD2D26B1EE487BB0EE470B19A842
:1069700000F020FBB4EE007B20EE077BB5EE407B01
:10698000F1EE10FA04BF01231993B9F1610F3FF43E
:10699000BFAE0F48BDE6049B5046591CFCF74CFAAD
:1069A0000546002800F03D8108904BF48078FEF702
:1069B00028BB01330F9808603244072BCDE92532FC
:1069C0004E6000F302810831FEF77DBEE424002012
:1069D000F8240020F89500203C2A0020CDCCCCCC17
:1069E000049A002A00F0D480002BC0F22481B0EE7B
:1069F000487B002622AB01931BAB0093B0EE470B04
:106A000019AB049A022150468DED027B00F006FC82
:106A100000239DED027B05460893EDE42D26B1EEA3
:106A2000487BFEF7F6BA079B9B890022089243F049
:106A30004003079A9381FEF727BE1BF0010F3FF436
:106A4000BFADB9E5C3F101031A4422EAE273C346BC
:106A50000A9202934FF06709F1E418EE903A13F0AE
:106A600000432BF0800B0B9300F09A802D238DF8C0
:106A70005F30B9F1470F4FF000030893049340F3E0
:106A8000F8800322944D0A9208E44FF067091499A4
:106A90000B78FF2B00F0F88000200B9A0E908446B4
:106AA00003E001300131FF2B09D0934207DAD21AFB
:106AB0004B78002BF5D10B780CF1010CF3E7CDE905
:106AC0000B201491CDF838C00C9A0E9B15991344E5
:106AD0000A9A01FB03230A9323EAE373C346029352
:106AE000B0E4109B02EB01094B440A934FF0660996
:106AF000E1E55B1B0D93199B0B933DE500230322FE
:106B000008930A920493FFF7C9BB049B029CDDF82B
:106B100020800A93FFF76FBBCDF824801BB3049B42
:106B20000A935A1C029204900E900C904FF0730935
:106B3000FEF7D3B9B5EE407BF1EE10FA1ED1199BEA
:106B40000B93194466E5002A0491FFF62BAE0499D5
:106B5000302001EB030C194601F8010B6145FBD114
:106B60001A44531C1EE6049B0A930293089B0E933F
:106B70000C9304934FF07309FEF7AFB90D9BC3F16B
:106B80000103199376E500265448089637ADC0E511
:106B9000934273DBB0EE487B0123049E049329E704
:106BA0009DF85F30B9F1470FCCBF4B4D4C4D002BDA
:106BB00040F08680032204930A920E930C9308936C
:106BC0000292FEF78AB90A932BE4079924AA504649
:106BD00000F08AF800287EF457ADDDE9253227A9B8
:106BE000FEF771BD2D238DF87130C2F1010308321B
:106BF000FFF61FAEEDE57021E1E502231293D4E428
:106C0000CDE90B3308930E93FEF767B9099A6378C1
:106C10000C4652F8041B099241EAE1710491FEF717
:106C200095B8079A938943F0400393814FF0FF335F
:106C30000593FEF72CB92D26B1EE487BDAE62949FB
:106C40000F91FFF708BBC34633B9012302934FF0FE
:106C500066090A93FFF7F3BB109B03F10109049B3C
:106C60004B440A9323EAE37302934FF06609FFF75C
:106C7000E6BB03221A4D0A92FFF710BB01232D2613
:106C80000493B1EE487BB5E600230E930C931BE70B
:106C90000C23CAF80030C9E7079B08909B8943F092
:106CA0004003C6E65946FEF7C2BB5846FEF78FBF03
:106CB000079B9B8943F04003BBE65B46FEF77DBF25
:106CC000002304930E930C93089303230A93042345
:106CD0000293FEF702B900BFE0240020E424002064
:106CE000DC240020F89500202DE9F041154692683B
:106CF00002B32C6807468846083401E00834C9B15D
:106D00006B68581E002B1146686013DD54F8046C44
:106D1000002EF3D0334654F8082C4146384602F092
:106D200051FB431C07D0AA68921B1146AA60083485
:106D30000029E5D100200023C5E90133BDE8F08139
:106D400070B5002941D006460C4610B1436B002BAC
:106D50003ED0FCF7C3FD636EB4F90C20DD0730D4E0
:106D6000900538D52146304600F04CF8E36A0546D8
:106D700033B1E169304698470028B8BF4FF0FF357E
:106D8000A3891A0639D4216B41B104F14003994219
:106D900002D03046FDF762FA00232363616C21B113
:106DA0003046FDF75BFA00236364636E0022DB0765
:106DB000A2811ED5A06DFDF773F8FCF795FD28465E
:106DC00070BD002ACED1FCF78FFD0025284670BD8E
:106DD000FCF766FDBDE7A06DFDF764F8B4F90C3073
:106DE000002BBFD1636ED907EDD4A06DFDF75CF821
:106DF000E9E7A06DFDF758F8DCE721693046FDF7BB
:106E00002DFAC0E7B1F90C202DE9F04180461007BA
:106E10000C4650D4496842F400630029A38164DD24
:106E2000A66A002E44D0002112F48052D8F80050F7
:106E3000C8F8001065D1E16901234046B047411C04
:106E400002466CD0B4F90C30A66A5B0705D56368BE
:106E5000D21A236B0BB1E36BD21A0023E1694046CF
:106E6000B047471CB4F90C304DD1D8F800101D299B
:106E700040D8304ACA40D6073CD52269226023F464
:106E80000062A281D9044FF00002626003D5D8F8F5
:106E90000030002B41D0216BC8F8005041B104F103
:106EA0004003994202D04046FDF7D8F900232363FE
:106EB0000020BDE8F0810E69002EF9D00D680E604B
:106EC00092070CBF4B690023AD1B8B600AE02B4679
:106ED0003246E169676A4046B8470028A5EB0005DD
:106EE000064406DD002DF2DCE2E7E16B002997DCC9
:106EF000DEE7A38943F04003A3814FF0FF30BDE8F4
:106F0000F081226DA1E72269226023F40062A28150
:106F1000DB044FF000026260BDD52065BBE7D8F806
:106F20000030002B8ED01D2B01D0162BE1D1C8F8DC
:106F30000050BDE70100402000B5034683B008B112
:106F4000426B52B3B1F90C0098B14A6ED20701D42A
:106F5000820512D518460091FFF754FF00994A6E3A
:106F60000346D00702D48A8992050ED5184603B08D
:106F700000BD0346184603B000BD886D0193009123
:106F8000FCF790FFDDE90013E4E7886D0093FCF760
:106F90008BFF009B184603B000BDCDE90001FCF754
:106FA0007FFCDDE90031CDE7004870473CA70020B9
:106FB000000000004DF804BD83B08DED000B019A78
:106FC000DFF870C022F0004300216345016025D83E
:106FD000DDF800C053EA0C0C20D0DFF85CC002EAF8
:106FE0000C0CBCF1000F0AD19FED107B20EE077B4B
:106FF0008DED007B019A6FF0350122F00043DDE951
:1070000000BC6FF31E5242F07F5C1B154CF4001C59
:10701000A3F2FE33CDE900BC0B4403609DED000BF1
:1070200003B05DF804BB7047AFF3008000000000C0
:1070300000005043FFFFEF7F0000F07F00B50B4CD6
:107040002468864685B0E0689C460C4652B10849E3
:107050000094CDE9011273460649624601F028F812
:10706000FAF72AF904490A46F2E700BFCCA7002044
:107070001825002028250020FC23002010B5A1FBA6
:10708000021482B074BBFBF7D7FE034670B350F80E
:10709000042C22F00302043A242A10D8132A16D909
:1070A0001B2AC0E900441AD9242AC0E902440ABFB5
:1070B000C0E9044400F1100100F1180108E0214684
:1070C0000190FCF779FD019B184602B010BD014606
:1070D00000221846C1E900228A6002B010BD00F10A
:1070E0000801F5E7FCF7AEFE0C2303600023184609
:1070F00002B010BD2DE9F04F03690C69A34283B0C3
:10710000C0F28880013C01F1140500F1140855F823
:10711000243058F82420013308EB84069A42009664
:107120004FEA840B05EB8407B2FBF3F63AD3002356
:107130000191C64629469C4651F8042BDEF8009082
:107140001FFA82FA06FB0A334FEA134A120C06FBB7
:1071500002A29BB21FFA89FAAAEB030363441FFA47
:1071600082FCCCEB234C0CEB194C9BB243EA0C4356
:107170008F424EF8043B4FEA2C4C4FEA1243DBD2CD
:1071800058F80B3001996BB9009B043B984504D328
:1071900007E0984504F1FF3403D21A68043B002A43
:1071A000F7D004618146FDF72FFC00282EDB013665
:1071B0004146002255F8040BD1F800C01FFA80FEAA
:1071C0001FFA8CF3A3EB0E031344020CC2EB234211
:1071D00002EB1C429BB243EA0243AF4241F8043B3C
:1071E0004FEA2242E6D258F8242008EB84036AB919
:1071F000043B984504D307E0984504F1FF3403D2DB
:107200001A68043B002AF7D0C9F81040304603B092
:10721000BDE8F08F002003B0BDE8F08F2DE9F04FFE
:1072200093B08DED000B0491816B1C9D069257EC81
:10723000106B0446089341B1C26B4A60012393402E
:107240008B60FDF757F90023A363B7F10008B4BFC3
:10725000012300232B60A34BBCBF28F00048CDF8CE
:10726000048033EA080300F092809DED007BB5EEC8
:10727000407BF1EE10FA0DD1089A012313601D9B9B
:1072800013B11D9A984B1360984B0293029813B058
:10729000BDE8F08F10AAB0EE470B11A920468DED86
:1072A000027BFDF791FC5FEA18539DED027B109A7B
:1072B000834640F08280119B134403F2324120291F
:1072C00040F3E281C1F1400108FA01F803F21241F2
:1072D00026FA01F148EA010106EE101AB8EE466BF3
:1072E000013B16EE901A4FF00108A1F1F8719FEDE5
:1072F000772BB7EE081B9FED775B9FED784B06EE83
:10730000901A03EE903A36EE416BB8EEE33BA6EEF0
:10731000025BB0EE456BA3EE046BFDEEC65BB5EE13
:10732000C06BF1EE10FACDED055A00F1C080059961
:10733000D21A162902F1FF3A00F2A4806C4B03EB3B
:10734000C10393ED006BB4EEC67BF1EE10FA00F1D1
:10735000A281002A40F3C0840027CDE90A178A449D
:1073600000230993049B092B3DD8052BC4BF043B84
:107370000493049BA3F10203CCBF00250125032B3A
:1073800033D8DFE813F0FA01F701ED019201089A12
:10739000C8F3130842F20F7358EA060813601BD1B2
:1073A0001D9B002B00F04286524B029308331D9A1E
:1073B0000298136013B0BDE8F08F17EE901AB0EE8C
:1073C000476BC1F3130141F07F51A3F2FF3341F446
:1073D00040114FF000088AE71D9B002B40F06181AF
:1073E000454B029352E7002304930025E5632946A9
:1073F00020468DED067BFDF753F89DED067B029050
:10740000002800F0B485119A029BA363002A75DB63
:1074100005990E2972DC364B03EBC10393ED003B5B
:1074200087EE036BBDEEC66B029916EE103A303351
:1074300001F8013B4FF0FF39B8EEC65BA5EE437B88
:107440000123B2EE044B11E087EE036BBDEEC66B79
:10745000013316EE102A4B4502F13002B8EEC65B3E
:1074600001F8012BA5EE437B00F0A38427EE047BFB
:10747000B5EE407BF1EE10FAE6D1059B01330493A3
:107480000D46ECE001230B93059BBAF1000FBABF48
:10749000C2F101074FF0000A0027002B80F2F180B3
:1074A000059BFF1A5B42099300230A935AE7B8EE43
:1074B000E55BB4EE465BF1EE10FA3FF438AF0599A8
:1074C0000139059133E700BFAFF3008061436F637B
:1074D000A787D23FB3C8608B288AC63FFB799F50ED
:1074E0001344D33F0000F07F152500201425002011
:1074F000780B002058250020642500204FF0FF392C
:107500000695CDF83090B8F1000F00F0E984DDF871
:10751000248002F23342012120469244BD18FDF737
:10752000AFF80646002F40F09F82099B002B00F029
:107530009383B8F1000F40F077835946099A2046AB
:10754000FDF790F901238346099301212046FDF7B9
:1075500097F80A9B8046002B40F04582049B012B44
:1075600040F3AA820120504410F01F0000F008816F
:107570001B2800F3D582C0F11C0005440744824457
:10758000002D05DD59462A462046FDF7C7F98346FA
:10759000BAF1000F05DD414652462046FDF7BEF91F
:1075A00080460B9B002B40F00082B9F1000F40F3A6
:1075B000D781099B002B40F02481059B0133049364
:1075C000029F012507E0594600230A222046FCF7C6
:1075D0009BFF0135834641465846FFF78BFD4D45DD
:1075E00000F1300A07F801ABEDDB029BB9F1000FA7
:1075F00003F1010209F1FF394FF00003D8BF4FF04A
:10760000000991440093594601222046FDF786F96E
:1076100041468346FDF7F8F9002840F32083029A9B
:1076200002E0914500F026834D4609F1FF3915F837
:10763000013C392BF5D0013389F800304146204612
:10764000FCF758FF5EB1009B2BB1B34203D0194643
:107650002046FCF74FFF31462046FCF74BFF5946CA
:107660002046FCF747FF00232B70089B049A1A6002
:107670001D9B002B3FF40AAE02981D6013B0BDE8BD
:10768000F08F9A440A936BE6C1F1200106FA01F1EA
:1076900006EE101A22E6059B013B059300230B938F
:1076A000F2E6AC4B0293033381E601230D93DDE94F
:1076B0000523134403F101094E46012E0C93B8BF74
:1076C0000126172E40F39C84012204235B0003F162
:1076D0001400B042114602F10102F7D9E1632046DD
:1076E0008DED0E7BFCF7DCFE0290002800F03F845D
:1076F000B9F10E0F9DED0E7BA06346D8002D44D04E
:107700000599002940F3F182934B01F00F0203EB3E
:10771000C203CD0593ED006B4FEA211340F18A833C
:107720008E4A92ED085B03F00F03032187EE054BB1
:10773000002B00F0FB81894A01E05B100832D8077A
:1077400003D45B100832DE07F7D592ED005B5B10C7
:1077500001F1010126EE056B00F0E8810832F2E745
:1077600001230D93069B002B40F38B81069E0C9604
:10777000B146A6E700230D9399E700230D93F1E7A7
:107780001C20054407448244FAE6119A002AC0F2FC
:107790004081059B0E2B00F33C816F4B059A03EB58
:1077A000C20393ED003B069B002B80F2ED82B9F102
:1077B000000F00F3E98240F08682B1EE046B23EE05
:1077C000066BB4EEC67BF1EE10FA494640F27C82BD
:1077D000029D312305F8013B2046FCF78BFE059BFB
:1077E000023304933BE7314600230A222046FCF78C
:1077F0008BFE0C9B002B064640F3FA83DDF830909D
:107800000595002F05DD31463A462046FDF786F8FE
:1078100006460A9B002B40F0F6823746029D6B1EFF
:107820004B440A93009B03F001030C9341465846D6
:10783000FFF760FC31460B9000F1300A5846FDF727
:10784000E3F8414681463A462046FDF7FDF8C36815
:107850000146002B36D109905846FDF7D5F8099915
:1078600006902046FCF746FE069A002A5AD1049B51
:107870001BB90C9B002B00F0A483B9F1000F43DB74
:107880000A9BA9469D4209F801AB00F0D7825946F0
:1078900000230A222046FCF737FEBE4283463146CB
:1078A0004FF000034FF00A02204635D0FCF72CFEC3
:1078B0003946064600230A222046FCF725FE4D469F
:1078C0000746B3E72046FCF715FEB9F1000F08DBC9
:1078D000009B03F00102049B49EA030952EA0902F2
:1078E0002ED1594601222046FDF718F8414683461D
:1078F000FDF78AF8002840F34183BAF1390F00F010
:1079000024830B9B03F1310A05F801AB059B00961C
:10791000013304933E4691E6FCF7F6FD4D460646DC
:10792000074683E7B9F1000FC0F28483049B49EA5C
:1079300003090C9B53EA090900F07C83002A9FDDB0
:10794000BAF1390F00F001830AF1010305F8013B98
:10795000DCE700BF64250020780B0020500B0020DE
:10796000049B022B7FF725AEB9F1000F40F0008297
:1079700041464B4605222046FCF7C6FD014680469F
:107980005846FDF741F8484540F3F281029D312306
:1079900005F8013B41462046FCF7ACFD059B023350
:1079A0000493002E7FF457AE59E641465846FDF742
:1079B0002BF80028BFF6F9AD594600230A222046CD
:1079C000059DFCF7A1FD099B013D8346002B7FF43B
:1079D0000AAF0C9B002B40F3FE82059BDDF8309034
:1079E00004930595ECE51A4601462046FCF73AFF5C
:1079F000049B012B804640F3F98100230A93D8F8B9
:107A0000103008EB83031869FCF7D0FDC0F12000AB
:107A1000A9E50D9B73B9002F67D1099B002B74D189
:107A20001D461E4691E5119A002A03DB05990E2991
:107A30007FF7B4AE049B012B7FF765AD099B09F17D
:107A4000FF384345C0F27781B9F1000FA3EB080876
:107A500080F2BE82A7EB0903012120460D93FCF7BB
:107A60000FFE3D460D9F0646BAF1000F7FF75DAD54
:107A700057453B46A8BF5346ED1AFF1AAAEB030A27
:107A800053E50021E16320468DED067BFCF708FD00
:107A90009DED067B0290002800F06982029BA363A3
:107AA000002D40F09F81119AAA42C0F27C820123EE
:107AB0000C93994606936CE6009B002B7FF452AD25
:107AC000019BC3F31303002B7FF44CAD019B23F008
:107AD00000431B0D1B05002B3FF444AD0123013572
:107AE0000AF1010A0A9318463DE5BAF1000F00F0C9
:107AF000FE8157453B46099EA8BF5346FD1AAAEB97
:107B0000030A2F46002E3FF420AD5946099A20461D
:107B1000FCF7A8FE0023834609933D461E4614E564
:107B20001C283FF42DADC0F13C002AE684EE065B34
:107B30000B9B3BB1B7EE006BB4EEC65BF1EE10FAF7
:107B400000F1E081B1EE0C4B06EE901AB8EEE66B58
:107B5000A6EE054B14EE901A53EC142BA1F15073C2
:107B6000B9F1000F00F09B80DDF814C0484643ECEB
:107B7000142BB64B029DFDEEC53B03EBC00212ED8C
:107B8000022B13EE902A02F1300E0D9A691CB8EE0A
:107B9000E36B0E4635EE466B002A00F05B81B6EED5
:107BA000003B83EE025B35EE445BB4EEC65BF1EE68
:107BB00010FA85F800E000F32782B7EE001BB2EE62
:107BC000043B002518E001358542BFF62CAF26EEB8
:107BD000036B25EE035BFDEEC64B14EE902AB8EE68
:107BE000E42B303236EE426BB4EEC56BF1EE10FA98
:107BF00001F8012B00F1DF8131EE464BB4EEC54BAD
:107C0000F1EE10FADFD5029A0CF1010C02E091427C
:107C100000F097810D4611F8013D392BF7D0013363
:107C20000B70CDF810C01AE5314642462046FCF7ED
:107C300019FE5A46014606462046FCF74FFD5946B6
:107C40000D902046FCF756FC099BDDF834B0B3EBF1
:107C5000080309937FF471AC0123099375E403D100
:107C60001AF0010F7FF4DBAC4D4619F8013D302BC3
:107C7000FAD0E3E4059B029A023304933123137094
:107C8000DCE406EE901AB1EE0C4BB8EEE66BA5EE16
:107C9000064B14EE901A53EC142BA1F1507343ECE5
:107CA000142BB1EE046B35EE466BB4EEC46BF1EE03
:107CB00010FA00F35681B1EE444BB4EEC46BF1EE12
:107CC00010FA7FF562AD00212046FCF713FC069BFD
:107CD000029D5B420493C2E4059B0A939A460023EB
:107CE000C2F101070B93FFF73BBB00F00781059A38
:107CF000564B524202F00F0103EBC10393ED005BC0
:107D0000131127EE055B00F07981514A022101E051
:107D10005B100832DD0703D45B100832D807F7D5B3
:107D200092ED006B5B1001F1010125EE065B3FF463
:107D3000FFAE0832F2E7099B0A9AA8EB03031A4444
:107D4000012120460A92FCF79BFCCA4407EB090577
:107D50000646CDF82480002F3FF4EFAB57453B4655
:107D6000A8BF5346ED1AFF1AAAEB030AFFF7E5BBBB
:107D700041462046FCF7BEFB069B029D5B420493F6
:107D8000002E7FF468AC6AE4029B5E1C87EE036BF6
:107D9000BDEEC66B029A16EE103AB9F1010F03F16F
:107DA0003003B8EEC65B31461370A3EE457B7FF41B
:107DB00047AB37EE077BB4EEC37B059BF1EE10FAC1
:107DC00003F1010304939C4608DCB4EE437BF1EE1F
:107DD00010FA05D116EE103ADB0701D5029A19E721
:107DE0000D463CE40C95A946069589E4009B002BC2
:107DF0007FF403AEDDE90012C2F31303002B00F0A1
:107E0000C4800A91FBE571682046FCF749FB0546F2
:107E1000002800F00481336902339A0006F10C0156
:107E20000C30F9F787F8294601222046FCF776FD49
:107E30000746F3E40221B0EE474B79E4059B009638
:107E400001333E460493FFF7DEBB00BF780B0020F2
:107E5000500B0020029A24EE022B012882F800E049
:107E600014D0B2EE043B029A151826EE036BFDEE19
:107E7000C65B15EE902A303201F8012BA942B8EE0C
:107E8000E54B36EE446BF0D1711E0144B6EE005B5B
:107E900032EE054BB4EEC64BF1EE10FA3FF5B3AE41
:107EA00035EE425BB4EEC65BF1EE10FA0DDC119AD2
:107EB000002AFFF6B0AD059A0E2A3FF7ACAD059A41
:107EC00003EBC20393ED003B60E70D46013915F863
:107ED000013C302BF9D00CF101030493FFF7BFBB39
:107EE000109ADDF82480C2F13602FFF714BB099E18
:107EF000002E7FF40AAE3D46FFF727BB0221B0EE0D
:107F0000475B15E6B9F1000F3FF4BBAE0C980028B3
:107F10007FF73BACB2EE043BB1EE0C4B013106EE09
:107F2000901A25EE035B059BB8EEE66BA5EE064BBB
:107F300014EE901A03F1FF3C53EC142BA1F1507393
:107F400015E60CF1010C31236AE6A946392309F83C
:107F5000013B059B00960133029A04933E46FFF7CE
:107F600063BB029D312305F8013B002134E4334B10
:107F70003348002240F2AF11FFF760F87FF4C4AC41
:107F80001AF0010F7FF4B9ACBEE4019B23F000436B
:107F90001B0D1B05002B3FF431AD012301350AF108
:107FA000010A0A932BE50D9B002B33D101230C937F
:107FB000994606932FE50CF1010304930D46FFF754
:107FC0004EBBBAF1390FC0D091453FF79AAC9BE454
:107FD0004A46FFF7A0BA049A022A05DC059A0492E1
:107FE00099460595FFF7ECBA0595DDF83090BBE4AE
:107FF000049A0595022AF8DC994602E4022197E5E5
:108000000021E163FFF76BBB0CF1010304930D4604
:10801000FFF725BB0D9B069399460C930EE5074B86
:1080200007482A4640F2EF21FFF708F8054B029374
:10803000FFF72CB9002A3FF754AC65E46424002014
:10804000682500205825002030B5044687B05BB174
:1080500010480193D0F8C85171B12046A847421C7E
:10806000019B10D007B030BD00F582730948019321
:10807000D0F8C8510029F0D10A46204603A9A847E4
:10808000421C019BEED100218A221960226007B0B8
:1080900030BD00BF64A5002010B582B0049CCDE9BE
:1080A00000344FF0FF3301F055FC02B010BD00BFAB
:1080B0000EB400B582B003ABDFF81CC053F8042B3C
:1080C00001930146DCF8000000F008F802B05DF80A
:1080D00004EB03B0704700BFCCA700202DE9F04FA0
:1080E000C5B00DF1500A83460491164600210822BE
:1080F00050461C460B93FBF75FFDBBF1000F04D00D
:10810000DBF83430002B00F04987049B5A6EB3F93A
:108110000C30D00740F14181990400F1A985049900
:1081200043F4005322F400528B814A66930401F118
:10813000AE80049BB3F90C301D0740F1BD80049A5A
:108140001269002A00F0B88003F01A020A2A00F02F
:10815000C2800023CDE91933CDE90E331BAADFF825
:108160006C980D93189217460793B0464546D9F878
:10817000CC41FBF7FBFDCDF800A003462A4612A92F
:108180005846A047002800F0C580C0F2BB80129A74
:10819000252A034601D01D44E9E7B5EB080604464D
:1081A00040F0BC80002319468DF8433008934FF00F
:1081B000FF326B78059205F10108039108F101087F
:1081C0001946A1F120035A2B00F2F280DFE813F0E8
:1081D000E603F000F000DF03F000F000F000BF0362
:1081E000F000F00007025302F00012020004F00059
:1081F000F1035B005B005B005B005B005B005B000E
:108200005B005B00F000F000F000F000F000F00018
:10821000F000F000F000D8019F03F000F000F00043
:10822000F000F000F000F000F000F000F0001902A3
:10823000F000F000F000AA01F000FB02F000F000F6
:10824000BA05F000F000F000F000F000F000F000DF
:10825000F000F000F000D8016801F000F000F0003C
:10826000950368016D00F0008B03F0007D036A0345
:1082700020036D00F000AA016A005902F000F0002E
:10828000FB05F0006A00A1F13003002218F8011B81
:1082900002EB820203EB4202A1F13003092BF5D974
:1082A00008928EE798F8003088E7039B43F020039C
:1082B000039398F8003081E7049D5846294601F061
:1082C0005FFA002840F0F687B5F90C3003F01A0287
:1082D0000A2A7FF43EAF0499B1F90E20002AFFF676
:1082E00038AF4A6ED20702D49F0540F190870499B7
:1082F00023463246584601F015F80790079845B0D6
:10830000BDE8F08F082200215046FBF755FC012301
:108310001D442CE7B5EB0806044610D01A9B3344E5
:108320001A93199B0133072BC7E90086199310DCB8
:108330000837079B33440793002C7FF433AF1A9B15
:10834000002B40F06E87049B0022B3F90C30199289
:1083500018E0049918AA584601F024F878B91BAF20
:10836000E7E7049918AA584601F01CF8002800F025
:108370008380099B1BB109995846FBF76FFF049B4B
:10838000B3F90C30049A526ED0077FD55B0600F12A
:108390006687079845B0BDE8F08F9F0540F11481CE
:1083A0009D047FF5BCAE90047FF5C6AE00F071BFB2
:1083B0000029C4D0002301228DF8AC108DF8433081
:1083C00009930A9205932BAD0692DDE919C0039C2F
:1083D00014F084060146624626D1089B069C1C1BAD
:1083E000002C00F3ED839DF8433003B300260C9678
:1083F0000132012301317B60072A0DF14303CDE9EE
:1084000019213B6000F3868308370C9B63B101326E
:1084100011AB02313B60072A4FF00203CDE919216D
:108420007B6000F36B830837802E00F0EE82059BA3
:108430000A981C1A002C00F326830A9B3D60013227
:108440001944072ACDE919217B6000F34C830837D2
:10845000039B5C0705D5089B069A9C1A002C00F329
:108460006583DDE9073206988242ACBF9B181B1872
:10847000079300297FF475AF00231993099B1BB163
:1084800009995846FBF7EAFE1BAF6FE69A053FF5E0
:108490007DAF049CA06DFBF707FDB4F90C3075E7C8
:1084A000039B980640F13C840B9B073323F00702A3
:1084B000536852F8084B0B921E46002BC0F23882CC
:1084C000059A002A07DB039B23F08003039354EAF9
:1084D000060300F08C840A2C76F1000380F0F7800C
:1084E0003034059A9DF843308DF80F41012AB8BF0A
:1084F00001220692002B00F0AF83069B013300257A
:1085000006930123CDE909530DF20F15DDE9192179
:10851000039B13F08406084694463FF45EAF0023A5
:108520000C9365E70B9E00238DF8433056F8043B0F
:108530000993002B00F05585532900F07284039BAA
:1085400013F0100440F06D84059A002AC0F21385E0
:1085500009982146FBF716FD9DF84330099D002838
:1085600000F08B86421B0A9222EAE2720692002BEE
:1085700000F00E850132059406920B960994C5E72A
:10858000432903D0039BDD0640F127840822002104
:1085900016A8FBF711FB0B9A2BAD126816AB2946F8
:1085A0005846FFF751FD0A90013000F04F860A9BB4
:1085B00023EAE37306930B9B04330B9300238DF89C
:1085C00043300993059300E7049DA86DFBF76AFC0F
:1085D000B5F90C306A6E99043FF5A8AD9FE50B9B89
:1085E00053F8042B0892002A80F23D83089A0B93DB
:1085F00052420892039B43F00403039398F800301F
:10860000DCE5039B43F010009B0640F14E830B9B7F
:10861000073323F007031A46596852F8083B0B92B8
:1086200000228DF84320059A002AC0F2118320F41D
:108630009062039253EA010200F01E8344AD03F0FE
:108640000702DB0843EA4173C908303253EA0104E8
:10865000284605F8012DF2D1039B13F0010340F0E9
:108660009E82059A099344AB5B1B9A42B8BF1A4697
:108670000A930692A9E62B238DF8433098F8003030
:108680009CE503998E0600F1A48003990B9A11F0E2
:10869000100052F8043B40F02783039911F0400189
:1086A00000F0CA848DF843009BB205990026B142C0
:1086B0001C4606DB039921F080010391002B00F09A
:1086C0007B850A2C76F100030B92FFF409AF039B24
:1086D00009970020CDF830B044A9DDF834B00690F9
:1086E00003F48067CDF8288025E00690A319B548EB
:1086F00043F10003A0FB032C2CF0030202EB9C02CD
:108700009B1AE31A4FF0CC32A046B64602FB03F2A6
:1087100066F1000600FB0622A3FB0043B8F10A0F36
:1087200013444FEA54047EF1000E294644EAC37410
:108730004FEA53062ED3069BA24A01330693A31990
:1087400043F100031046A2FB032525F0030202EBD0
:1087500095029B1AE31AA3FB003266F1000500FBA9
:1087600005225B0843EAC27303EB8303A4EB4303D4
:10877000303301F8013C4D1E002FB7D006989BF80E
:1087800000308342B1D1FF28AFD00A2C76F100032C
:1087900080F0AF8405999DF84330CDF834B044AAF9
:1087A000521B9142B8BF1146DDE90978DDF830B0BF
:1087B0000A920691002B00F0EE83069B013306938C
:1087C00000230993A2E6039B43F010019B0640F1AE
:1087D00089820B9B073323F0070200238DF8433077
:1087E000059B566852F8084B0B92002BC0F2EE82A4
:1087F00021F08003039354EA06037FF46CAE059BDB
:10880000002B40F0DE840A930693099344ADDCE527
:10881000059C0B990398002247F630039442ADF86B
:1088200044308DF8432051F8043BC0F2D28220F04E
:10883000800040F002000390002B00F0E58303F07D
:108840000F0461481B09045D8DF80F410B9100F086
:108850005685022106910DF20F1503F00F011B0939
:10886000415C05F8011D43EA0273120953EA020153
:10887000F3D144AB5A1B059B0A929342B8BF1346EF
:10888000069A002A00F03985DDE91921039C02339C
:1088900014F0840606930846944600F0E98200230B
:1088A0000993B4E5039886063FF5B1AE03990B9A98
:1088B000CD0652F8043B00F114850398440640F1BC
:1088C000C8839BB20B920021AAE603990B9A8C06EF
:1088D00002F1040340F1F081126807991160C91791
:1088E00051600B9342E498F800306C2B00F08F82BB
:1088F000039A42F01002039260E498F80030682B6B
:1089000000F07B82039A42F04002039256E4039AFD
:10891000940642F0100300F100820B9A04320B9986
:1089200003930C680B92E6173346002BBFF6C8ADD5
:108930002D238DF84330059B644266EB4606002BE1
:10894000FFF6C9AD039B23F080030393C3E55846AC
:10895000FEF72AFB43680F931846FBF77BFB0E904C
:1089600004465846FEF720FB826898F800300D92C6
:10897000002C3FF423AC002A3FF420AC1278002AEC
:108980003FF41CAC039A42F48062039216E4039B0A
:1089900043F00103039398F800300FE49DF843205F
:1089A00098F80030002A7FF409AC20228DF843208B
:1089B00004E4039B43F08003039398F80030FFF72F
:1089C000FDBB00BFCDCCCCCCE424002064A50020AE
:1089D000404610F8011B2A2900F07784A1F13003EA
:1089E000092B98BF002200F2178410F8011B02EB3C
:1089F000820203EB4202A1F13003092BF5D942EACE
:108A0000E27305938046FFF7DCBB089B06981C1AAF
:108A1000002C7FF70CAD102C40F3268438460C95C3
:108A2000AE4F049D102604E0103C102C00F108000D
:108A300015DD01321031072AC0E90076CDE9192190
:108A4000F2DD18AA2946584600F0ACFC00287FF455
:108A500090AC103C102CDDE919211BA8E9DC0C9D21
:108A60003B46074601322144072ACDE919213B60E4
:108A70007C6000F3A482059B0A981C1A002C07F165
:108A800008077FF7DAAC102C40F3ED823846102649
:108A9000924F04E0103C102C00F1080016DD01326A
:108AA0008E4B1031072AC0E90036CDE91921F1DDDE
:108AB000049918AA584600F075FC00287FF459ACB8
:108AC000103C102CDDE919211BA8E8DC3B460746C9
:108AD00001322144072ACDE919213B607C6000F373
:108AE000AA800837A9E4049918AA584600F05AFC4D
:108AF00000287FF43EAC1A991BAFA9E4049918AA88
:108B0000584600F04FFC00287FF433ACDDE9192112
:108B10001BAF89E4049918AA584600F043FC0028CA
:108B20007FF427ACDDE919211BAF6EE4102C199BF3
:108B300040F381833A46049E694F102504E0103CBF
:108B4000102C02F1080215DD01331031072BC2E9A8
:108B50000075CDE91931F2DD18AA3146584600F00A
:108B600021FC00287FF405AC103C102CDDE9193104
:108B70001BAAE9DC3E46174601332144072BC7E90F
:108B80000064CDE919317FF76CAC049918AA5846F6
:108B900000F008FC00287FF4ECAB1A9961E4302A5D
:108BA00000F001823023059A05F8013C023844ABFD
:108BB0001B1A9A42B8BF1A460A9306920546EFE07E
:108BC00000230C93102C464E624623DD39461023B9
:108BD0002F46049D04E0103C102C01F1080117DD24
:108BE00001321030072AC1E90063CDE91920F2DD16
:108BF00018AA2946584600F0D5FB00287FF4B9ABE7
:108C0000103C102CDDE919201BA94FF01003E7DC04
:108C10003D460F4601322118072ACDE919213E6051
:108C20007C6000F37A819DF843600837002E36D0CF
:108C30000026FFF7DDBB049918AA584600F0B2FBE6
:108C400000287FF496ABDDE919211BAFFFF7F5BBD8
:108C500020F480620392F1E4099301230A930DF258
:108C60000F15FFF7B2BB0B9398F80030FFF7A6BAC9
:108C700092047FF561AAF2E2059A002A7FF4DEAC45
:108C800010F00102069200F0428130238DF80F317E
:108C9000059B0A9209930DF20F15FFF796BB0C9BEB
:108CA000002B7FF4B4ABFFF7C2BB0B9B1A1D0B9BD1
:108CB0000B921B680021B3E4039AD00600F18C816B
:108CC000039A510600F19582039A920540F184813E
:108CD0000B9A07991268117003E600BF08960020EE
:108CE0004C2A00200B9B1A1D0B9B05981B68002625
:108CF000B0428DF843601C4667DB21F08001039190
:108D0000002B7FF4DEAC0B92002840F05A820A90D0
:108D10000690099044ADFFF758BB0393FFF7C4BB1F
:108D2000039B0B9AD90652F8044B3FF5F8AD039B11
:108D30005E0640F1768144F3C0360B9224B233468E
:108D4000FFF7BBBBAD48039B9D0640F1B5800B9B75
:108D5000073323F007031A465C6852F8083B0B926E
:108D6000039A12F00102069240F08C808DF84320A5
:108D7000059A002AC0F2B780039A22F49062039207
:108D800053EA040240F0F380059A002A00F0F681CD
:108D900003788DF80F31012306920A930DF20F1517
:108DA000DDE91921039B13F084060846944600F080
:108DB000A1829DF84330002B00F0AB820023099381
:108DC0000C93FFF715BB8E48BDE70B920391FFF79D
:108DD00082BB40F00200039031E50B9B1B688DF8CD
:108DE000AC30012306930A932BADFFF7E4BB002AB6
:108DF00000F0D4813024FFF774BB039B43F400736D
:108E0000039308F1010898F80030FFF7D7B9039BE6
:108E100043F02003039308F1010898F80030FFF7AE
:108E2000CDB9099B13930822002116A8FAF7C4FEB6
:108E3000059B002BC0F219810024069725461F468A
:108E40000EE02BA95846FFF7FFF8411C284400F01C
:108E5000FD81B84209DC04F1040400F008820546F3
:108E6000139A125916AB002AEBD1069F05950AE119
:108E7000089C069B0996E41A002C7FF7C8AA0223D7
:108E80000C939FE653EA04025ED100238DF8433031
:108E9000059B002BC0F22181039B23F49063039375
:108EA00000F0878103788DF80F31069B0A93059BAC
:108EB00006930DF20F1573E70B9A52F8043B0B92D1
:108EC000039AD40608D4520602D59BB2002447E781
:108ED000039A960500F18181002441E742F00202E5
:108EE000039202220692039A22F48062039203F014
:108EF0000F02825C8DF80F211B0943EA04732209DB
:108F000053EA14147FF4A7AC0DF20F15B1E4059BDE
:108F100044ADCDE90933FFF758BA049918AA584669
:108F200000F040FA064600287FF423AA9DF843305B
:108F3000DDE91921002B40F089800C9B1BAF002B31
:108F40007FF465AAFFF773BA30228DF8442000221F
:108F50008DF84320059A8DF84510002A039ABDDB51
:108F600022F4906242F0020203920222069203F07F
:108F70000F02825CBEE7099D2846FBF76BF89DF85F
:108F800043300A9020EAE0720692002B7FF4F2AAA6
:108F9000099D05930B960993FFF717BA5846FAF700
:108FA0007FFCFFF7B2B8059A44AB5B1B9A42B8BF8F
:108FB0001A460A93002306920993FFF706BA04990A
:108FC00018AA584600F0EEF900287FF4D2A9DDE98E
:108FD00019211BAFFFF72BBA0B9A07991268116082
:108FE0007FE4059B074D0B96062B28BF06230693AF
:108FF0000A93099B0593FFF7E8B900BFF824002006
:10900000E42400200C2500200B91002C00F0DC80D3
:10901000302301228DF80F310DF20F1523460A92ED
:1090200032E4039B0B929D054ABF44F3C016E6173A
:1090300064B23346FFF741BA039810F4007600F0AB
:10904000CF808DF84310DBB2FFF72FBB1BAFFFF7CC
:10905000CFB9039810F4007100F0BB80DBB20B9223
:109060000021FFF7DDBAAC4B32E516AB00930023CD
:1090700013AA19465846FFF70FF80590013000F083
:10908000E580099B1393059B002B7CD0632B00F399
:10909000B680002309932BAD0822002116A8FAF709
:1090A0008BFD059C16AB009313AA23462946584610
:1090B000FEF7F2FF844240F01681059900236B54BD
:1090C00021EAE17206929DF84320002A40F0B58023
:1090D000CDE90A160592FFF778B903788DF80F31BC
:1090E000039B23F480630393069B0A930DF20F15F1
:1090F00056E60E9A0F99AD1A2846FAF701FE9BF82C
:1091000001300BB10BF1010B844AA31943F10003A9
:10911000A2FB030C2CF0030000EB9C001B1AE31ACB
:109120004FF0CC3166F1000603FB01F102FB0611A2
:10913000A3FB023001445B0843EAC1744E08A31943
:1091400043F10003A2FB031020F0030101EB9001A7
:109150005B1AE31AA3FB023166F1000002FB001266
:109160005B0843EAC27303EB8303A4EB430330338E
:1091700005F8013C0120013DFFF701BB059B0A9367
:1091800044A805460CE69DF84330099D0B96003B2C
:1091900018BF01230693059B0A9301E69DF843300F
:1091A0003BB1059BCDE90933012344AD0693FFF79D
:1091B000ADB9059BFFF727BB059B0B92002B3FF436
:1091C00022AB0024FFF78CB9059B0A9344ADFFF74F
:1091D0005BBB03980B92FFF723BADBB20024BFE519
:1091E00005998DF8436000291C46BFF663AAFFF776
:1091F00068BA0B9A079912681180FFF772BB591C65
:109200005846F9F719FE054600B3099044E7886D02
:10921000FAF74AFEFFF76BB8002380460593FEF786
:10922000D0BF049918AA584600F0BCF800283FF4B3
:109230008AA8FFF7A4B83A4E9EE4059A0A92069AC5
:109240000B96013206920593FFF760B90498B0F9C6
:109250000C30426E43F04001D207818109D54FF0B6
:10926000FF330793FFF795B82B4BFFF7FBBB069F28
:1092700009E79905F3D4FFF70CB99BB1059B0B9651
:109280005A1C06920A9305900990FFF73FB9D70739
:10929000E5D4049B9B899E05E1D4049B986DFAF765
:1092A00003FEDCE7059A0993CDE905320B960A9295
:1092B000FFF78BB8049A536ED807D0D493899905D9
:1092C000CDD4906DFAF7F0FDC9E70B9A98F801300C
:1092D00052F8041B0B9241EAE17180460591FEF7BA
:1092E0006DBF0846E3E4049A938943F040039381F9
:1092F000FFF73FB80996FFF770B8069350E5059B56
:109300000122012BB8BF01230DF20F150A92FFF7BE
:10931000BBBA0993FFF788B808960020CDCCCCCC17
:109320004C2A0020F0B50D46ADF2744D16468989E1
:109330006A6E1B92EA89ADF8162021F00201EA69F3
:10934000ADF8141009921CA96A6A029107460691A9
:109350000B924FF48061002218A8019304910791A9
:109360000892FAF79BFD3246019B02A93846FEF7A8
:10937000B5FE061E07DB02A93846FDF7DDFD002815
:1093800018BF4FF0FF36BDF814305B0603D5AB892C
:1093900043F04003AB811898FAF782FD30460DF296
:1093A000744DF0BD936810B514461BB918460023E0
:1093B000636010BD00F068F80023A36000236360C1
:1093C00010BD00BF2DE9F0438E681D46AE420B680C
:1093D00083B00C4690463AD8B1F90CC01CF4906F9B
:1093E0000FD13546184641462A46FAF753FBA36883
:1093F0009E1B2368A6602B440020236003B0BDE8B9
:10940000F0834A69096902EB42025E1A02EBD272EA
:109410006B1C52103344934294BF17461F4693422D
:1094200088BF1A461CF4806F814612D01146F9F7A6
:1094300003FDF0B1324621690190F7F77BFDA28967
:10944000019B22F4906242F08002A28105E02E4648
:10945000C8E7F9F7DDFF034638B123613344BE1B8B
:10946000A660676123602E46BCE721694846FAF78B
:10947000F5FEA3890C2243F04003C9F800204FF009
:10948000FF30A381BAE700BF9368002B00F0B780DC
:109490002DE9F04FB1F90CC01CF0080F83B00C4659
:1094A000804617462DD00B695BB31CF002033E6863
:1094B00033D04FF0000ADFF8C4B25546B9465D45D7
:1094C0002B46524628BF5B464046B5B1E169676A04
:1094D000B847002840F38B80D9F808301B1A824423
:1094E000C9F80830002B79D02D1A5D452B4652461D
:1094F00028BF5B464046002DE8D1D6E900A50836D6
:10950000DDE72146404600F03BF9002874D1B4F96C
:109510000CC03E681CF00203CBD11CF0010A70D1D4
:10952000236800975546002D54D01CF4007FD4F8D2
:109530000890184600F0AB80A945CB4600F2E480C5
:109540001CF4906F34D021696269A3EB010902EB2E
:10955000420202EBD27209F1010352102B449342F2
:1095600094BF93469B46934288BF1A461CF4806F73
:1095700000F0E98011464046F9F75EFC002800F053
:10958000F7804A4621690190F7F7D4FCA289019B34
:1095900022F4906242F08002A28103EB0900236171
:1095A000ABEB0903C4F814B0A3602060A946AB4636
:1095B00051465A46FAF76EFAA2682368A2EB0902EE
:1095C000A260009A91685B44491B2360916029B1B5
:1095D000B4F90CC0D6E900A50836A4E7002003B012
:1095E000BDE8F08F21464046FDF7A6FC68B3B4F90C
:1095F0000C3043F04003A3814FF0FF30EFE7002031
:1096000070471D469A461846B946009365B3002830
:1096100031D05246D4E904132068AA4228BF2A4612
:10962000884204D9A16803EB010B5A457CDC9342C4
:109630006DDCE169009A676A4046B847B0F1000BFB
:10964000D5DDBAEB0B0ACDD00120D9F80830A3EB59
:109650000B03C9F80830002BC0D0009BA5EB0B050D
:109660005B440093002DD2D1756833460836002D37
:10967000FAD01B680093009F2A460A213846FAF761
:1096800081FC002871D00130A0EB070AC1E72269F4
:109690009A4221D36269AA421ED86FF00043AB42BE
:1096A00028BF2B46E16993FBF2F3676A02FB03F3E1
:1096B00040465246B847B0F1000998DD009A9368D9
:1096C000A3EB0903A5EB09059360002B86D0B4F941
:1096D0000CC02368CA4426E7A94528BFA9461846F6
:1096E0004A465146FAF7D6F9A2682368A2EB090266
:1096F0004B44A2602360002AE0D121464046FDF79A
:109700001BFC0028DAD072E7A946AB4650E7009967
:109710000192FAF7BFF9019AA3689B1AA360236824
:109720001344236093468CE700995A46FAF7B2F93E
:1097300023685B44236021464046FDF7FDFB00287B
:109740003FF47FAF53E74046F9F762FE0346002837
:109750007FF423AF21694046FAF780FDA3890C22EC
:10976000C8F8002023F0800343E76A1C924651E7C3
:109770000C22B4F90C30C8F800203AE700FCFF7F57
:1097800010B5354B0446186882B00B4610B1426BD9
:10979000002A53D0B3F90C20110711D51869C8B1AC
:1097A000B3F90C2012F0010126D059694FF0000CDA
:1097B0004942C3F808C0996120B3002002B010BD2F
:1097C000D00640D5510723D4186942F008029A8187
:1097D0000028E5D19A8902F42072B2F5007FDFD02B
:1097E00019462046019300F0C9F8019BB3F90C20FB
:1097F000186912F00101D8D1940758BF59699960CE
:109800000028DAD11106D9D542F040029A811FE032
:10981000196B61B103F14000814206D020460193EB
:10982000FAF71CFD019BB3F90C200021196318699C
:109830000021C3E9000122F02402C6E70191FAF7F2
:109840002FF8019BA6E7092142F0400221609A818E
:109850004FF0FF30B2E700BFCCA700202DE9F04F5A
:109860008BB0DDE91589149F02901C46B8F1000FFA
:1098700057D0166801960029C34608BF4FF0FF373E
:10988000002588460391924606E0019B53F8040B9D
:109890000193002837D06546AF423ED9002C3CD01A
:1098A000DBF800300493DBF804300593019B029849
:1098B0001A68D9F8C8615B4606A9B047431C33D083
:1098C00000EB050CBC453AD8039B013C002BDCD0D7
:1098D00000280DDD08F1FF32019E06A900EB020E03
:1098E00011F8013B02F8013F7245F9D1019680441D
:1098F000019BDAF8002053F8040B01930432CAF8F4
:1099000000200028C7D10399D84609B1CAF8000041
:109910000022C8F800200CF1FF3528460BB0BDE846
:10992000F08F00F58678A4E7029B05468A21002285
:1099300028461960CBF800200BB0BDE8F08FD84660
:10994000DDF810A0DDF814B02846C8E900AB0BB074
:10995000BDE8F08F00B585B0DFF81CC00698009018
:109960000798019003480068CDF808C0FFF776FF1C
:1099700005B000BDCCA7002064A50020B1F90C20E3
:10998000930706D501F143030122C1E904320B60BC
:10999000704730B50B46B1F90E10002999B0044656
:1099A00032DB02AA009300F05BF80028009B29DB61
:1099B0004FF4806120460093039DF9F73DFA009B28
:1099C000B3F90C20002839D005F4704142F0800230
:1099D00018601861B1F5005F4FF480609A8158619A
:1099E0003AD1B3F90E100093204600F04DF8009BD9
:1099F000B3F90C2080B322F0030242F001024FF4CD
:109A0000006117E0B3F90C20019312F0800F0CBF36
:109A10004FF48061402120460091F9F70DFA019B37
:109A20000099B3F90C2048B1C3E9040142F0800267
:109A3000186000210A439A8119B030BD9105FBD40A
:109A400022F0030203F1430142F002020120C3E9C4
:109A500004109A811960EFE74FF40061EAE700BF54
:109A600038B5084C00230546084611462360F7F731
:109A700017FC431C00D038BD2368002BFBD02B60A3
:109A800038BD00BFC0BC002038B5074C00230546D8
:109A900008462360F7F70AFC431C00D038BD236852
:109AA000002BFBD02B6038BDC0BC00205FF800F05D
:109AB000A11D00605FF800F04D1D00600000000077
:049AC00000000000A2
:049AC400F8B500BF32
:089AC8004493FF7F0100000040
:109AD0000000000000000000000000000000000086
:109AE0000000000000000000000000000000000076
:109AF0000000000000000000000000000000000066
:109B00000000000000000000000000000000000055
:109B10000000000000000000000000000000000045
:109B20000000000000000000000000000000000035
:109B30000000000000000000000000000000000025
:109B40000000000000000000000000000000000015
:109B50000000000000000000000000000000000005
:109B600000000000000000000000000000000000F5
:109B700000000000000000000000000000000000E5
:109B800000000000000000000000000000000000D5
:109B900000000000000000000000000000000000C5
:109BA00000000000000000000000000000000000B5
:109BB00000000000000000000000000000000000A5
:109BC0000000000000000000000000000000000095
:109BD0000000000000000000000000000000000085
:109BE0000000000000000000000000000000000075
:109BF0000000000000000000000000000000000065
:109C00000000000000000000000000000000000054
:109C10000000000000000000000000000000000044
:109C20000000000000000000000000000000000034
:109C30000000000000000000000000000000000024
:109C40000000000000000000000000000000000014
:109C50000000000000000000000000000000000004
:109C600000000000000000000000000000000000F4
:109C700000000000000000000000000000000000E4
:109C800000000000000000000000000000000000D4
:109C900000000000000000000000000000000000C4
:109CA00000000000000000000000000000000000B4
:109CB00000000000000000000000000000000000A4
:109CC0000000000000000000000000000000000094
:109CD0000000000000000000000000000000000084
:109CE0000000000000000000000000000000000074
:109CF0000000000000000000000000000000000064
:109D00000000000000000000000000000000000053
:109D10000000000000000000000000000000000043
:109D20000000000000000000000000000000000033
:109D30000000000000000000000000000000000023
:109D40000000000000000000000000000000000013
:109D5000C0390020040600006C3F00200507000009
:109D6000B8450020050800006C4C0020060A0000E1
:109D70003C540020060C0000045C0020060D00008E
:109D800078640020070D0000906D0020070E000091
:109D90000C770020080D000054800020090F0000FF
:109DA000848A002009120000102E00200A140000EE
:109DB000FE822B6547156740000000000000384315
:109DC0000000FAFE422E76BF3A3B9EBC9AF70CBDCD
:109DD000BDFDFFFFFFFFDF3F3C5455555555C53FC7
:109DE000912B17CF5555A53F17D0A4671111813F6F
:109DF000000000000000C842EF39FAFE422EE63FA4
:109E000024C482FFBDBFCE3FB5F40CD7086BAC3F76
:109E1000CC5046D2ABB2833F843A4E9BE0D7553FFD
:109E20000000000000000000000000000000F03F03
:109E30006EBF881A4F3B9B3C3533FBA93DF6EF3F85
:109E40005DDCD89C136071BC6180773E9AECEF3F7B
:109E5000D16687107A5E90BC857F6EE815E3EF3F90
:109E600013F6673552D28C3C748515D3B0D9EF3FC9
:109E7000FA8EF92380CE8BBCDEF6DD296BD0EF3F66
:109E800061C8E6614EF7603CC89B751845C7EF3F57
:109E900099D3335BE4A3903C83F3C6CA3EBEEF3F45
:109EA0006D7B835DA69A973C0F89F96C58B5EF3F9F
:109EB000FCEFFD921AB58E3CF747722B92ACEF3F48
:109EC000D19C2F703DBE3E3CA2D1D332ECA3EF3FDC
:109ED0000B6E908934036ABC1BD3FEAF669BEF3FC9
:109EE0000EBD2F2A525695BC515B12D00193EF3F05
:109EF00055EA4E8CEF8050BCCC316CC0BD8AEF3F30
:109F000016F4D5B923C991BCE02DA9AE9A82EF3FD2
:109F1000AF555CE9E3D3803C518EA5C8987AEF3FFA
:109F20004893A5EA151B80BC7B517D3CB872EF3F7E
:109F30003D32DE55F01F8FBCEA8D8C38F96AEF3F59
:109F4000BF53133F8C898B3C75CB6FEB5B63EF3F4B
:109F500026EB11769CD996BCD45C0484E05BEF3F81
:109F6000602F3A3EF7EC9A3CAAB968318754EF3F2C
:109F70009D3886CB82E78FBC1DD9FC22504DEF3F28
:109F80008DC3A644416F8A3CD68C62883B46EF3F26
:109F90007D04E4B0057A803C96DC7D91493FEF3F3B
:109FA00094A8A8E3FD8E963C3862756E7A38EF3F30
:109FB0007D4874F2185E873C3FA6B24FCE31EF3F2A
:109FC000F2E71F982B47803CDD7CE265452BEF3F95
:109FD0005E08713F7BB896BC8163F5E1DF24EF3FFB
:109FE00031AB096DE1F7823CE1DE1FF59D1EEF3FCD
:109FF000FABF6F1A9B213DBC90D9DAD07F18EF3F92
:10A00000B40A0C7282378B3C0B03E4A68512EF3F37
:10A010008FCBCE8992146E3C562F3EA9AF0CEF3FEA
:10A02000B6ABB04D754D833C15B7310AFE06EF3F18
:10A030004C74ACE20142863C31D84CFC7001EF3FDD
:10A040004AF8D35D39DD8F3CFF1664B208FCEE3F61
:10A05000045B8E3B80A386BCF19F925FC5F6EE3F0A
:10A0600068504BCCED4A92BCCBA93A37A7F1EE3FF2
:10A070008E2D511BF80799BC66D8056DAEECEE3FEE
:10A08000D236943EE8D171BCF79FE534DBE7EE3F72
:10A09000151BCEB3191999BCE5A813C32DE3EE3FE8
:10A0A0006D4C2AA7489F853C2234124CA6DEEE3F19
:10A0B0008A69287A601293BC1C80AC0445DAEE3FB2
:10A0C0005B8917488FA758BC2A2EF7210AD6EE3F86
:10A0D0001B9A49679B2C7CBC97A850D9F5D1EE3FC1
:10A0E00011ACC260ED63433C2D89616008CEEE3F48
:10A0F000EF64063B0966963C57001DED41CAEE3FF2
:10A100007903A1DAE1CC6E3CD03CC1B5A2C6EE3FEA
:10A1100030120F3F8EFF933CDED3D7F02AC3EE3FC1
:10A12000B0AF7ABBCE90763C272A36D5DABFEE3F69
:10A1300077E054EBBD1D933C0DDDFD99B2BCEE3FC5
:10A140008EA3710034948FBCA72C9D76B2B9EE3FDC
:10A1500049A393DCCCDE87BC4266CFA2DAB6EE3FE1
:10A160005F380FBDC6DE78BC824F9D562BB4EE3FE4
:10A17000F65C7BEC461286BC0F925DCAA4B1EE3F42
:10A180008ED7FD180535933CDA27B53647AFEE3F3D
:10A19000059B8A2FB7987B3CFDC797D412ADEE3F45
:10A1A00009541CE2E163903C295448DD07ABEE3FC3
:10A1B000EAC6195085C7343CB746598A26A9EE3FEE
:10A1C00035C0642BE632943C4821AD156FA7EE3FB5
:10A1D0009F7699614AE48CBC09DC76B9E1A5EE3F33
:10A1E000A84DEF3BC5338CBC85553AB07EA4EE3FFD
:10A1F000AEE92B89785384BC20C3CC3446A3EE3F10
:10A2000058585678DDCE93BC2522558238A2EE3FB1
:10A2100064197E80AA10573C73A94CD455A1EE3F17
:10A2200028225EBFEFB393BCCD3B7F669EA0EE3F7E
:10A2300082B93487AD126ABCBFDA0B7512A0EE3F4B
:10A24000EEA96DB8EF6763BC2F1A653CB29FEE3F75
:10A250005188E0543DDC80BC849451F97D9FEE3FF1
:10A26000CF3E5A7E641F78BC745FECE8759FEE3F6A
:10A27000B07D8BC04AEE86BC7481A5489A9FEE3FA4
:10A280008AE6551E321986BCC9674256EB9FEE3FDF
:10A29000D3D4095ECB9C903C3F5DDE4F69A0EE3F7E
:10A2A0001DA54DB9DC327BBC8701EB7314A1EE3FD9
:10A2B0006BC06754FDEC943C32C13001EDA1EE3F20
:10A2C000556CD6ABE1EB653C624ECF36F3A2EE3F68
:10A2D00042CFB32FC5A188BC121A3E5427A4EE3F2B
:10A2E00034373BF1B66993BC13CE4C9989A5EE3F48
:10A2F0001EFF193A845E80BCADC723461AA7EE3F05
:10A300006E5772D850D494BCED92449BD9A8EE3FBE
:10A31000008A0E5B67AD903C99668AD9C7AAEE3F6A
:10A32000B4EAF0C12FB78D3CDBA02A42E5ACEE3F8A
:10A33000FFE7C59C60B665BC8C44B51632AFEE3FF6
:10A34000445FF35983F67B3C36771599AEB1EE3F07
:10A35000833D1EA71F0993BCC6FF910B5BB4EE3F64
:10A36000291E6C8BB8A95DBCE5C5CDB037B7EE3FF3
:10A3700059B9907CF9236CBC0F52C8CB44BAEE3F5C
:10A38000AAF9F422434392BC504EDE9F82BDEE3FB9
:10A390004B8E66D76CCA85BCBA07CA70F1C0EE3F57
:10A3A00027CE912BFCAF713C90F0A38291C4EE3F7D
:10A3B000BB730AE135D26D3C2323E31963C8EE3F3A
:10A3C0006322622204C587BC65E55D7B66CCEE3FF7
:10A3D000D531E2E3861C8B3C332D4AEC9BD0EE3F1B
:10A3E00015BBBCD3D1BB91BC5D253EB203D5EE3FBE
:10A3F000D231EE9C31CC903C58B330139ED9EE3F15
:10A40000B35A736E8469843CBFFD79556BDEEE3FB1
:10A41000B49D8E97CDDF82BC7AF3D3BF6BE3EE3F62
:10A420008733CB92771A8C3CADD35A999FE8EE3F95
:10A43000FAD9D14A8F7B90BC66B68D2907EEEE3FE4
:10A44000BAAEDC56D9C355BCFB154FB8A2F3EE3FEC
:10A4500040F6A63D0EA490BC3A59E58D72F9EE3F48
:10A460003493AD38F4D668BC475EFBF276FFEE3F1E
:10A47000358A586BE2EE91BC4A06A130B005EF3F39
:10A48000CDDD5F0AD7FF743CD2C14B901E0CEF3F6D
:10A49000AC9892FAFBBD91BC091ED75BC212EF3F8C
:10A4A000B30CAF30AE6E733C9C5285DD9B19EF3F11
:10A4B00094FD9F5C32E38E3C7AD0FF5FAB20EF3F90
:10A4C000AC5909D18FE0843C4BD1572EF127EF3F97
:10A4D000671A4E38AFCD633CB5E706946D2FEF3F5A
:10A4E0006819926C2C6B673C6990EFDC2037EF3F6A
:10A4F000D2B5CC83188A80BCFAC35D550B3FEF3FC1
:10A500006FFAFF3F5DAD8FBC7C89074A2D47EF3F57
:10A5100049A97538AE0D90BCF2890D08874FEF3F01
:10A52000A7073DA685A3743C87A4FBDC1858EF3F22
:10A530000F2240209E9182BC9883C916E360EF3FB2
:10A54000AC92C1D5505A8E3C8532DB03E669EF3FB1
:10A550004B6B01AC593A843C60B401F32173EF3F7B
:10A560001F3EB40721D582BC5F9B7B33977CEF3FB6
:10A57000C90D473BB92A89BC29A1F5144686EF3F8E
:10A58000D3883A6004B6743CF63F8BE72E90EF3FD9
:10A5900071729D51ECC5833C834CC7FB519AEF3FD0
:10A5A000F091D38F12F78FBCDA90A4A2AFA4EF3F43
:10A5B0007D7423E298AE8DBCF1678E2D48AFEF3FDE
:10A5C0000820AA41BCC38E3C275A61EE1BBAEF3F5C
:10A5D00032EBA9C3942B843C97BA6B372BC5EF3F62
:10A5E000EE85D131A9648A3C40456E5B76D0EF3F61
:10A5F000EDE33BE4BA378EBC14BE9CADFDDBEF3F10
:10A600009DCD914D3B89773CD8909E81C1E7EF3F2E
:10A6100089CC6041C105533CF1718F2BC2F3EF3FF0
:10A620000080E03779C34143176E05B5B5B893464E
:10A63000F5F93FE9034F384D321D30F94877825A1A
:10A640003CBF737FDD4F1575000000000000F03F38
:10A6500000000000000024400000000000005940FD
:10A660000000000000408F40000000000088C34050
:10A6700000000000006AF8400000000080842E41C5
:10A6800000000000D01263410000000084D7974111
:10A690000000000065CDCD41000000205FA0024217
:10A6A000000000E876483742000000A2941A6D428C
:10A6B000000040E59C30A2420000901EC4BCD6427F
:10A6C00000003426F56B0C430080E03779C341432A
:10A6D00000A0D8855734764300C84E676DC1AB43A0
:10A6E000003D9160E458E143408CB5781DAF1544BE
:10A6F00050EFE2D6E41A4B4492D54D06CFF0804499
:10A70000F64AE1C7022DB544B49DD9794378EA44AD
:10A710000038FAFE422EE63F3067C79357F32E3DCE
:10A72000000000000000E0BF605555555555E5BFDD
:10A73000060000000000E03F4E5559999999E93F05
:10A740007AA429555555E5BFE945489B5B49F2BFB9
:10A75000C33F268B2B00F03F0000000000A0F63F17
:10A76000000000000000000000C8B9F2822CD6BF33
:10A770008056372824B4FA3C000000000080F63FE1
:10A780000000000000000000000858BFBDD1D5BF88
:10A7900020F7E0D808A51CBD000000000060F63FCF
:10A7A0000000000000000000005845177776D5BF74
:10A7B0006D50B6D5A46223BD000000000040F63FF6
:10A7C000000000000000000000F82D87AD1AD5BF82
:10A7D000D567B09EE484E6BC000000000020F63F90
:10A7E0000000000000000000007877955FBED4BF35
:10A7F000E03E2993691B04BD000000000000F63F05
:10A80000000000000000000000601CC28B61D4BF8B
:10A81000CC844C482FD8133D0000000000E0F53FE9
:10A82000000000000000000000A886863004D4BFAD
:10A830003A0B82EDF342DC3C0000000000C0F53F23
:10A840000000000000000000004869554CA6D3BF7E
:10A8500060945186C6B1203D0000000000A0F53F85
:10A8600000000000000000000080989ADD47D3BF80
:10A870009280C5D44D59253D000000000080F53F71
:10A8800000000000000000000020E1BAE2E8D2BFB2
:10A89000D82BB7991E7B263D000000000060F53FD5
:10A8A00000000000000000000088DE135A89D2BFBB
:10A8B0003FB0CFB614CA153D000000000060F53F60
:10A8C00000000000000000000088DE135A89D2BF9B
:10A8D0003FB0CFB614CA153D000000000040F53F60
:10A8E00000000000000000000078CFFB4129D2BF2B
:10A8F00076DA5328245A16BD000000000020F53FE8
:10A900000000000000000000009869C198C8D1BF95
:10A910000454E768BCAF1FBD000000000000F53F15
:10A92000000000000000000000A8ABAB5C67D1BFD6
:10A93000F0A88233C61F1F3D0000000000E0F43F76
:10A9400000000000000000000048AEF98B05D1BFF8
:10A95000665A05FDC4A826BD0000000000C0F43FF3
:10A960000000000000000000009073E224A3D0BFAC
:10A970000E03F47EEE6B0CBD0000000000A0F43F5F
:10A98000000000000000000000D0B4942540D0BFBB
:10A990007F2DF49EB836F0BC0000000000A0F43F0C
:10A9A000000000000000000000D0B4942540D0BF9B
:10A9B0007F2DF49EB836F0BC000000000080F43F0C
:10A9C000000000000000000000405E6D18B9CFBF1D
:10A9D000873C99AB2A570D3D000000000060F43F12
:10A9E00000000000000000000060DCCBADF0CEBF36
:10A9F00024AF869CB7262B3D000000000040F43FAA
:10AA0000000000000000000000F02A6E0727CEBF03
:10AA100010FF3F544F2F17BD000000000020F43FEF
:10AA2000000000000000000000C04F6B215CCDBFA3
:10AA30001B68CABB91BA213D000000000000F43F32
:10AA4000000000000000000000A09AC7F78FCCBFF4
:10AA500034849F684F79273D000000000000F43FD8
:10AA6000000000000000000000A09AC7F78FCCBFD4
:10AA700034849F684F79273D0000000000E0F33FD9
:10AA8000000000000000000000902D7486C2CBBFC3
:10AA90008FB78B31B04E193D0000000000C0F33F6E
:10AAA000000000000000000000C0804EC9F3CABFD3
:10AAB0006690CD3F634EBA3C0000000000A0F33F1B
:10AAC000000000000000000000B0E21FBC23CABF6D
:10AAD000EAC146DC648C25BD0000000000A0F33F05
:10AAE000000000000000000000B0E21FBC23CABF4D
:10AAF000EAC146DC648C25BD000000000080F33F05
:10AB000000000000000000000050F49C5A52C9BF31
:10AB1000E3D4C104D9D12ABD000000000060F33F96
:10AB2000000000000000000000D02065A07FC8BF2A
:10AB300009FADB7FBFBD2B3D000000000040F33F62
:10AB4000000000000000000000E0100289ABC7BF59
:10AB5000584A537290DB2B3D000000000040F33F49
:10AB6000000000000000000000E0100289ABC7BF39
:10AB7000584A537290DB2B3D000000000020F33F49
:10AB8000000000000000000000D019E70FD6C6BF8B
:10AB900066E2B2A36AE410BD000000000000F33FCB
:10ABA00000000000000000000090A77030FFC5BF4B
:10ABB0003950109F439E1EBD000000000000F33F6F
:10ABC00000000000000000000090A77030FFC5BF2B
:10ABD0003950109F439E1EBD0000000000E0F23F70
:10ABE000000000000000000000B0A1E3E526C5BFA2
:10ABF0008F5B07908BDE20BD0000000000C0F23F9D
:10AC000000000000000000000080CB6C2B4DC4BF92
:10AC10003C783561C10C173D0000000000C0F23FD8
:10AC200000000000000000000080CB6C2B4DC4BF72
:10AC30003C783561C10C173D0000000000A0F23FD8
:10AC4000000000000000000000901E20FC71C3BF47
:10AC50003A54274D8678F13C000000000080F23F16
:10AC6000000000000000000000F01FF85295C2BF75
:10AC700008C47117308D24BD000000000060F23F51
:10AC8000000000000000000000602FD52AB7C1BFFF
:10AC900096A31118A4802EBD000000000060F23FB2
:10ACA000000000000000000000602FD52AB7C1BFDF
:10ACB00096A31118A4802EBD000000000040F23FB2
:10ACC00000000000000000000090D07C7ED7C0BFD4
:10ACD000F45BE88896690A3D000000000040F23FFE
:10ACE00000000000000000000090D07C7ED7C0BFB4
:10ACF000F45BE88896690A3D000000000020F23FFE
:10AD0000000000000000000000E0DB3191ECBFBF5C
:10AD1000F233A35C547525BD000000000000F23F33
:10AD2000000000000000000000002B6E0727BEBFDF
:10AD30003C00F02A2C342A3D000000000000F23FC5
:10AD4000000000000000000000002B6E0727BEBFBF
:10AD50003C00F02A2C342A3D0000000000E0F13FC6
:10AD6000000000000000000000C05B8F545EBCBF0C
:10AD700006BE5F58570C1DBD0000000000C0F13F2B
:10AD8000000000000000000000E04A3A6D92BABFE7
:10AD9000C8AA5BE83539253D0000000000C0F13F3E
:10ADA000000000000000000000E04A3A6D92BABFC7
:10ADB000C8AA5BE83539253D0000000000A0F13F3E
:10ADC000000000000000000000A031D645C3B8BF5D
:10ADD00068562F4D297C133D0000000000A0F13F74
:10ADE000000000000000000000A031D645C3B8BF3D
:10ADF00068562F4D297C133D000000000080F13F74
:10AE000000000000000000000060E58AD2F0B6BF3C
:10AE1000DA7333C9379726BD000000000060F13FA8
:10AE200000000000000000000020063F071BB5BF27
:10AE3000575EC6615B021F3D000000000060F13FED
:10AE400000000000000000000020063F071BB5BF07
:10AE5000575EC6615B021F3D000000000040F13FED
:10AE6000000000000000000000E01B96D741B3BFC7
:10AE7000DF13F9CCDA5E2C3D000000000040F13F0A
:10AE8000000000000000000000E01B96D741B3BFA7
:10AE9000DF13F9CCDA5E2C3D000000000020F13F0A
:10AEA00000000000000000000080A3EE3665B1BF86
:10AEB00009A38F765E7C143D000000000000F13F86
:10AEC0000000000000000000008011C0300AAFBF89
:10AED000918E36839E592D3D000000000000F13F09
:10AEE0000000000000000000008011C0300AAFBF69
:10AEF000918E36839E592D3D0000000000E0F03F0A
:10AF0000000000000000000000801971DD42ABBFAE
:10AF10004C70D6E57A821C3D0000000000E0F03F56
:10AF2000000000000000000000801971DD42ABBF8E
:10AF30004C70D6E57A821C3D0000000000C0F03F56
:10AF4000000000000000000000C032F65874A7BFE7
:10AF5000EEA1F23446FC2CBD0000000000C0F03F22
:10AF6000000000000000000000C032F65874A7BFC7
:10AF7000EEA1F23446FC2CBD0000000000A0F03F22
:10AF8000000000000000000000C0FEB9879EA3BFC3
:10AF9000AAFE26F5B702F53C0000000000A0F03F35
:10AFA000000000000000000000C0FEB9879EA3BFA3
:10AFB000AAFE26F5B702F53C000000000080F03F35
:10AFC00000000000000000000000780E9B829FBF80
:10AFD000E4097E7C268029BD000000000080F03F4F
:10AFE00000000000000000000000780E9B829FBF60
:10AFF000E4097E7C268029BD000000000060F03F4F
:10B0000000000000000000000080D5071BB997BFBA
:10B0100039A6FA93548D28BD000000000040F03F8F
:10B0200000000000000000000000FCB0A8C08FBFBE
:10B030009CA6D3F67C1EDFBC000000000040F03F61
:10B0400000000000000000000000FCB0A8C08FBF9E
:10B050009CA6D3F67C1EDFBC000000000020F03F61
:10B0600000000000000000000000106B2AE07FBF1D
:10B07000E440DA0D3FE219BD000000000020F03F7F
:10B0800000000000000000000000106B2AE07FBFFD
:10B09000E440DA0D3FE219BD000000000000F03F7F
:10B0A00000000000000000000000000000000000A0
:10B0B0000000000000000000000000000000F03F61
:10B0C0000000000000000000000000000000000080
:10B0D00000000000000000000000000000C0EF3F82
:10B0E0000000000000000000000089751510803F7E
:10B0F000E82B9D996BC710BD000000000080EF3F5A
:10B100000000000000000000008093585620903F8F
:10B11000D2F7E2065BDC23BD000000000040EF3FF9
:10B1200000000000000000000000C9282549983FE9
:10B13000340C5A32BAA02ABD000000000000EF3FD4
:10B1400000000000000000000040E7895D41A03FD2
:10B1500053D7F15CC011013D0000000000C0EE3F7C
:10B16000000000000000000000002ED4AE66A43FE6
:10B1700028FDBD7573162CBD000000000080EE3F59
:10B18000000000000000000000C09F14AA94A83F27
:10B190007D265AD0957919BD000000000040EE3F91
:10B1A000000000000000000000C0DDCD73CBAC3F0C
:10B1B0000728D847F2681ABD000000000020EE3FC3
:10B1C000000000000000000000C006C031EAAE3FF1
:10B1D0007B3BC94F3E110EBD0000000000E0ED3F7B
:10B1E0000000000000000000006046D13B97B13F26
:10B1F0009B9E0D565D3225BD0000000000A0ED3F76
:10B20000000000000000000000E0D1A7F5BDB33F42
:10B21000D74EDBA55EC82C3D000000000060ED3F6E
:10B22000000000000000000000A0974D5AE9B53F63
:10B230001E1D5D3C06692CBD000000000040ED3F76
:10B24000000000000000000000C0EA0AD300B73F81
:10B2500032ED9DA98D1EEC3C000000000000ED3F8A
:10B2600000000000000000000040595D5E33B93F5F
:10B27000DA47BD3A5C11233D0000000000C0EC3FFE
:10B2800000000000000000000060AD8DC86ABB3FF8
:10B29000E568F72B809013BD0000000000A0EC3F94
:10B2A00000000000000000000040BC015888BC3FC6
:10B2B000D3AC5AC6D146263D000000000060EC3FEA
:10B2C000000000000000000000200A8339C7BE3FD4
:10B2D000E045E6AF68C02DBD000000000040EC3F37
:10B2E000000000000000000000E0DB3991E8BF3FF3
:10B2F000FD0AA14FD63425BD000000000000EC3F40
:10B30000000000000000000000E027828E17C13F0F
:10B31000F2072DCE78EF213D0000000000E0EB3F6A
:10B32000000000000000000000F0237E2BAAC13FB7
:10B33000349938448EA72C3D0000000000A0EB3F5C
:10B3400000000000000000000080860C61D1C23FB8
:10B35000A1B481CB6C9D033D000000000080EB3F59
:10B360000000000000000000009015B0FC65C33F25
:10B3700089724B23A82FC63C000000000040EB3F21
:10B38000000000000000000000B033833D91C43F86
:10B3900078B6FD547983253D000000000020EB3F86
:10B3A000000000000000000000B0A1E4E527C53F58
:10B3B000C77D69E5E833263D0000000000E0EA3F74
:10B3C000000000000000000000108CBE4E57C63F79
:10B3D000782E3C2C8BCF193D0000000000C0EA3FC6
:10B3E00000000000000000000070758B12F0C63FE6
:10B3F000E1219CE58D1125BD0000000000A0EA3F81
:10B400000000000000000000005044858D89C73F07
:10B410000543917010661CBD000000000060EA3F0B
:10B420000000000000000000000039EBAFBEC83F84
:10B43000D12CE9AA543D07BD000000000040EA3FBE
:10B4400000000000000000000000F7DC5A5AC93F6D
:10B450006FFFA05828F2073D000000000000EA3FFF
:10B46000000000000000000000E08A3CED93CA3FAD
:10B4700069215650437228BD0000000000E0E93FFA
:10B48000000000000000000000D05B57D831CB3F27
:10B49000AAE1AC4E8D350CBD0000000000C0E93FB4
:10B4A000000000000000000000E03B3887D0CB3FE8
:10B4B000B6125459C44B2DBD0000000000A0E93F56
:10B4C00000000000000000000010F0C6FB6FCC3F41
:10B4D000D22B96C572ECF1BC000000000060E93F81
:10B4E00000000000000000000090D4B03DB1CD3F4E
:10B4F00035B015F72AFF2ABD000000000040E93FE3
:10B5000000000000000000000010E7FF0E53CE3FD7
:10B5100030F441602712C23C000000000020E93FE7
:10B5200000000000000000000000DDE4ADF5CE3FAB
:10B53000118EBB651521CABC000000000000E93F68
:10B54000000000000000000000B0B36C1C99CF3F69
:10B5500030DF0CCAECCB1B3D0000000000C0E83F10
:10B56000000000000000000000584D603871D03F1E
:10B57000914EED16DB9CF83C0000000000A0E83F77
:10B580000000000000000000006061672DC4D03F93
:10B59000E9EA3C168B18273D000000000080E83FD8
:10B5A000000000000000000000E827828E17D13F55
:10B5B0001CF0A5630E212CBD000000000060E83FD8
:10B5C000000000000000000000F8ACCB5C6BD13F35
:10B5D0008116A5F7CD9A2B3D000000000040E83F02
:10B5E000000000000000000000685A6399BFD13FCE
:10B5F000B7BD4751EDA62C3D000000000020E83FFC
:10B60000000000000000000000B80E6D4514D23F9D
:10B61000EABA46BADE870A3D0000000000E0E73FD4
:10B6200000000000000000000090DC7CF0BED23F73
:10B63000F404504AFA9C2A3D0000000000C0E73F95
:10B6400000000000000000000060D3E1F114D33FCF
:10B65000B83C21D37AE228BD0000000000A0E73FFB
:10B6600000000000000000000010BE76676BD33FB2
:10B67000C877F1B0CD6E113D000000000080E73FBB
:10B6800000000000000000000030337752C2D33FBA
:10B690005CBD06B6543B183D000000000060E73F6B
:10B6A000000000000000000000E8D523B419D43FDA
:10B6B0009DE090EC36E4083D000000000040E73FCC
:10B6C000000000000000000000C871C28D71D43F6E
:10B6D00075D66709CE272FBD000000000020E73F88
:10B6E00000000000000000000030179EE0C9D43FB9
:10B6F000A4D80A1B89202EBD000000000000E73FEF
:10B70000000000000000000000A03807AE22D53F76
:10B7100059C7648170BE2E3D0000000000E0E63F86
:10B72000000000000000000000D0C853F77BD53FA8
:10B73000EF405DEEEDAD1F3D0000000000C0E63FB4
:10B740000000000000000000006059DFBDD5D53FBB
:10B75000DC65A4082A0B0ABD031E090E011A161186
:10B760000B05131B0719101D0C17030804002014E8
:10B7700010000000541F0020DC20002010210020B9
:10B780000100020001000000010000000A03281669
:10B790003111210935191A284F6C7D6254785A6786
:10B7A00073807D5F6C0000003C20204368616E6EFA
:10B7B000656C203120203E004F75747075742043F5
:10B7C00068616E6E656C73003C20204368616E6E2C
:10B7D000656C203220203E003C20204368616E6E64
:10B7E000656C203320203E003C20204368616E6E53
:10B7F000656C203420203E005472696767657220B2
:10B800004368616E6E656C73000000003C205365F8
:10B810006C6563742046696C65203E002053415678
:10B82000452053455454494E475320200000000002
:10B83000204C4F41442053455454494E47532020F7
:10B8400000000000204552415345205345545449BF
:10B850004E475320000000003C436C69636B20742A
:10B860006F20766965773E002020446576696365C0
:10B8700020496E666F2020003C436C69636B207426
:10B880006F2072657365743E000000002020202048
:10B890002D52455345542D202020202020200000EB
:10B8A0003C436C69636B20746F20657869743E005B
:10B8B0002020205445524D494E415445440000003B
:10B8C00020202050554C534520545241494E0000F1
:10B8D00020436C69636B20666F72206D656E750026
:10B8E00020202020202020252E30660020202530FA
:10B8F00031302E35662073200000000020202020EB
:10B90000252E356620732000202020252E35662028
:10B910007320000020202020202530342E32662085
:10B9200056200000202020202530352E326620565B
:10B93000200000002020202020204F66660000000C
:10B94000202020202020204F6E0000004572726FC2
:10B9500072000000202020202050756C7365730059
:10B960002020202020427572737473002020202034
:10B97000204572726F72000020202020204E6F72CE
:10B980006D616C20202000002020202020546F6753
:10B99000676C652020200000202050756C736520A6
:10B9A00047617465642020002020506172616D2021
:10B9B00053796E63202000002020202020457272E1
:10B9C0006F722020200000003C2054726967676578
:10B9D00072204E6F7720203E000000003C20202087
:10B9E00020204578697420202020203E000000009F
:10B9F0003C2054726967676572204D6F6465203E14
:10BA000000000000202020202020202020202020B6
:10BA1000202020200000000064656661756C742E93
:10BA2000707073003C436C69636B20746F206C6FA3
:10BA30006164203E000000003C2020202043616E15
:10BA400063656C202020203E000000003C20202068
:10BA50004E65772046696C652020203E000000007E
:10BA60005354415455533A205374617274696E674C
:10BA700020466F726D61742E2E2E00004552524F7B
:10BA8000523A20466F726D6174206661696C65641C
:10BA9000210000004552524F523A20436172642007
:10BAA00072652D696E6974206661696C6564210038
:10BAB00050756C73655F50616C0000002F50756CA1
:10BAC00073655F50616C0000535543434553533ACF
:10BAD000204361726420666F726D617420636F6DC4
:10BAE000706C6574652100004669726D77617265DE
:10BAF000207632320000000048617264776172651E
:10BB00002076330044657669636520496E666F0070
:10BB10003C2053696E676C6520547261696E203EEB
:10BB2000000000002020202020205A415021000049
:10BB30003C2053696E676C652050756C7365203EC0
:10BB4000000000002020202020204F6E0000000078
:10BB50003C2020436F6E74696E756F757320203EB4
:10BB6000000000003C2054726967676572204E6FC8
:10BB700077203E0053455454494E47532046494C84
:10BB8000452E0000214552524F522120494E564128
:10BB90004C4944200000000053657474696E67735B
:10BBA000206C6F616465642E000000003C436C698A
:10BBB000636B20746F2073617665203E0000000087
:10BBC0004E616D652072657365727665642E000046
:10BBD00053657474696E67732073617665642E00B3
:10BBE0003C436C69636B20746F2065726173653EC2
:10BBF0000000000053657474696E6773206572619C
:10BC00007365642E00000000436C69636B206A6FEB
:10BC100079737469636B2D3E00000000434F4D4DF6
:10BC20002E204641494C55524521000070617261F9
:10BC30006D65746572732E2E2E0000004C6F61646A
:10BC4000696E672064656661756C7400626567691A
:10BC50006E2829206661696C65640000446F206E5F
:10BC60006F74207265666F726D61742074686520F0
:10BC700053442E0053644572726F723A203058005C
:10BC80004E6F20636172642C2077726F6E67206341
:10BC90006869702073656C6563742070696E2C2010
:10BCA0006F7220776972696E67206572726F723F7A
:10BCB000000000002C305800436865636B2053443B
:10BCC00020666F726D61742E000000006361610078
:10BCD0002053442043617264204552524F52000069
:10BCE00053746172747570204661696C65643A00C2
:10BCF000204E65656420534420466F726D61740068
:10BD000053746172747570204572726F723A0000DC
:10BD100053442043415244204552524F52000000A8
:10BD20003C42697068617369632050756C73653E4D
:10BD3000000000003C50686173653120566F6C74E0
:10BD40006167653E000000003C5068617365322009
:10BD5000566F6C746167653E000000003C5068617E
:10BD60007365314475726174696F6E3E0000000046
:10BD70003C496E746572506861736554696D653EC7
:10BD8000000000003C506861736532447572617454
:10BD9000696F6E3E000000003C50756C7365204971
:10BDA0006E74657276616C3E000000003C427572F4
:10BDB0007374204475726174696F6E3E00000000F8
:10BDC0003C427572737420496E74657276616C3E84
:10BDD000000000003C547261696E20447572617409
:10BDE000696F6E3E000000003C20547261696E2055
:10BDF00044656C617920203E000000003C4C696E77
:10BE00006B205472696767657220313E0000000044
:10BE10003C4C696E6B205472696767657220323ED4
:10BE2000000000003C437573746F6D2054726169AB
:10BE30006E23203E000000003C437573746F6D203C
:10BE4000546172676574203E000000003C20437519
:10BE500073746F6D204C6F6F7020203E00000000E7
:10BE60003C52657374696E67566F6C746167653EAA
:10BE7000000000003C506C61796261636B204D6F83
:10BE80006465203E00000000455846415400000013
:10BE900057726974696E67204641542000000000A3
:10BEA0000D0A000042616420636C75737465722032
:10BEB000636F756E740D0A004361726420697320AC
:10BEC000746F6F20736D616C6C2E0D0A00000000A2
:10BED000466F726D617420446F6E650D0A0000003C
:10BEE000466F726D6174204661696C65640D0A006D
:10BEF0004C435F434F4C4C41544500004C435F431F
:10BF000054595045000000004C435F4D4F4E45547E
:10BF1000415259004C435F4E554D45524943000034
:10BF20004C435F54494D45004C435F4D455353418D
:10BF30004745530042616C6C6F63207375636365A2
:10BF400065646564000000002F646174612F6A6598
:10BF50006E6B696E732F776F726B73706163652F91
:10BF6000474E552D746F6F6C636861696E2F6172F7
:10BF70006D2D31352D352F7372632F6E65776C699A
:10BF8000622D63796777696E2F6E65776C69622FB2
:10BF90006C6962632F7374646C69622F6D70726573
:10BFA000632E6300494E4600696E66004E414E00A6
:10BFB0006E616E0030313233343536373839616274
:10BFC0006364656600000000303132333435363743
:10BFD000383941424344454600000000286E756CE4
:10BFE0006C290000300000002C2066756E637469B7
:10BFF0006F6E3A2000000000617373657274696FA0
:10C000006E2022257322206661696C65643A206681
:10C01000696C6520222573222C206C696E652025B1
:10C0200064257325730A0000496E66696E69747928
:10C03000000000004E614E002F646174612F6A653C
:10C040006E6B696E732F776F726B73706163652FA0
:10C05000474E552D746F6F6C636861696E2F617206
:10C060006D2D31352D352F7372632F6E65776C69A9
:10C07000622D63796777696E2F6E65776C69622FC1
:10C080006C6962632F7374646C69622F64746F618E
:10C090002E63000050220020D0B1002001030000D8
:10C0A00000000000010000000000000064220020E9
:10C0B00018B300200202000000000000FFFF000093
:10C0C000000000007822002030B3002002020000AF
:10C0D00000000000FFFF0000010000008C22002093
:10C0E00008B30020040100000100000000A24A047F
:10C0F00000000000A0220020B0B1002004010000D8
:10C100000100000000A24A0401000000B422002047
:10C1100020B30020040100000100000000A24A0436
:10C1200001000000C8220020C0B10020040100006E
:10C130000100000000A24A0400000000DC220020F0
:10C1400010B10020040100000100000000A24A0418
:10C1500000000000F022002020B1002004010000B7
:10C160000100000000A24A04000000000423002097
:10C1700060B30020040100000100000000A24A0496
:10C18000000000001823002050B30020040100002C
:10C190000100000000A24A04000000002C2300203F
:10C1A000BCB30020010300000000000001000000FB
:10C1B0000000000040230020C0B300200103000065
:10C1C00000000000010000000000000054230020D7
:10C1D00058B1002001000000000000000400000031
:10C1E000000000006823002070B10020010400005E
:10C1F0000000000001000000000000007C2300207F
:10C200005CB10020010300000000000001000000FC
:10C210000000000090230020209600200202000071
:10C2200000000000FFFF000000000000A423002029
:10C230003CB10020010300000000000001000000EC
:10C24000000000000102040503060708090B0A0CA0
:10C250000D0E0F118DDE000091DE000095DE000056
:10C2600099DE00000000000000000000FDE000007A
:10C270008105000049FC000045FC00009905000014
:10C2800041FC00003DFC000039FC00000000000003
:10C29000000000007100000079E10000690000006A
:10C2A0006D00000000000000000000001505000007
:10C2B00035070000690000006D000000000000006C
:10C2C00000000000150500003507000069000000AF
:10C2D0006D00000000000000000000002D080000BC
:10C2E0001908000069000000FD0500002906000093
:10C2F000E10700001106000000000000000000003F
:10C30000FDAC000001AD000041AC00002DB000000C
:10C310001DBE0000F9B300003DAD0000BDBC000033
:10C3200009BF000085B40000BDB10000D9BC000009
:10C3300045AC000051AC000011AB000015AB000093
:10C3400019AB00001DAB00005DAC000081AC00002B
:10C35000A5AC0000B5AC0000C9AC0000B1B0000055
:10C3600015AD000091AE0000FDB0000069B2000004
:10C370000000000000000000AD9C0000B19C000027
:10C38000C59C0000759D0000A5A70000BDA500008C
:10C3900035A1000015A7000035A9000039AA00004A
:10C3A000D19F00009DA20000959C0000999C000078
:10C3B0009D9C0000A19C0000A59C000065A60000BB
:10C3C00041A50000C5A400004DA00000B5A30000D9
:10C3D00039A400008D9C0000A99C0000D1A8000099
:10C3E00031A20000ED9C0000FD04000001050000EA
:10C3F0000905000011050000D8399D270054EA2ADC
:10C4000000A4781F007B9A170020202020202020E5
:10C4100020202828282828202020202020202020F4
:10C420002020202020202020208810101010101004
:10C430001010101010101010100404040404040450
:10C4400004040410101010101010414141414141EA
:10C4500001010101010101010101010101010101CC
:10C4600001010101101010101010424242424242DC
:10C47000020202020202020202020202020202029C
:10C480000202020210101010200000000000000044
:10C49000000000000000000000000000000000009C
:10C4A000000000000000000000000000000000008C
:10C4B000000000000000000000000000000000007C
:10C4C000000000000000000000000000000000006C
:10C4D000000000000000000000000000000000005C
:10C4E000000000000000000000000000000000004C
:10C4F000000000000000000000000000000000003C
:10C5000000000000000000000000000020202020AB
:10C51000202020202020202020202020202020201B
:10C520002020202020202020202020200000004249
:10C53000C8801F40B8821F40080000000000004271
:10C54000C4801F40B4821F400400000000C00042AD
:10C5500024801F4014821F401000000000C00042D1
:10C5600028801F4018821F402000000000C00042A9
:10C570002C801F401C821F404000000000C0004271
:10C5800034801F4024821F40000100000040004210
:10C5900064811F4054831F4000040000004000429B
:10C5A00080811F4070831F40000002000040004255
:10C5B0007C811F406C831F4000000100004000424E
:10C5C00068811F4058831F4000080000004000425F
:10C5D0003C811F402C831F400100000000400042AE
:10C5E00044811F4034831F4004000000004000428B
:10C5F00040811F4030831F40020000000040004285
:10C6000048811F4038831F4008000000000000429E
:10C6100004811F40F4821F4000000400000000421B
:10C6200008811F40F8821F400000080000000042FF
:10C6300018811F4008831F40000080000000004256
:10C6400014811F4004831F4000004000000000428E
:10C6500000811F40F0821F400000020000000042E5
:10C66000FC801F40EC821F400000010000000042DF
:10C6700024811F4014831F4000000004000000427A
:10C6800028811F4018831F4000000008000000425E
:10C690001C811F400C831F4000000001000000426D
:10C6A00020811F4010831F40000000020000004254
:10C6B000EC801F40DC821F400010000000000042A0
:10C6C000F0801F40E0821F40002000000000004278
:10C6D00034811F4024831F400000004000000042BE
:10C6E00038811F4028831F400000008000800042E6
:10C6F00094801F4084821F400000040000C000425C
:10C7000090801F4080821F40000000800080004217
:10C71000A8801F4098821F400000800000800042D7
:10C72000A4801F4094821F4000004000004000424F
:10C730006C811F405C831F400010000000C000425D
:10C7400030801F4020821F408000000000400042D7
:10C75000B0811F40A0831F40000000200040004225
:10C76000AC811F409C831F4000000010004000422D
:10C7700084811F4074831F40000004000040004279
:10C7800088811F4078831F4000000800000000429D
:10C790002C811F401C831F4000000010000000423D
:10C7A00030811F4020831F40000000200000004215
:10C7B0000C811F40FC821F4000001000000000425E
:10C7C00010811F4000831F400000200000800042B5
:10C7D000C8811F40B8831F400080000000800042D5
:10C7E000C4811F40B4831F4000400000008000420D
:10C7F000C0811F40B0831F40002000000080004225
:10C80000BC811F40AC831F4000100000008000422C
:10C81000D0811F40C0831F40000002000080004202
:10C82000CC811F40BC831F400000010000C00042BB
:10C8300074801F4064821F400000000100C000425D
:10C8400080801F4070821F400000000800C000422E
:10C8500084801F4074821F400000001000C000420E
:10C860006C801F405C821F400000400000C00042FE
:10C870007C801F406C821F400000000400C000420A
:10C8800078801F4068821F400000000200C0004204
:10C8900088801F4078821F400000002005000000B3
:10C8A000190000007D00000007080C0B06050F00B2
:10C8B0000D0E0102838407080C0B06050F000D0EF8
:10C8C00001028384FFFFFFFFFFFFFFFFFFFF818265
:10C8D000090A0000ADD7000095D7000019D7000065
:10C8E000BF00030304050406050A1400FC0DFC0D3B
:10C8F0000001EC03BF0B9120060010D6002108D2E6
:10C9000018D4783011220B4634D510314942110029
:10C91000231AB932D49308254289E8109208254297
:10C9200089E81092082542890C002417D812D413E4
:10C930005A542832894C22344A64129984A262944F
:10C94000012514C912D4194974A14DC472B15C2CCB
:10C950009951F434012619D912D49A4A8412A14467
:10C9600048164F2542918436918926249200270843
:10C970005218D5384800280DD516D413A989643A21
:10C98000CA840A290ED514D410AA09653AC9446A82
:10C99000002A0E7872D41169231D42349116002B9F
:10C9A0000C7872D413AB1D626235002C0834F6D3B8
:10C9B0009958002D0718D2D438042E073318D438CC
:10C9C000082F10C714D455940AA542A9502A944A96
:10C9D000013011D812D493D2445A843C4A44DAA884
:10C9E0003200310DD812D4930E6912B1FE7608329E
:10C9F00012D812D4A2892442A2585538942A8B0FF7
:10CA0000013314D812D4A2892442A2582A9CCB897B
:10CA100044894846023414D812D40E4B87348948CE
:10CA2000452691490E51B116003512D812D4388CD2
:10CA300075198DE4623151229291003615D812D4C5
:10CA4000A28924C2885865349208394A44321200B7
:10CA50003712D812D4388455C552B1542C154BC551
:10CA600052003815D812D4A2892442468948461368
:10CA700049848C12918C043914D812D4A28924428E
:10CA80008E12D18A58252811C948003A088318D433
:10CA9000B0430D3B0A94F6D359479B58003C0BD743
:10CAA00012D48E0AF5ACE7003D0A6872D438C4711E
:10CAB0003C043E0BD714D408EBA35EC3003F10D850
:10CAC00012D4A289244246A96675B858064016D8E1
:10CAD00012D4A289244292E522A14828121691BAC2
:10CAE0004C5401410FD812D493D2445A848C8722DB
:10CAF0008F024216D812D4A889D42432894C22122B
:10CB000099641221378909004310D812D4A28924CC
:10CB100042B27E9488642400440DD812D430C924D3
:10CB200042FE9BC404450DD812D4388C75368975E5
:10CB30003E04460CD812D4388C753689F50C471152
:10CB4000D812D4A2892442B22623478968440948CE
:10CB50000CD812D410F2F150E4A300490CD812D42E
:10CB600038C4C4FA6F87004A0FD912D4B3CAF593F8
:10CB70004C2453910E014B14D812D410B2496412B4
:10CB800091A69A4837894C22240A4C0AD812D4100C
:10CB9000EB7F3E044D14D812D410124BA6834542AD
:10CBA000915024140991A3004E12D812D410D66AC1
:10CBB000261345429190DC1A89024F0FD812D4A255
:10CBC000892442FE5122929100500FD812D430C9CC
:10CBD0002442DE2426B1CE005111E8F2D3A28924EA
:10CBE00042FE22215144B2BA005212D812D430C9A6
:10CBF0002442DE24266D12994448145313D812D4CB
:10CC0000A2892442B25C4E57264A44321200540B89
:10CC1000D812D438C4C4FADF00550DD812D410F29B
:10CC20003F4A44321200560FD812D410729488F43E
:10CC3000466415AB015712D812D410F245429150F8
:10CC4000241449C954240A5813D812D41012252286
:10CC50006D44AA94481369111205590FD812D410C3
:10CC60001225226D44AA58DF005A10D812D43884F5
:10CC70005595A5CA5265F121005B0AD614D4380433
:10CC8000F51F0D5C10C714D4908AA562A9582A9686
:10CC90008AA5025D0AD614D430EA3F1E025E0B4814
:10CCA00032D593D24412A1005F0719F2D33808603D
:10CCB000073456D59029610E8812D42AC9C49283AC
:10CCC000905152096211D812D410EB653492083990
:10CCD0009624921100630D8812D42AC9C8DA65A27D
:10CCE0000A00640ED812D4D6D344A9C851225A11CE
:10CCF000650F8812D4A28924C243592E13550066A9
:10CD00000DD812D4A38974161AC5FA086714C892EC
:10CD1000D3A9CC6A129944262AC92D424689050016
:10CD2000680DD812D410EB65349208F928690CB854
:10CD300012D413CBA1647D3B046A0EF794D35587BC
:10CD400051F595C626A9006B12D812D410EB4D22CE
:10CD50005291116B22358950006C0AD812D421EB04
:10CD60007F3B046D138812D488A81C26128A842263
:10CD7000A14828128A026E0C8812D4908C46122187
:10CD80001F056F0E8812D4A28924428E12918C0442
:10CD90007011C892D3908C461221C7924432126B04
:10CDA00006710EC892D39A2815394A442B621D7217
:10CDB0000C8812D490904612B15E01730D8812D483
:10CDC000B108E97631516201740DB812D4122B1AF0
:10CDD000C57A925100750B8812D410F251225A1163
:10CDE000760E8812D4101225226D44AA58067710A8
:10CDF0008812D4107291502414C9612292007810C4
:10CE00008812D4104A4432AA584A1349840279112C
:10CE1000C892D310F251225A111325221909007A0F
:10CE2000098714D4B80AF57A7B0CD812D4A4897572
:10CE3000A38B75277C07D218D4F8507D0DD812D457
:10CE4000A08B75A7897523027E0B3852D519512402
:10CE5000A40900A0060010D600A109D218D4201DF4
:10CE60000E06A212C712D4930A4922E254312212AA
:10CE700011A52200A314C912D4238A6422995C6AE2
:10CE800095AB162311496902A4139930D4884F2613
:10CE900092934C2413C94417C97A00A510B812D430
:10CEA000080F252219CD28348AB501A609D218D435
:10CEB000388C0F03A718D812D4A28924329198264F
:10CEC000928964221959249388642400A80826743E
:10CED000D5109104A919B812D4A28924C209451207
:10CEE0008A488292504442194A44321200AA119848
:10CEF00092D42A05C592839028A9C4218700AB1932
:10CF0000B910D40D052532894C2293C82452895476
:10CF100022954825D25000AC084892D478102BAD09
:10CF20000616D4D430AE19B812D4A28924C2094549
:10CF3000128A482892244944329488642400AF0716
:10CF400018B2D53804B00C66F4D492514424094D7B
:10CF500004B10D7852D413CB0E31B11C7808B20A4B
:10CF600075D4D499A889B415B30D75D4D499A8896A
:10CF70008414C90400B4083456D5922801B50DA70D
:10CF8000B2D390F1563944A6AA00B618D812D439B3
:10CF90001C2C2F128A4C2293C82432894C2293C80D
:10CFA0002402B70733B8D43808B80A4594D31252CC
:10CFB000241300B90974D4D4918C7421BA0E9792B9
:10CFC000D49A49D4D8246A73D001BB1AB912D408B0
:10CFD00045255289542295482532894C2293C824EC
:10CFE000C2501400BC15C832D409CBA3916064149C
:10CFF0004E8A85442949F41400BD15C832D409CBA2
:10D00000A3916064144E91454291A8341C26BE162B
:10D01000C832D49843A2C25828320A27C542A294E3
:10D02000A4723C02BF10D812D413CBE162558D8C90
:10D0300012918C04C011F812D491ABC3A534914461
:10D04000C878287214C111F812D4D50E97D24412A0
:10D0500021E3A1C85100C213F812D493D24472A89C
:10D0600094269208190F458E02C314F812D4128523
:10D070004C2139584A1349848C87224701C412F83D
:10D0800012D41169874A69222D42C64391A300C573
:10D09000130813D4A289B4D1C1529A4822643C1413
:10D0A000390AC611D812D42BD124328948A7C348D3
:10D0B000FF8900C7141893D3A2892442B27E9488B2
:10D0C0006454B94C229C01C810F812D491AB030FE0
:10D0D00063CD26B1E64300C910F812D494AA430FD9
:10D0E00063CD26B1E64300CA11F812D493D244723C
:10D0F000D061ACD924D67C08CB10F812D411694782
:10D100003B8C359BC49A0F01CC0CF614D491AA9B8E
:10D1100084FA9301CD0CF614D4D30E3209F527030B
:10D12000CE0DF614D49251446293507F32CF0DF657
:10D1300014D41091C426A1FEC900D01AD910D4B1BC
:10D14000290925428950223C498412A14428114AC8
:10D1500064221300D116F812D412854C21394C5890
:10D16000339928128A84E456240AD212F812D492EF
:10D17000AB43692289901F2522190900D312F812A6
:10D18000D494AAC3692289901F2522190900D413B7
:10D19000F812D493D24472204D2411F2A3442423D4
:10D1A00001D514F812D412854C213994269208F92D
:10D1B0005122929100D612F812D4116907D244126A
:10D1C000217F9488642400D70E8712D488CE246AE5
:10D1D000C399446D1AD81AF8F2D30F9554644D11BF
:10D1E000528414A18428214AA82611894A7100D9A1
:10D1F0000FF812D492ABC384FCA344242301DA0FAA
:10D20000F812D494AA4385FCA344242301DB11F82B
:10D2100012D493D2447290907F9488642400DC0FDF
:10D22000F812D411690709F98F12918C04DD12F8F4
:10D2300012D494AA43854489481B912AD60D00DE56
:10D240000FD714D490AA5A64BC1D22525500DF1B7C
:10D25000D812D41B4A4432894C22924C6412994809
:10D260004D2293C82422151100E011C812D492ABAC
:10D27000032D42B1E42064945402E111C812D49405
:10D28000AA832D42B1E42064945402E213C812D45C
:10D2900093D24472984528961C848C924A00E314D9
:10D2A000C812D412854C2139D022144B0E42464963
:10D2B0002500E411B812D4116987598462C941C8A4
:10D2C00028A904E513D812D4A289B4D18116A15893
:10D2D0007210324A2A01E6148812D49948421299EF
:10D2E0004446A249641251443201E711C892D32A3C
:10D2F000C9C8DA65A2A25C2611CE00E812C812D411
:10D3000091AB83692289F05096CB441500E911C88E
:10D3100012D4D50EA68924C243592E135500EA1300
:10D32000C812D493D24472204D24111ECA7299A8F7
:10D3300002EB12B812D4116907D24412E1A12C9762
:10D34000892A00EC0CC812D491AB43C9FA7608EDD7
:10D350000CC812D494AA83C9FA7608EE0EC812D467
:10D3600093D244721859DF0E01EF0CB812D4116930
:10D370008791F5ED10F016D812D488C524C2E95073
:10D38000228B094BA222A344242301F111C812D4F9
:10D3900012854C21394C321A49847C14F211C8127E
:10D3A000D491AB8369228990A344242301F310C84C
:10D3B00012D4D50EA68924428E12918C04F413C87F
:10D3C00012D493D24472204D2411729488642400A4
:10D3D000F514C812D412854C213994269208394A82
:10D3E00044321200F611B812D4116907D244122146
:10D3F0004789484602F70EA832D413CB510F07399C
:10D40000AA5806F814A8F2D30F9554441152841266
:10D41000A284242251290EF90EC812D492ABC384DF
:10D420007C94885604FA0DC812D4D50E14F25122F9
:10D430005A11FB10C812D493D2447290908F12D11B
:10D440008A00FC0EB812D411690709F92811AD0839
:10D45000FD130893D394AA43857C948856C44489C9
:10D46000484602FE101795D390EAB5A422E324297A
:10D4700049B502FF13F892D311690709F92811ADD4
:10D48000888912918C0400000004FFFF0000000056
:10D49000BF0002020303020404040600FF05FF05A7
:10D4A000FF00E901D3058E200580CD002106E9C8E3
:10D4B000AC00220693CB2415230AACC8A434541A1A
:10D4C0002A012409B3C7A5A1474A002508ABC864AF
:10D4D000D446012609ACC8C514AB98022705D1CBA8
:10D4E000082807F2C7A966002908B2C7C454290052
:10D4F0002A07ABC8A46A352B08ABC8C5B462022C96
:10D500000692C729002D058BCA0C2E05C9C8042F09
:10D5100007ABC85665043008ABC855435500310702
:10D52000ABC825590D3207ABC835531A3308ABC801
:10D53000CC9417003408ABC8243562013508ABC859
:10D540008CA817003607ABC84DD5023708ABC8CC3E
:10D550005446003807ABC8ADD6023907ABC8B5E4AE
:10D56000023A06E1C8C4003B07AAC765A8003C0709
:10D57000ABC8A6BA003D069BC9EC013E07ABC8E4A8
:10D58000AA043F08ABC8E89461024006ABC82D5B13
:10D590004108ABC85543A9004208ABC8A8B4D202A1
:10D5A0004308ABC8553255004408ABC8A8642D00E9
:10D5B0004508ABC88CA8E2004608ABC88CA862043A
:10D5C0004708ABC8CDA492004808ABC82435940ADC
:10D5D0004907ABC8AC580D4A07ABC896AA024B081E
:10D5E000ABC824B5920A4C07ABC8C4E6004D08ABE3
:10D5F000C8A431940A4E08ABC8AAA124004F07ABB7
:10D60000C85556055008ABC8A8B462045107B3C743
:10D6100055561D5208ABC8A8B4920A5307ABC8EDC3
:10D62000BC005407ABC8ACD8025507ABC824D70818
:10D630005608ABC8246BA4045708ABC82435860A27
:10D640005808ABC824D552015908ABC82455560018
:10D650005A07ABC8CC540E5B06EAC8AC4A5C07ABB1
:10D66000C8C45C065D06AAC8A86A5E0593CB355F90
:10D67000058BC70C6006D2CBC4006107A3C82D95EB
:10D68000046208ABC84495D4026306A3C8CD2C64D9
:10D6900008ABC8A6A592006506A3C855536608AB9B
:10D6A000C8A6B462026708ABC7AD2417006808AB10
:10D6B000C84495AC006908ABC86524D3006A08B3B8
:10D6C000C766582E006B08ABC8C4B4920A6C07AB8F
:10D6D000C8C8D6006D08A3C8A4A154006E07A3C88B
:10D6E000A864056F07A3C855AA027008ABC7A8B401
:10D6F00062047108ABC72D9564007208A3C8A41515
:10D7000023007307A3C88DBC007408ABC8A51573AC
:10D71000007507A3C8242B097607A3C824AB02779A
:10D7200008A3C8243554007807A3C8A43215790883
:10D73000ABC72495E4027A07A3C8CC94067B08B350
:10D74000C7A624EB007C06E9C80C017D09B3C7E439
:10D75000A8628A007E0794CB259500A00580CD00A5
:10D76000A106E9C8A401A208ABC8A5115702A307E6
:10D77000ABC8A6A81AA408A4C8C424550CA508AB15
:10D78000C8A46AC504A606E9C82801A708B3C78DBE
:10D7900054C905A8068BCCA400A909B4C7A9B8969A
:10D7A0004C0AAA07ABC8ADA407AB089CC925155302
:10D7B00000AC0693C9CC00AD058BCA0CAE08A4C959
:10D7C000A9B19202AF058BCC0CB0069BCA7501B112
:10D7D00008ABC8A595D100B206A2C92803B307AA11
:10D7E000C828A900B406D2CB2900B508ABC7246B62
:10D7F0004500B607ACC80DB57AB705C9CA04B80666
:10D80000D2C82900B906A2C9AD02BA07ABC875A330
:10D8100001BB089CC9A4985402BC08B4C7E41A55BB
:10D820003BBD08B4C7E44AC72CBE09B4C7E8985149
:10D83000B203BF08ABC86598B200C008ABC8E49497
:10D84000860AC108ABC8A66AA800C208ABC8C894BB
:10D85000860AC308ABC88D94860AC408ABC8A4D690
:10D860005001C508ABC8C594860AC609ACC88D94DA
:10D8700086AA04C708B3C755323501C808ABC8C467
:10D88000A1E200C907ABC88E1507CA08ABC88D91C5
:10D89000E200CB08ABC8A4B1E200CC08ABC8C41509
:10D8A000D300CD08ABC88E14D300CE08ABC8A515E5
:10D8B000D300CF07ABC8A4B21AD009ACC8CCB4AA65
:10D8C0009100D108ACC82595AE0AD208ABC8E49443
:10D8D0005405D308ABC8A64A5500D408ABC8C594B4
:10D8E0005405D508ACC88DD51901D608ABC8A49687
:10D8F000AA00D7069BC9A40ED807ABC81D6A01D9D8
:10D9000008ABC8E494D408DA08ABC8A64A8D00DB9B
:10D9100008ABC86594D408DC08ABC8A49CD408DD67
:10D9200008ABC8E6542600DE08ABC844955604DFB1
:10D9300008B3C7552B0D09E008ABC8E4B89200E165
:10D9400008ABC8A6B89200E208ABC869B49200E37D
:10D9500009ACC8251555A900E408ABC8A48C56121B
:10D96000E508ABC865B89200E608A4C88DB4E2002B
:10D97000E708ABC7555A2500E808ABC8E494A600F1
:10D98000E907ABC8A66A0AEA08ABC8C894A600EBC8
:10D9900007ABC8A4D614EC07ABC8E4580DED06AB32
:10D9A000C8CE6AEE07ABC875A601EF08ABC8A42CB9
:10D9B000D300F008ABC8A4725500F109ACC8259596
:10D9C000646A01F208ABC8E4985A00F308ABC8A631
:10D9D000985A00F408ABC865985A00F507ABC86CB4
:10D9E000D405F608ABC8A48CBA00F708ABC865B478
:10D9F0005102F807A3C82DB500F908ABC8E4945448
:10DA000012FA08ABC8A64A2501FB08ABC8659454B6
:10DA100012FC08ABC8A49C5412FD08B3C7A66AC484
:10DA200005FE09B3C7C4A8D28A00FF09B3C7A49CE6
:10DA3000465C0000000004FFFF000000BF0002027F
:10DA40000303030404050700FF06FF0600010A02A2
:10DA500016062F200500BD012106B1B119292207A4
:10DA60005BB7495600230A2DB1AB86AA86AA0024CB
:10DA7000092DB15BF54E6901250834B1C9B17700B4
:10DA800026092CB18B29563105270599B719280786
:10DA900072B153CD00290872B189A952002A076BCF
:10DAA000B149D56A2B0A2DB1CD280E9951042C0706
:10DAB0005BAF5325002D060CB519012E0652B11986
:10DAC000012F0724B38F6D00300873B1AB5C1500D4
:10DAD000310773B14BB235320934B15331C77204D7
:10DAE000330A34B1193969249302340A34B18DAA46
:10DAF0001A312700350A34B1197A23991400360AED
:10DB000034B1537945991400370A34B11939E6987C
:10DB10002300380A34B15331A9289302390A34B1A9
:10DB20005351A69D14003A076AB11971043B08339A
:10DB3000AFB3912A013C076BB14D75013D081CB391
:10DB400019198D003E076BB1C955093F0973B16BB7
:10DB5000A60C1300400934B15351DD48014109348A
:10DB6000B153518E2903420A34B15971A428470296
:10DB7000430934B15351974901440934B159D1395A
:10DB80001200450934B1197AE53C02460834B1194E
:10DB90007AE51A470934B15351A79906480834B1B8
:10DBA00089724C33490773B159B1354A0834B16FA2
:10DBB000CBA4004B0A34B1892A4999CA004C0734D6
:10DBC000B1C9DD234D0934B189E38866004E0834BC
:10DBD000B1896BA9334F0934B153D1991400500A5C
:10DBE00034B159518E943300510A3CAF53D15C4942
:10DBF000A300520934B159518ED40C530A34B15395
:10DC00003165542605540773B159B10B550834B129
:10DC1000899E4901560934B189CE2415005709342B
:10DC2000B189E6386200580A34B189324915650075
:10DC3000590873B1495659015A0934B11939B647CF
:10DC4000005B0773B119B1395C0924B3C928A38CEF
:10DC5000025D0773B199CD115E0553B96B5F060C78
:10DC6000B11901600652B98901610824B11B51A99B
:10DC700002620A34B1C97945391200630623B19BA7
:10DC800059640834B1AF469469650824B153696496
:10DC900005660934B1ADCA99230067092CAF1B3161
:10DCA000A98C06680834B1C9794533690873B1CBCA
:10DCB0004856036A097BAFCDB05415006B0934B1E7
:10DCC000C95592A90C6C0773B1915D036D0824B11D
:10DCD000496948196E0724B159D10C6F0824B15312
:10DCE00051260570092CAF59518E940171082CAF43
:10DCF0001B51A61D720824B159516700730824B145
:10DD00001B1A0D05740934B1CB71E68C0475072418
:10DD1000B189661A760763B1495605770724B18938
:10DD2000721C780824B18949AA1879092CAF893264
:10DD30009525007A0824B119B11C017B0873B14DF7
:10DD400049D6017C05B1B1397D0973B1C951C514FA
:10DD5000017E0714B94B2A01A00500BD01A106B13F
:10DD6000B14923A20934AF8D23356702A3082CB132
:10DD700055715602A40A2DB1C969A6B87200A50949
:10DD800073B149AA5A3101A606A9B15102A7087B6D
:10DD9000AF9BAA920BA8064BBB4901A90B3DAF5BF9
:10DDA00059A5A9924E0BAA061BB75B49AB071DB339
:10DDB0008BB201AC0614B31939AD054BB519AE0BD6
:10DDC0003DAF5B79A439755A00AF060CBB1901B0A1
:10DDD000065BB7EB02B10B35B1CD280E99511C0291
:10DDE000B20662B55106B30662B51969B40652B9F6
:10DDF0005300B5082CAF89E64819B60834B11B6A40
:10DE0000F503B70652B51901B80652AF5300B9076A
:10DE100063B54B320DBA061BB7EB02BB081DB389C5
:10DE2000A54C00BC093CAFC9CDA87600BD093CAFEC
:10DE3000C92D1DB300BE0A3CAF913AAAA87600BF17
:10DE40000973B1CB30C55401C00934B153518E2987
:10DE500003C10934B153518E2903C20934B153515E
:10DE60008E2903C30934B153518E2903C40A34B136
:10DE70008949C5316500C50934B1932A8E2903C685
:10DE80000934B11BA91AAA25C70A3CAF53519749B7
:10DE90004600C80934B1197AE53C02C90934B11900
:10DEA0007AE53C02CA0934B1197AE53C02CB09345F
:10DEB000B1197AE53C02CC0773B159B135CD07737E
:10DEC000B159B135CE0773B159B135CF0773B159D7
:10DED000B135D00934B19969758D04D10834B1498F
:10DEE00073A933D20934B153D1991400D30934B191
:10DEF00053D1991400D40934B153D1991400D509E0
:10DF000034B153D1991400D60A34B1894945332923
:10DF100000D70824B18949AA18D80934B11BE948A7
:10DF20004702D90834B1899E4901DA0834B1899E83
:10DF30004901DB0834B1899E4901DC0A34B18919F1
:10DF400045332900DD0873B149565901DE0A34B161
:10DF5000C92B8E943300DF0934B15351955602E03A
:10DF60000A34B1CB288EA85401E10934B1AD47542D
:10DF7000AA00E20934B1ADD2884A15E30A34B14BA4
:10DF80002A8EA85401E40934B1ABE1884A15E509A9
:10DF900034B1937244A50AE60824B11B69C501E7B0
:10DFA000086BAF9B592500E80A34B1CB28AA34B2DC
:10DFB00002E90934B1AD551A5901EA0A34B18B2985
:10DFC000AA34B202EB0A34B14919AB34B202EC08FC
:10DFD00073B1C9495603ED0773B12B6535EE07736D
:10DFE000B1AB6635EF0873B149595603F00A34B145
:10DFF000CBC88A322900F10934B14B2AAD6806F248
:10E000000A34B1CB28AA289302F30934B1AD559450
:10E010004901F40A34B1D35845991400F50A34B1D2
:10E020004B2AAA289302F60A34B1ABA18A322900FE
:10E03000F7092CB1D37064A800F80924B11B69A4B6
:10E040009100F90934B1CBA834D300FA0734B16D8B
:10E050009A69FB0834B1D3309A69FC0934B1AB51E9
:10E0600034D300FD093CAF6DCA549600FE0A34AFAC
:10E07000C92BCA913200FF0A3CAFAB5194A92C01C5
:10E0800000000004FFFF0000BF00020203040304BD
:10E0900004050800FF06FF0600011A02310696205B
:10E0A00005007E032107316333520022079B6E93E4
:10E0B000AC00230D3D6257A6345435549912002408
:10E0C0000A3D629B57BD53DA112508AB66135367AF
:10E0D00000260A3C621753B36AA6002705196F335E
:10E0E0002807B262A79A012908B2621353A5002A31
:10E0F0000A2C6213931A49C5002B0A2D629B511CEE
:10E1000032A3082C079B5EA74A002D060C6A330237
:10E110002E079B5E9756022F0834625FB63300309D
:10E1200008B36257B92A003107B36297646B320AA9
:10E130003462A7624E2A8F00330A34623362D448B5
:10E140002605340A34621B5535624E00350A3462A6
:10E1500033F446322900360A3462A7F28A322900A3
:10E16000370A34623372CC314700380A3462A7620E
:10E1700052512605390A3462A7A24C3B29003A07BE
:10E18000AA6233E2083B08B35E672355023C07B33B
:10E19000629BCA5C3D081C6633321A013E08B362BA
:10E1A00093CB54023F09B362D74C192600400C456B
:10E1B0005E2BA35C492559430541093462A7A21C83
:10E1C0005306420A3462B3E248518E044309346272
:10E1D000A7A22E930244093462B3A2732400450916
:10E1E000346233F4CA79044609346233F4CA350020
:10E1F000470A3462A7A24E3329004809346213E566
:10E200009866004907B362B3626B4A093462377398
:10E210005546004B093462135592A9334C083462B9
:10E2200093BB47004D09346213C711CD004E09342A
:10E230006213D75867004F093462A7A233290050F0
:10E240000A3462B3A21C29670051093C5EA7A25C94
:10E250006E14520A3462B3A21C29CA00530A3462F3
:10E26000A762CAA84C0A5408B362B36217005508E3
:10E270003462133D930256093462139D492A0057B4
:10E2800009346213CD71C400580A34621365922AAE
:10E29000CA00590B35629375AA33CA28025A093449
:10E2A0006233726C8F005B07B3623362735C0A3453
:10E2B000629333CA28A31C5D07B362339B235E06B7
:10E2C0009372D7005F060C5E3302600692721303EE
:10E2D0006108246237A24C03620A346293F38A72A3
:10E2E00024006307A36237B300640934625F8D289A
:10E2F000D30065082462A7D2C80A660934625B9518
:10E3000033470067092C5EA762DA49016809346265
:10E3100093F38A66006908B3629791AC066A09BBF9
:10E320005E9B61A92A006B09346293CB91A20C6CAD
:10E3300007B36223BB066D092562A35A2AA9026EA0
:10E34000072462B3A2196F082462A7A24C0A7009BD
:10E350002C5EB3E248390371082C5E3762DA05722D
:10E3600008246293929D017307A36237F202740A34
:10E37000346297E3CC2926007507246213CD3476E6
:10E3800007A36293AC0A770925629355525D007822
:10E3900008246213935431790A2C5E13651A3129CB
:10E3A000007A082462336239027B0B3C62AB324A4A
:10E3B0001AC58C047C053163737D0C3C62A351CC7F
:10E3C00048659424007E071472975402A005007ECD
:10E3D00003A1073163934600A209345E1B476ACE4E
:10E3E00004A30A34625B8D98934A00A40A2D6293B9
:10E3F000D34C71E500A50B3562935335641C320292
:10E40000A6063963B306A70A3C6237F28A698F040D
:10E41000A8068B769302A90A3562B7AA3955B500CA
:10E42000AA07AB6AB7921EAB081C6697544C01ACA6
:10E43000069B62330BAD058B6A33AE093562F7A1DB
:10E44000965A00AF058B7633B0069B6ED705B108A0
:10E45000AB6297564603B207AB6AD74C69B307ABBA
:10E460006AA32F00B4069272A700B5092C5E13CDE3
:10E47000913200B60C356237461A29A998620AB75C
:10E4800005096B13B806925EA700B907AB6A9764DB
:10E4900035BA07AB6AD78D06BB081C669362520972
:10E4A000BC0A3C62935B518D9800BD0A3C6293AB01
:10E4B000A4728C03BE0C3C629351CC4855232600B9
:10E4C000BF09B36297618AA902C00A3C629751549E
:10E4D000714C19C1093C625BAB38A60CC20A3C62A4
:10E4E000A76252714C19C30A3C62975454714C197B
:10E4F000C40A3C62133354714C19C50A3C62A762CA
:10E5000052714C19C609346237526BA84AC70A3C8B
:10E510005EA7A22E938C00C80A3C6297511A7AE536
:10E5200011C9093C625B0EBDF208CA0A3C62A7E24F
:10E53000D82B8F00CB0A3C6213331A7AE511CC0931
:10E54000BB6293D38AD500CD09BB629BD28AD5002A
:10E55000CE09BB62578D14AB01CF09BB6293F28A1F
:10E56000D500D00B356237E348658A6901D10A3C92
:10E57000629754B9D49401D20A3C62975154D14C59
:10E580000AD3093C625BAB682605D40A3C62A762E9
:10E5900052D14C0AD50A3C62975454D14C0AD60A3F
:10E5A0003C62133354D14C0AD7069B62933AD80984
:10E5B000346237D2918E04D9093C629751E94C0AF2
:10E5C000DA083C62DB742605DB093C62A7A26752CD
:10E5D00000DC0A3C6213338ACEA400DD0B3D625F8F
:10E5E000E65467945104DE0A34629357942365001D
:10E5F000DF093462A7A2EA5409E00A3C629751C6D7
:10E6000023CA34E1093C625B5323CA34E20A3C6208
:10E610005B6538A24C03E30A3C629754C623CA34B4
:10E62000E409346257C311651AE50A3C62A7629295
:10E6300023CA34E609256233A2324700E708AB5EFD
:10E6400037B34A00E80B3C629751C62A8DAC00E90B
:10E650000A3C625B532A8DAC00EA0B3C62A76286DF
:10E660002A8DAC00EB0A3462574395465600EC09FC
:10E67000BB62933392D500ED09BB629B3292D50009
:10E68000EE08BB62D796D500EF08B36293B2AC0632
:10E69000F00C3C62936295511A312900F10A3C62F8
:10E6A0009754862B9A01F20B3C629751C62ACAA452
:10E6B00000F30A3C625B532ACAA400F40B3C62A735
:10E6C00062862ACAA400F50B3C629754C62ACAA4E3
:10E6D00000F60A3462133354512605F708AB6297EB
:10E6E000D14609F809246237D2482301F90A3C626D
:10E6F000975186D14C03FA093C625BE368A601FBA3
:10E700000A3C62A76246D14C03FC09346213338A87
:10E71000661AFD0B445E5BE328D3884901FE0A3C80
:10E720005E93F38A23E50CFF0C3C5E13338A328D33
:10E7300098140000000004FFFF000000BF00020268
:10E740000304030504060A00FE07FE070001420257
:10E750009207B320050062072107394367A800220A
:10E76000079B52275901230D3D42AF4C69A86AA867
:10E77000322500240B3D4237AF7AA7B42300250B86
:10E780003D422FAAEEAA251300260C3D422FA79842
:10E79000729564540127051953672808BB423795C1
:10E7A00075012908BB42279755092A0A2D4627A734
:10E7B0006AA876002B0A2D4637A3386446112C0729
:10E7C0009B3E4F95002D060D4E67082E079B3E2F52
:10E7D000AD042F0B3D421F6594BB514600300A3DEE
:10E7E0004237A7DA4E7504310C3D4237CB9451467F
:10E7F00019C521320C3D426FE58CA2CC190D0133B5
:10E800000C3D42676894B3863A2D00340C3D423F7C
:10E81000CB54A6A1334A00350B3D42E746C9CC484C
:10E82000A705360B3D4257E68C92A9D302370C3D23
:10E830004267689433CA35CA00380B3D426F659D04
:10E8400056D66901390C3D426F65A95446394A00D4
:10E850003A0ABB3E2FAD0CD34A003B09BB3E2FAD5D
:10E860000C55093C0ABC423FB6514619053D081DEE
:10E870004A676838043E0BBC4227A38C328A6D007D
:10E880003F0A3D426FE536CA7404400B3D426F6556
:10E89000B99295E102410B3D4237A75A8F9175001D
:10E8A000420C3D4267C42AA659C5A100430C3D4213
:10E8B0006F658D32CA28A705440D3D4267C42AA65C
:10E8C00098628A4301450C3D42E746198D945146B2
:10E8D00043460D3D42E746198D9451461901470CB8
:10E8E0003D426F658D328A3B2D0048093D4227DB52
:10E8F00063643B4908BB4267C5AE014A0C3D4277A1
:10E90000679451466594004B0B3D4227CB54EA1463
:10E91000AB1C4C0E3D4227A38C32CA28A38C860028
:10E920004D0A3D4227EBB592B6034E0A3D4227EB16
:10E93000A992DC3A4F093D426F65EFB400500D3D9E
:10E940004267A4AC87CA28A38C00510A453E6F6574
:10E95000AF6AC300520B3D4267A4AC872AAB1C537D
:10E960000B3D426F650D37D46901540E3D4267C8B7
:10E970008C32CA28A38C220055083D4227FB4E0B3F
:10E98000560B3D4227DBA94C31E508570A3D42278B
:10E99000BB924A7700580A3D4227EB5457B50E59AF
:10E9A0000C3D4227EB5467945146115A0A3D426789
:10E9B0006894BBD1105B08BB4267C4CE015C0D3DBF
:10E9C0004227A30C33CC30C38C025D08BB42677670
:10E9D0008E005E071D5237A73A5F060D3E6708603E
:10E9E00006125B2706610A2D426FC334741A016256
:10E9F0000C3D4227A38C92A9A75200630A2D426FB7
:10EA0000658D725A00640B3D421F6594CC2D950AAA
:10EA1000650A2D426FE531325C00660C3D42575667
:10EA200079C48C32CA00670C3D3A6F689D46463AFD
:10EA30002D00680B3D4227A38C92A9ED006908BB0D
:10EA4000422F23D91A6A0BCC3A3F635D4B991400CD
:10EA50006B0C3D4227A38CB24CB3CA016C07BB427E
:10EA600047F61A6D0A2D4247B5545249076E082DD4
:10EA7000422799DA0E6F092D426F653B2D00700C0D
:10EA80003D3A27997A2A95514600710B3D3ACFDCE1
:10EA900052A98C320A720B2D4227991A65941100E3
:10EAA000730A2D426F65B8E15000740D3D422FA3EB
:10EAB0003C624619C5A80075082D42273B950A7689
:10EAC0000A2D4227EB54A61C0177092D42275B49EA
:10EAD000750178092D4227A7BAAA03790B3D3A2779
:10EAE0009B4A65A4D3027A082D4267E8F6107B0B97
:10EAF000BC42576594348A19097C063943E7087D7E
:10EB00000CBC4247A39891CA2849007E091D522F88
:10EB1000AA241300A005006207A1073943270D01AD
:10EB2000A20C3D3E370F15534C79C408A30B3D4250
:10EB300057567967149502A40A2D4227A799E2CA6D
:10EB400001A50D453E27EB54C72133CA2802A6066E
:10EB50003943670DA70B453E6F65343B374A0BA819
:10EB6000068B5E2705A90C3D426F6595A64A3A2D96
:10EB700000AA0AB4466F44A56A3402AB0B2E42B712
:10EB80008A29E6986300AC07944A67E400AD068CD6
:10EB90004E6704AE0B3D426FE591E6D46901AF06C6
:10EBA0000D5E6708B0069B52AF0BB10B354237A321
:10EBB0003864467108B208AC4E4FC5E608B30AACDB
:10EBC0004E67A3A4D14800B406125B4F01B50A35C5
:10EBD0003E27DB53A98C00B60E3D426F8C34525257
:10EBE00031C5145300B705094F27B806123B4F0132
:10EBF000B907AB4E2FC96ABA0AB4464F4599341CBF
:10EC000001BB0C2E4227E698638A294600BC104EB1
:10EC10003E2F230D33CC6866A4531C1906BD104E3D
:10EC20003E2F230D33CC686554C38C321ABE0E4D73
:10EC30003E47C39C619459A634320ABF0A3D42370D
:10EC4000D319E5D602C00C45422FC3BCB21E23EB3C
:10EC500000C10B4542BF5E598F917500C20C454201
:10EC600037A7B8B21E23EB00C30C45422F2AB9B216
:10EC70001E23EB00C40B4542AFA656D663641DC5E8
:10EC80000C454237A7B8B21E23EB00C60B3E4277B5
:10EC9000A4B239466C0EC70D4D3A6F658D32CA2845
:10ECA000A75D03C80E45422F8F8D321A29A38C868B
:10ECB00000C90E45423F8D8D321A29A38C8600CAA9
:10ECC0000E4542378E8D321A29A38C8600CB0E4515
:10ECD00042AF1A1B65345246190D01CC09C34227B5
:10ECE000A7155B03CD09C34237A5155B03CE09C346
:10ECF00042AF1A29B606CF09C34227E5155B03D0F8
:10ED00000D3D4267C42A8E54A6381400D10B4542EB
:10ED100037754F95E4D601D20B45422FC3BCB23BA9
:10ED20002D00D30A4542BF5ED99D1600D40B454243
:10ED300037A7B8B23B2D00D50A454237355776A7DD
:10ED400005D60A4542AFA65676A705D7092D422714
:10ED5000A7BAAA03D80B3D426FC52BCD991600D98F
:10ED60000A45422FC3DA3B2D00DA094542BFCCDE0B
:10ED70006901DB0B454237A78CB33B2D00DC0A450C
:10ED800042AFC6D93B2D00DD0C4542BFCC3AD51968
:10ED9000651401DE0E3D4227A391F25019659411CE
:10EDA00000DF0B3D426F6599CA2A2B05E00C4542F6
:10EDB0002FC34C6E98864E23E10B4542BF26374C3D
:10EDC00043A711E20C454237A74C6D98864E23E3CA
:10EDD0000C454237B5A90DD3D06904E40B3D42AFD1
:10EDE000A6364C43A711E50C454237A79C374C4348
:10EDF000A711E60B2E426F64548D998700E70B3DF7
:10EE00003A6F658D72DA3500E80C45422FC34CAE7F
:10EE10003C46860BE90B4542BF26571E23C305EA35
:10EE20000C454237A74CAD3C46860BEB0B3D42AF41
:10EE3000A6561E23C305EC09C3422767245B03EDD6
:10EE400008C342AF86B235EE08C342AF2D5B03EF75
:10EE500008BB422765D91AF00B3D424743B9B29D22
:10EE60001600F10A454237B57132B51DF20B454225
:10EE70002FC34CAE6CA705F30A4542BF2657B6D345
:10EE800002F40B454237A74CAD6CA705F50B454284
:10EE900037B5A995EDB400F60A3D42AFA656B6D3F4
:10EEA00002F7092D463753435311F80A2D426FC814
:10EEB00095E65000F90B45422FC34C65A75201FA65
:10EEC0000A4542BFA6B253A900FB0B454237A78CA7
:10EED000B353A900FC0A3D42AFC6D9A95400FD0CAA
:10EEE0004D3ABFCCA65219E9B400FE0D453A27A30E
:10EEF00091B23D54461901FF0D4D3AAFC6D9542A7F
:10EF0000239D160000000004FFFF0000BF00020266
:10EF10000304030504060C00FE07FE08FF01390286
:10EF20008507A82005006A072107394367A8002242
:10EF3000079B56275901230B3542AF1AAA4C69A8E3
:10EF40000A240D4D3E37AF4AE59D54B523002509EF
:10EF50003D4247CEDC3905260C3D422FA7987295DD
:10EF60006454012705195767280ACB3E37C514EBAF
:10EF70009803290BCB3E27C71CAB9822002A0A3DD9
:10EF800042B7AA765ECD082B0A2D4637A3386446D1
:10EF9000112C071B3E4F8D042D060D4E67082E06C3
:10EFA000924267042F0C3D421FE58C728D72460021
:10EFB0003009BC424F45CFA4003108BB422FC9AE37
:10EFC00001320A3D426FE58C727B08330C3D42678B
:10EFD0006894B3863A2D00340C3D423FCB54A6A131
:10EFE000334A00350C3D42E74623C38C745A003641
:10EFF0000C3D4257E68C46CA3A2D00370D3D42671C
:10F00000689433CA19651401380B3D426F659D56EB
:10F01000D66901390C3D426F659D4646394A003A32
:10F0200007AA4267C4113B09333ECF466A24003C1D
:10F0300007AB4637D5053D081D4A676838043E08CA
:10F04000AB46275725003F0A3D426FE536CA740498
:10F05000400C3D426F6535525223C305410A3D4283
:10F060006F653D46B603420C3D4267C42AA659C5AA
:10F07000A100430C3D426F658D32CA28A705440D9F
:10F080003D4267C42AA698628A4301450C3D42E787
:10F0900046198D94514643460D3D42E746198D94DD
:10F0A00051461901470C3D426F658D328A3B2D0058
:10F0B00048093D4227DB63643B4908BB4267C5AE54
:10F0C000014A0C3D4277679451466594004B0B3DD5
:10F0D0004227CB54EA14AB1C4C0E3D4227A38C3282
:10F0E000CA28A38C86004D093D4227AF95B43B4EFC
:10F0F0000A3D4227EBA992DC3A4F093D426F65EF8A
:10F10000B400500D3D4267A4AC87CA28A38C0051BF
:10F110000A3D426F6557925105520B3D4267A4ACC0
:10F12000872AAB1C530B3D426F650D37D4690154E0
:10F130000E3D4267C88C32CA28A38C220055083D78
:10F140004227FB4E0B560A3D4227BB539972045788
:10F15000093D42277B25D505580A3D4227EB5457E8
:10F16000B50E590C3D4227EB5467945146115A0A8B
:10F170003D42676894BBD1105B08CB3E67C43E0735
:10F180005C0D3D4227C38C32CC30A30C035D08CB11
:10F190003E67F639025E071D5637A73A5F060D3AFD
:10F1A000670860069B562717610A2D426FC33474A7
:10F1B0001A01620C3D4227A38C46CAF65000630A2E
:10F1C0002D426F658D725A00640B3D421F65948617
:10F1D000B6D308650A2D426FE5A1325C00660B3D8F
:10F1E0004257567967945106670B3D3A6F653B8DE0
:10F1F0008CD202680B3D4227A38C46CAEE006908F8
:10F20000BB422F23D91A6A0ACC3A3F63DD964901E3
:10F210006B0C3D4227A38CB24CB3CA016C07BB42B6
:10F2200047F61A6D0A2D4247B5545249156E082DFE
:10F23000422799DA0E6F092D426F653B2D00700C45
:10F240003D3A67A46C0F95514600710B3D3A6F68CB
:10F250003B8D8C320A720B2D4227991A659411004E
:10F26000730A2D426F68B8E15000740C3D4237A319
:10F2700038644619652875082D42273B950A76099A
:10F280002D4227DBA98E0077092D42275B497501A6
:10F2900078092D4227A7BAAA03790A3D3A27DBA9A4
:10F2A0006E23007A082D4267E8F6107B09CB3E37C3
:10F2B000C52AC73A7C06493FE7017D0ACB3E27C7EE
:10F2C0003AC52A027E091D4A2FAA241300A0050070
:10F2D0006A07A1073943270D01A20B3D3E37AF4A0C
:10F2E000C554ED08A30B3D4257567967149502A407
:10F2F000082D4227F54E3DA50C3D4227A76AC83888
:10F30000644611A6063943670DA70CC4426F64A476
:10F31000A24C1A8D04A8068B5E2705A90F3E426FEA
:10F32000A48C645251268DD24800AA07AB526F2597
:10F330003DAB092D4237F54E3905AC091D466768CE
:10F34000945100AD058B4E67AE0E3E426FA48C5CAF
:10F3500051458DD24800AF060D5E6708B009A4562E
:10F360004F45991400B10C3D4237A3386446991AB1
:10F3700002B208AB56AF99D200B308AB5647A7BC50
:10F3800000B4079B56379500B50B3D3A273B87D213
:10F39000282300B60F45426F8C34D24849C5145318
:10F3A0004C01B706124F6704B806933A7701B907C4
:10F3B000AB562FC96ABA07AB56AF1B0DBB0A2D421D
:10F3C00027E594534F00BC1055422F6B945146B51E
:10F3D0004C71E48C1200BD0E55422F6B9451467552
:10F3E000CA28D768BE0F554247C39C615459A638F6
:10F3F000724609BF0A3D4237D319E5D602C00D5502
:10F40000422FC34CAEACC7C87600C10B5542BF26D5
:10F4100057D663643BC20D554237A74CADACC7C845
:10F420007600C30C5542CF4DADACC7C87600C40BB7
:10F430004D42AFA656D663643BC50C554237A79CD8
:10F4400057D663643BC60C3D426FA898E248658A74
:10F4500069C70E4D3A6F658D32CA28A78DA204C8C0
:10F460001055422FC34C8D8D321A29A38C8600C9AA
:10F470000E5542BFA6C646198D94514643CA0F5534
:10F480004237A78CC746198D94514643CB0E4D4247
:10F49000AFC663A38C46CA28A321CC0AD3422767F0
:10F4A000B462D700CD0AD3423765B462D700CE0923
:10F4B000D342AFBD62D700CF09CB4227E515BB06CB
:10F4C000D00C3D426F5671A432C5B400D10C5542E8
:10F4D000CF8DB39E2AC9AD03D20C55422FC34CAE7B
:10F4E000EC9D1600D30A5542BF2657F64E0BD40C9E
:10F4F000554237A74CADEC9D1600D50B5542CF4D6C
:10F50000ADEC9D1600D60A4D42AFA656F64E0BD76F
:10F51000092D4627A7BAAA03D80F4D3E1FA5155798
:10F520005249A599564600D90B55422FC34C65DF69
:10F530006901DA0A5542BFA6B2EFB400DB0B5542AF
:10F5400037A78CB3EFB400DC0A4D42AFC6D9775A67
:10F5500000DD0E5542BFA6B24E754619651401DE98
:10F560000ABC4227AF688E9401DF0B3D426F65995C
:10F57000CA2A2B05E00C45422FC34C6E98864E23B9
:10F58000E10B4542BF26374C43A711E20C454237F9
:10F59000A74C6D98864E23E30B4542CF4D6D988660
:10F5A0004E23E40B3D42AFA6364C43A711E50C4574
:10F5B0004237A79C374C43A711E6092D426FA7B4E9
:10F5C000EA11E70C3D3A6F658D72DA284A00E80CC3
:10F5D00045422FC34CAE3C54860BE90B4542BF2637
:10F5E000571E2AC305EA0C454237A74CAD3C54864A
:10F5F0000BEB0B3D42AFA6561E2AC305EC09C342D6
:10F600002767245B03ED09C3423765245B03EE08DB
:10F61000C342AF2D5B03EF08BB422765D91AF00C3C
:10F620004D42AFAE324C43DB6901F10A4542CF8D0A
:10F6300093A9ED00F20B45422FC34CAE6CA705F326
:10F640000A4542BF2657B6D302F40B454237A74CB2
:10F65000AD6CA705F50A4542CF4DAD6CA705F60A7E
:10F660003D42AFA656B6D302F7092D463753435352
:10F6700011F80A2D426FC895E65000F90B45422F4C
:10F68000C34C65775A00FA0A4542BFA6B23B2D002B
:10F69000FB0B454237A78CB33B2D00FC0A3D42AF24
:10F6A000C6D99D1600FD0B553ABFA6B29DEA36029B
:10F6B000FE0E4D3A27A38C46CAF650196504FF0B7F
:10F6C0004D3AAFC6D94E751B0100000004FFFF0084
:10F6D00000000000BF0003020304030504050D0041
:10F6E000FE09FE0AFF015F02C408542005006E07F0
:10F6F00021074943C7210922079B5A476209230E64
:10F700003D464F294906A53228A52401240F4D4224
:10F7100057362851926D49940C5A04250D4D424F8D
:10F72000A474CC8A498B9400260E45424F964449D6
:10F730005689A22952022706195BC700280BDB3E17
:10F7400057122551B7280B290CDB3E4716655197F8
:10F750002889002A0A2D5257A5B23445002B0A2DBC
:10F760004A57180D5218012C079B3E8F52022D0646
:10F770000D52C7202E089B3E4FB224002F0B4D4246
:10F78000672DCC8A591802300B4D425796D4BC25B0
:10F79000B508310B4D42572625614F8300320B4D82
:10F7A00042CF926961D67110330C4D42C72066B5C5
:10F7B00035D49205340F4D425F9849499494924153
:10F7C0000B1300350C4D42C7B1620A432D59003668
:10F7D0000D4D42CF9289E19064B66401370C4D42E1
:10F7E000C72066611666610D380D4D42CF92D992E1
:10F7F00025B3250B00390D4D42CF92D992210CB57E
:10F8000064013A0BC33E4FB2E448B224003B0AC342
:10F810003E4FB2E48852023C084D4267D6B5033DE4
:10F8200009254AC7A06383003E094D4247DAAD234C
:10F83000003F0C4D42CF92696156CCA108400D4D5E
:10F8400042CF92999644492CE910410C4D4257966B
:10F85000D46CC390D90242104D42C71055A2244A1D
:10F86000A64A94448302430B4D42CF9289BD250B97
:10F870000044124D42C71055A2244AA2244AA22491
:10F880001A1400450B4D42C7B13824617110460B64
:10F890004D42C7B13824612300470C4D42CF9289B5
:10F8A0004D9B962C00480B4D4247E6360C995B0069
:10F8B0004908CB42C712F5654A0B4D42D716F612DE
:10F8C0004512004B0D4D4247664A4A5A1255322D99
:10F8D0004C094D4247D88F83004D0D4D4247A62D10
:10F8E0004BA2249A5B004E0D4D4247364D4AA2244E
:10F8F000D24D0B4F0A4D42CF92F92D5900500C4D6D
:10F9000042C79064B641091B01510A553ECF92F996
:10F91000A5B206520D4D42C79064B6412955322D0D
:10F92000530C4D42CF9289E91A6AC90254094D42DB
:10F93000C72085FD0455094D4247E66FC902560DA3
:10F940004D4247E696949228C9C208570D4D42474A
:10F95000E62551122551BA00580E4D4247A625A55D
:10F9600024AB44494D0B590C4D4247A625A5240B09
:10F970003B015A0C4D42C720666156CCC2415B091F
:10F98000DB3EC710F5A7015C0B4D424798866931F5
:10F990000D035D09DB3EC7D49F86005E081D5A57E4
:10F9A00096D4025F060D3EC72060061263471461BD
:10F9B0000B3542CF9A0C9AA42801620C4D4247584D
:10F9C0001C92CC6D5000630A3542CF9289B5640118
:10F9D000640B4D4267CBA0B9254300650C3542CF7F
:10F9E000920D4398250B00660C4D42975409B321A4
:10F9F0000ADB00670C453ACF92D99221D492056870
:10FA00000A4D4247D862D2DC026908C3424F2875CA
:10FA1000196A0B543A5FACB54952A2006B0D4D42C6
:10FA200047D89494B424AA64016C08CB4287D42F9D
:10FA3000036D0D354287D2A2244AA2245A006E09D2
:10FA400035424762D2DC026F0A3542CF92B9250BAC
:10FA500000700C453AC79064B641098B00710A45A5
:10FA60003ACFA0D992216C720935424762121B012C
:10FA7000730C3542CF92256A92250B00740C4542D7
:10FA80004F980D51D81429007509354247E6495160
:10FA900002760B354247664B4A491601770B3542D1
:10FAA0004766499444E902780B35424796D4C22C04
:10FAB000A905790C453A47E6A428A1962C007A09B5
:10FAC0003542C7A0751C047B0B5D3E9F1436A961AF
:10FAD000AB007C064943C7037D0B5D3E871AB64ADF
:10FAE0006193067E091D5A4FA4245202A005006EA0
:10FAF00007A108494347320C01A20E454657B654A8
:10FB000094288992CA1601A30D4D42975409B32D2A
:10FB10002C290A00A40C354647964C4994444B16B0
:10FB2000A50F4D4247A625A52419A46890C208A692
:10FB3000084943C7900C01A70ED4428F12894A246A
:10FB400025A2942800A807936247A204A90F4D4656
:10FB5000CF9229C9215A96444B1600AA0C3D4ACF90
:10FB60009A0C5A32A48300AB0B354657D2539225D8
:10FB70005912AC071D4AC72016AD068B52C700AEFE
:10FB80000E4D46CF920DC92119945BB200AF060D00
:10FB900062C720B009A4568F12498902B10B3D46B5
:10FBA00057180D52980F02B2082B564F53920CB3B0
:10FBB000072B564FB705B40612638F02B50A453AB4
:10FBC00047E66950C410B6124D42CF302443322468
:10FBD0004392285112255112B7060A538700B806DE
:10FBE000123B8F02B9082B564F225506BA0A3D4ADE
:10FBF000CF92D9927910BB0C3546479225591225E0
:10FC00003D01BC0C55424F26D6E64C4AA231BD0CF4
:10FC100055424F26D6D62C09B36CBE0F55424F968F
:10FC200064699464512625D118BF0C4D42570E8546
:10FC30005931D39205C00E55424F9A435952D3863B
:10FC400021D302C10D55425F1DCA929A360C9916F6
:10FC5000C20D55429754CF929A360C9916C30E5541
:10FC60004257D28E64494D1B864C0BC40F55424FF0
:10FC700029C9912CA969C3906901C50F55425796AE
:10FC8000646196D4B461C8B400C6114D424FB24409
:10FC900049944489322551122503C70B5D3ACF920E
:10FCA00089BD255B0DC80D55424F9A0F63382461FD
:10FCB0003808C90C55425F7D18C32109C341CA0DDC
:10FCC000554297541DC67048C27010CB0E55424F16
:10FCD000298987311C92301C04CC0AD34247162E46
:10FCE000519701CD0AD34257122E519701CE0BD412
:10FCF000428F128553D66901CF0AD34247A2644B83
:10FD0000D465D0114D42C71055A2241A9252122523
:10FD1000D1A000D10D554257D29C699392489B16B1
:10FD2000D20C55424F9A234BE62D5900D30B554226
:10FD30005F1D59326FC902D40B554297545E326F22
:10FD4000C902D50B554257D2BE64DE9205D60C557A
:10FD5000424F29C997CC5BB200D70A2D464796D4AB
:10FD60002AB500D8105D3E67B24497444994649A1E
:10FD7000922504D90B55424F9A67BE250B00DA0A2B
:10FD800055425F3DF32D5900DB0B55429754CD7C16
:10FD90004B1600DC0B55424F298933DF9205DD0BF2
:10FDA00055425F3DD3925AD804DE0D4D4247382468
:10FDB000996D50C22200DF0E4D428F54899252122B
:10FDC00055328B02E00D4D424F9A236B326892A25E
:10FDD00004E10C4D425F1D599341931425E20C4DF3
:10FDE0004297545E9341931425E30D4D4257D2BE82
:10FDF000268326294A00E40D4D424F29C9D764D0F5
:10FE0000244509E50D55429754D2D764D0244509BD
:10FE1000E60B3542CF96244B29E902E70B453ACF52
:10FE20009289B564AB01E80E4D424F9A234B360CD4
:10FE300061962C00E90D4D425F1D59B26108B36413
:10FE400001EA0D4D4297545EB26108B36401EB0EB6
:10FE50004D424F29C9976C18C22C5900EC09CB426E
:10FE600047164A5D06ED09CB4257124A5D06EE0A77
:10FE7000CC428F12855AA705EF0ACB4247A26452A3
:10FE80009701F00D55424F2D53A325734B1600F1EA
:10FE90000B4D4257D29C9834B700F20C4D424F9A0A
:10FEA000234BE6962C00F30B4D425F1D5932B7648D
:10FEB00001F40B4D4297545E32B76401F50B4D428D
:10FEC00057D2BE646EC902F60C4D424F29C997CC79
:10FED0002D5900F70A3D4657980F7A1801F80E453C
:10FEE0003E67B2444BA22453B28400F90A4D424FFC
:10FEF0009A679E1425FA0A4D425F3DF3A42801FB40
:10FF00000B4D429754CD3C294A00FC0B4D424F29E2
:10FF100089334F8A12FD0D5D3A5F3D735294504B09
:10FF20001600FE0D553A47583169DAA4286108FFDA
:10FF30000E5D3A4F298933274509B5640100000059
:10FF400004FFFF0000000000BF00030203040305DC
:10FF500004060D00FE09FE0900017002E408FB2002
:10FF60000500EE072107C9C3C7210922071BDB478C
:10FF70006209230EBDC64F294906A53228A52401D2
:10FF8000240CBDC6573628D9960C5A0425104EC2EB
:10FF90004FA6444914A6612989122D01260D3EC29F
:10FFA0008F16B56951A2454B00270699DBC700287B
:10FFB0000B4BC3571225512DCA02290C4BC34716B0
:10FFC0006551254A22002A0C2ECA4F9449C3A445E4
:10FFD00009002B0AADCA57180D5218012C089CBEF7
:10FFE000CFA264002D068DD2C7202E081BBF4FB2B2
:10FFF00024002F0BCDC2672DCC8A591802300D4E2C
:02000004600298
:10000000C2971625A1C724CA2400310BCDC257269A
:1000100025614F8300320E4EC2CF9084621A665A19
:10002000980E03330D4EC2C7352CCEA9980C09008B
:10003000340F4EC267A82551254BB26418D304353E
:100040000E4EC2C721AD2C5A9A8AC99000360E4E68
:10005000C2D714A6954513C5644800370C4EC2C7D5
:1000600035AC8669988600380F4EC2CF9084C6643E
:10007000484263322400390D4EC2CF908436654920
:100080008BD1043A0B43BF4FB2E448B224003B0B80
:10009000C4BE5734E5D8A264003C08CDC267D6B5CB
:1000A000033D0826CAC71D1D063E09CDC247DAAD6D
:1000B00023003F0D4EC2CF9084621A567330024027
:1000C000104EC2CF9084A6218994644AE421014154
:1000D0000D4EC2971625A1711844630042124EC2FC
:1000E000C72065499664C91065499664C302430CEC
:1000F0004EC2CF90846A8FC9900044124EC2C7206E
:1001000065499664499664499664C302450C4EC29B
:10011000C721AD0E515A1D06460B4EC2C721AD0E6A
:1001200051DA0A470D4EC2CF90846AD3106ACA12C0
:10013000480B4EC247E8380CA26300490ACDC2C73B
:1001400020857D1A044A0B4EC2DF98F692451300B3
:100150004B104EC247A825512513932CAA256100A8
:100160004C094EC247DAAFC3004D0B4EC247380DA3
:10017000D1E2D1314E0D4EC247286E4A2425DA68AD
:100180000C4F0B4EC2CF90847E4C8604500C4EC256
:10019000C7A084C661495B01510E56BECF9084BE94
:1001A0004452920C7100520E4EC2C7A084C661A97F
:1001B00045B5240C530F4EC2CF90846A3CC4A99815
:1001C0000C09005409CDC2C72085FD04550A4EC252
:1001D00047E88FC99000560C4EC247684CA2DE44D7
:1001E0001300570B4EC247E8C5651AA231580E4E90
:1001F000C2472826519B16B5846200590CCDC247D0
:10020000A625A5240B3B015A0B4EC2C7352C8AAD3F
:10021000C3005B09DCBEC7A0F5B7215C0BCDC247AC
:10022000988669310D035D09DCBEC790F5B7415E64
:10023000089DDA5796D4025F060EBEC7016006120B
:10024000E34714610C36C2CF1027C3A8294B0062C4
:100250000D4EC247DAB268A2B8290B00630C36C251
:10026000CF90846A31191200640B4EC26FCBA28DFD
:10027000366509650D36C2CF9084C3A086C990004B
:10028000660D4EC2D79425693864692300670F460E
:10029000BACFA2255934C54312264302680B4EC279
:1002A00047DAB268A26300690AC5C2578E889D0604
:1002B000016A0CD5BA678E888D9A962C006B0D4E0C
:1002C000C247DA9644D116D592306C09CDC28FD888
:1002D0004F83006D0DB5C287D2A2244AA2245A00D2
:1002E0006E0A36C247B268A263006F0B36C2CF9067
:1002F000848EC99000700C46BA47B268E2A62C6999
:1003000015710B46BACFA28D9AB2A40D720A36C2ED
:1003100047326549DA08730D36C2CF908489AC84C0
:10032000C99000740C46C24F1A0E59DA162D00758A
:100330000936C247E84D5902760BB5C247664B4AAB
:10034000491601770BB5C24766499444E902780C17
:1003500036C247984499A8454918790D46BA47E8E6
:10036000A62CA9980C09007A0836C2C7B1E3307BE5
:100370000CDDBED7125623350BAB037C06C9C3C7B1
:10038000037D0DDDBEC71AD652290D2B13007E0941
:100390009DDA4FA4245202A00500EE07A108C9C3AC
:1003A00047320C01A20EC5C657B65494288992CA8A
:1003B0001601A30D4EC2D794256938A6356501A450
:1003C0000C36C647980C51A7210903A50F4DC2470B
:1003D000A625A52419A46890C208A608C9C3C79079
:1003E0000C01A70ED4C28F12894A2425A29428009A
:1003F000A80794DE472405A9114EC2CF90848A2510
:10040000522225528CC99000AA0CBDCACF9A0C5A10
:1004100032A48300AB0F3EC65F1225511225611234
:10042000266112AC079DCAC72016AD068CD2C71034
:10043000AE114EC2CF90848A255992C5928CC99034
:1004400000AF068DE2C720B009A4D68F12498902F9
:10045000B10BBDC657180D52980F02B208B3D24F58
:1004600053521AB309B3D2C794644A05B40612E3CF
:100470008F02B50A3EBE47E8382D5600B6134EC26D
:10048000CF3028C9922C919225599225599200B7C4
:10049000060AD38700B80612BB8F02B908B3D24F41
:1004A00022B50CBA0AB4CE8F1249893A04BB103E69
:1004B000C6471226611226511225519201BC0E56D2
:1004C000C24FA8B60D89966449B606BD0D56C24FF7
:1004D000A83625439286D501BE1056C2C71AC65902
:1004E000122591966449B606BF0D4EC2570EA661FD
:1004F0003514932101C00F56C2579C635A9484E26D
:1005000030886200C10F56C25F98835A9484E230EB
:10051000886200C20F56C29716E5901625A1380CC6
:10052000A218C30F56C28F6487B42809C56110C5CD
:1005300000C40F56C24FD40E6951128AC3208A01DB
:10054000C50F56C2971665A21625A1380CA218C66B
:10055000124EC24F322459922559724BB2244B8607
:1005600000C70D5EBACF90846A8FC910D600C80F3D
:1005700056C2579C23C390A64394A6C300C90F56E6
:10058000C25F9843C390A64394A6C300CA0F56C245
:100590009716E5C390A64394A6C300CB0E56C24F50
:1005A000D43E0C693A44693A0CCC0BD5C24F9A0F31
:1005B00052D86910CD0CD5C25796238314761A04ED
:1005C000CE0CD5C25796C48314761A04CF0CD5C26C
:1005D00047A6A58314761A04D0124EC2C7206549D7
:1005E0009664439464499664C302D10F56C28F64E3
:1005F0000F3725522229D1C600D20D56C2579C432F
:1006000043127A4C8604D30D56C25F986343127A24
:100610004C8604D40E56C29716E5C890841E9321CA
:1006200001D50E56C28F64478624F4980C0900D673
:100630000E56C24FD48E0C49E831191200D70C3631
:10064000C647984499A8454918D8145EBE6F32240D
:10065000D9944889122991126DC990A400D90C56D9
:10066000C2579C23A18FC99000DA0C56C25F9843F1
:10067000A18FC99000DB0C56C29716E5A18FC990D7
:1006800000DC0C56C24FD41EFA980C0900DD0BD5C5
:10069000C25F3DD3925AD804DE0D4EC2473A28A11C
:1006A0007158D22A00DF0ECDC28F54899252125552
:1006B000328B02E00E4EC2579C43439C0CA3A62CE7
:1006C00001E10E4EC25F9863439C0CA3A62C01E28D
:1006D0000F4EC29716E5C81027C3A8294B00E30E9A
:1006E0004EC28F6447863819464D5902E40E4EC2F9
:1006F0004FD48E0C71328C9AB204E50F56C2971605
:10070000653A34C4C9306ACA12E60D36C28F122661
:10071000C930B5244A02E70D46BACF90846A311930
:10072000C21A00E80F4EC2579C4343120E831A268A
:100730004302E90F4EC25F986343120E831A2643A9
:1007400002EA104EC29716E5C89084C3A086C990ED
:1007500000EB104EC24FD48E0C49380C6A980C092D
:1007600000EC0ACDC24F9A2362A741ED0ACDC257D1
:10077000964362A741EE0ACDC28F54173B0D02EF9C
:100780000BCDC2479444B9D86910F01056C24F94AB
:1007900069491C0D49E8980C0900F10B4EC28F64A1
:1007A0004F164D740CF20D4EC2579C4343123A261D
:1007B0004302F30D4EC25F986343123A264302F49C
:1007C0000E4EC29716E5C890848EC99000F50D4E66
:1007D000C28F64478624744C8604F60E4EC24FD4F2
:1007E0008E0C49E8980C0900F70ABDC657980F7A95
:1007F0001801F80F46BE6F3224D99428D1960C49BF
:100800000AF90B4EC2579C23A1376509FA0B4EC259
:100810005F9843A1376509FB0B4EC29716E5A137D8
:100820006509FC0B4EC24FD41E7A539600FD0F5E35
:10083000BA5F9843A19BB2A462322400FE0E56BA5E
:10084000475A593451DC94254D01FF0E5EBA4FD4FE
:100850001EBA294B2A26430200000004FFFF0000B5
:10086000BF0003020304030504070E00FE0AFE0B8B
:10087000FE01830300095E200500F2072107D1C3B2
:10088000C72111220723DF47E2122313D5C24F29C4
:10089000899264504A493228A5244A120024135EE2
:1008A000BE5F36245122258D63222552920C6104AD
:1008B000250F56C28F242592B486E964892C002620
:1008C0000E56C29716F56692122D894C012706A185
:1008D000DFC710280B6CBB5F548BB28E5958290CA4
:1008E000ECBA47580BB34E5954032A0BBDC657A553
:1008F000B2654B53042B0ABDC657581AA4B0042C3A
:100900000822BB879228002D068DD2C7202E081BF7
:10091000BF4FB224002F0E6EBA6F310DD3621AA6EC
:10092000619A02300D56C2971625A18F499449004D
:10093000310BD5C2572625619F0601320D56C2CF15
:100940009084621AA661E330330D56C2C7352CCEAF
:10095000A928264302341056C267A825591275C922
:1009600092614C1300350F56C2C7214D07254C53D9
:10097000514C8604360E56C2D714A69545138DC920
:100980009000370D56C2C7354CC3344CC3340438BD
:100990001156C2CF90846212655A9484C66448008E
:1009A000390E56C2CF90846ECA928A5A34013A0BDD
:1009B00043C34FB2E448B224003B0942BFC7102AE8
:1009C00089023C08CDC267D6B5033D0826CEC71DB7
:1009D0001D063E09CDC247DAAD23003F0D56C2CFFA
:1009E0009084626B1D4C2300401256C2D794494339
:1009F000122991122991B4C44300410D56C2971691
:100A000025A1711844C700421256C2C7106549A8F3
:100A100025439425A12D192200430D56C2CF908461
:100A2000D68E62322400440D56C2C7106549E8B71D
:100A3000648800450C56C2C721AD0E51DA3A0C4607
:100A40000B56C2C721AD0E51DA15470D56C2CF90D5
:100A500084D6D210DA9425480B56C247E8380CA247
:100A6000C700490AD5C2C72085FD34084A0C56C2C2
:100A7000DF98F692255934014B1056C247A82551EC
:100A80002513932CAA25A1184C0956C247DA5F8773
:100A9000014D0C56C247380DD1E2D163004E0E56BF
:100AA000C247286E9B1249897614034F0C56C2CF59
:100AB0009084FE980C0900500C56C2C7A0848EC3C7
:100AC00092B602511066BACF90841E87484A3465A8
:100AD00048E300520E56C2C7A0848EC312D592506E
:100AE0000C530D56C2CF9084664731191200540A38
:100AF00057C2C7218BFB1B00550A56C247E81F93FC
:100B00002101560C56C247E89844BD892600570C6F
:100B1000D5C247E6974449942E00580E56C247283E
:100B200026519BA8452DA118590CD5C247664B4AA2
:100B3000491676025A0C56C2C735AC86D5301D060A
:100B40005B0A6CBBC7A0F5DF86005C0E6EBA471A65
:100B5000A7715A4EE3344E035D0AECBAC790F5DF35
:100B600006015E091EE297162561005F060EBAC7F0
:100B70000160061BE34756610D3EC2CF9084693287
:100B80008C623208620D56C247DAB268A2715316FF
:100B900000630C3EC2CF90846A63322400640B561B
:100BA000C26FCBA28D6ECA12650E3EC2CF9084E298
:100BB00030A861322400660C56C29F1655B3414BD3
:100BC000BB0167114EBACFA2255992455B982C61A3
:100BD000322400680B56C247DAB268A2C700690B1C
:100BE000D5C2579823624F83006A0CE5BA671D117E
:100BF0003B6A5AB2006B0E56C247DA9644956C8B2C
:100C00006A49186C09D5C28FD89F06016D0EBDC206
:100C100087D2A2244AA2244AA2056E0A3EC247B243
:100C200068A2C7006F0B3EC2CF90841E9321017053
:100C30000D4EBA47B268A27153963405710B4EBA85
:100C4000CFA28D6ECA9216720A3EC247B268A2DA6D
:100C50000A730E3EC2CF9084492C2761322400745F
:100C60000C56C2575A1BB4B453A60075093EC2476E
:100C7000E89BB204760CBDC247664B4A4916460053
:100C8000770DBDC2476649944449942E00780D3EC5
:100C9000C247282651A645492806790D4EBA47E88D
:100CA0004D5952311912007A0A3EC2C7B1350C872C
:100CB000017B0B6CBB9792750AB38E027C07E9BB74
:100CC000C787007D0CECBA8798758CB22E12007E17
:100CD0000B26DE4F984452122600A00500F207A111
:100CE00008D1C387320C01A2124EBE5738242525E5
:100CF0004BB2244BA264C83200A30DCDC297540955
:100D0000B3210AB3212AA40C36CA47980C51A72153
:100D10000903A510D5C2479694922C1AA46890C2D4
:100D20001200A608D1C3C7100D01A7135EC2CF9051
:100D30008449AC45499844999C84C99000A807947B
:100D4000E6472405A9105EC2CF90848A320DD9D31C
:100D5000624C8604AA0DC5CECF92258326294A3A35
:100D600008AB0F3EC25F1225511225611226611297
:100D7000AC07A5C2C72036AD068CD2C710AE145E34
:100D8000C2CF908483320DD1B04C433444633224BB
:100D900000AF068DE6C720B009A4DE8F1249890294
:100DA000B10BB5C257180D52180D02B20ABCD28F42
:100DB000126551DB10B30CBCD28F12658928250A4D
:100DC00000B4071BE3575202B50BC5BA47E6B62C71
:100DD000891802B615E5BACFA0244AA2244A45894B
:100DE0009228899228899268B70689D74700B80760
:100DF0001ABB4FA200B9083BD34F227519BA0AB4E7
:100E0000D28F1249893A04BB103EC24712266112A2
:100E100026511225519201BC1056C24FA825519758
:100E200030AA2815690803BD1056C24FA82551974E
:100E300030C9949A964403BE1156C2871655A24CE7
:100E400052C22889948AB406BF0D5EBA579A836944
:100E500063514C8604C00F66C2579C635A9484E267
:100E600030888E01C10F66C25F98835A9484E23045
:100E7000888E01C21066C29716E5901625A1380C1F
:100E8000A26300C30F66C28F6487B42809C56110CE
:100E90001D03C40F5EC24F94435A9484E230888E7F
:100EA00001C50F5EC29716655A9484E230888E01A0
:100EB000C60D56C2D790943A0D43D49F06C70E660E
:100EC000BACF9084D68E6232843500C80F66C2577E
:100ED0009C23C390560725AD0E03C90F66C25F98C9
:100EE00043C390560725AD0E03CA0F66C29716E599
:100EF000C390560725AD0E03CB0E5EC24F940F4331
:100F00005A1D94B43A0CCC0BE5C24F9A0F52D8A795
:100F100041CD0BE5C25F7D90C23E0D02CE0CE5C215
:100F20005796C48314F66910CF0BDDC24F7990C277
:100F30003E0D02D01457C2CF9095C2241CA4244C5D
:100F4000C2244CB2688800D11266C28F64D736259D
:100F5000522229911229D13601D20E66C2579C43E2
:100F60004312FA31191200D30E66C25F986343121E
:100F7000FA31191200D40E66C29716E5C890847E25
:100F80004C8604D50E66C28F64478624F4633224EF
:100F900000D60E5EC24F94234312FA31191200D7C5
:100FA0000D3FC2479A6495B49255D200D81676BACE
:100FB0006F6548B22991122951222552A22D19920A
:100FC0003405D90C66C2579C23A13F264302DA0C94
:100FD00066C25F9843A13F264302DB0C66C29716A8
:100FE000E5A13F264302DC0C5EC24F9487FE980CBD
:100FF0000900DD0DE5C25F3DD3925292859D00DE72
:101000000D56C2479A0E4AE8382C690ADF0F56C2BD
:101010009716F5B445B5244BB26101E00F56C2579F
:101020009C434312A6C9308AC920E10F56C2671DEE
:101030001A92304D86514C0601E21056C29716E5C1
:10104000C8908469328C623208E30F56C28F6447BD
:1010500086244C9361149341E40F4EC24F94234372
:1010600012A6C9308AC920E5115EC29716653A34C6
:1010700024619A0CA3980C02E6103FC2CFA044252D
:10108000294906298B2A8302E70D4EBACF90846A3C
:101090006332843500E81056C2579C4343128AC31A
:1010A000A086C99000E91056C25F986343128AC3B4
:1010B000A086C99000EA1156C29716E5C89084E24E
:1010C00030A861322400EB104EC24F942343128AA1
:1010D000C3A086C99000EC0BD5C24F9A23624F8300
:1010E00000ED0AD5C25F1D117B1A04EE0AD5C28F2E
:1010F00054177B1A04EF09CDC24F5DEC6910F00D57
:10110000DDC24FAD922683E62D5900F10B56C28FFA
:10111000644F164DF418F20D56C2579C4343127A91
:101120004C8604F30D56C25F986343127A4C8604D2
:10113000F40E56C29716E5C890841E932101F50E51
:1011400056C28F64478624F4980C0900F60D4EC2EF
:101150004F942343127A4C8604F70A2EC2978E0CC2
:101160003B2201F8135EBA6F180D49944889122981
:10117000D1960C499A02F90B56C2579C23A16FCA0B
:1011800012FA0B56C25F9843A16FCA12FB0B56C2EC
:101190009716E5A16FCA12FC0B4EC24F9487BE2969
:1011A0004B00FD1266BA5F9843A19864499425D913
:1011B00018D53400FE0E66BA47DAB268A2715396AB
:1011C0003405FF115EBA4F9487629225519664638D
:1011D00054D30000000004FFFF000000BF00030222
:1011E0000304030505080D00FE09FE090001720253
:1011F000EC092B2005006E0C2107C9438C431222F9
:10120000071C5B8CC814230EBE469CA86558A264BC
:1012100058A21600240FCD42AC6C50A224DB9228B9
:1012200019B4082510CE429C4C8992284CC35225F3
:10123000D11200260DBE421C2D6AD3A2448B96000B
:101240002706995B8C01280BCB43AC244AA25A9405
:1012500005290C4B438C2CCAA24A9444002A0CAE9C
:10126000529C289386498B12002B0AAD4AAC301A47
:10127000A430022C089C3E9C45C9002D068D528C42
:10128000412E081B3F9C6449002F094F42EC6A9F86
:101290006300300DCE422C2D4A428F4994490031D3
:1012A0000BCD42AC4C4AC29E0601320ECE429C216E
:1012B00009C534CCB4301D06330DCE428C6B589C1E
:1012C00053311912003410CE42CC504BA24A9664CE
:1012D000C930A60900350ECE428C435A59B4341594
:1012E000932101360ECE42AC294C2B8B268AC99015
:1012F00000370CCE428C6B580DD3300D01380FCE19
:10130000429C21098DC99084C6644800390DCE42A3
:101310009C21096DCA9216A3093A0B433F9C64C9EC
:10132000916449003B0BC43EAC68CAB145C9003C5E
:10133000084D43CCAC6B073D08A64A8C3B3A0C3EAB
:1013400009CD428CB45B47003F0DCE429C2109C5BC
:1013500034ACE660044010CE429C21094D43122972
:10136000C994C84302410DCE422C2D4A42E3308835
:10137000C6004212CE428C21CA92504B86284B4264
:101380002D192200430CCE429C2109D51E93210128
:10139000440DCE428C21CA92D0B7648800450CCE51
:1013A000428C435A1DA2B43A0C460BCE428C435A8F
:1013B0001DA2B415470DCE429C2109D5A621D49477
:1013C00025480BCE428CD0711844C700490ACD4243
:1013D0008C410AFB34084A0BCF42AC418C7BCAB229
:1013E0000D4B10CE428C504BA24A262659544BC26C
:1013F000004C09CE428CB45F87014D0E4F428C5495
:10140000DD968A1449916A0D4E0DCE428C50DC94C3
:10141000484AB4D1184F0CCE429C2109FD980C09C2
:1014200000500CCE428C41098DC392B602510ED6AB
:101430003E9C21097D89A42419E200520ECE428CE3
:1014400041098DC3528B6A4918530FCE429C210922
:10145000D578885331191200540A4F428C4316F73D
:101460001B00550ACE428CD01F93210156114F42CA
:101470008C544DB2288BB24A9884499A01570E4F2A
:10148000428CD453244552A4744B00580E4F428CC6
:10149000544DB24A5AC92AA91A590C4F428C544D7C
:1014A000B24A1A77035A0ACE428C6BD86B3A0C5B5D
:1014B000094C438C41EBDB105C094F428C38EF73D5
:1014C000005D09CC428C21EBDB205E089D5AAC2CE0
:1014D000A9055F070F3E8C4300600692638C28616C
:1014E0000CB6429C214E8651539600620DCE428C22
:1014F000B465D14471531600630CB6429C2109D5E2
:1015000062322400640BCE42DC96451B6DCA126524
:101510000DB6429C210987410D932101660DCE42F3
:10152000AC294BD27090D24600670FC63A9C454B0F
:10153000B2688A87244C8604680BCE428CB465D18D
:1015400044C700690AC542AC1C113B0D026A0CD5A8
:101550003ACC1C111B352D59006B0ECE428CB42D8C
:1015600089A22DAA2561006C09CD421CB19F0601FC
:101570006D0E37428C4589222992222952036E0A28
:10158000B6428C64D144C7006F0BB6429C21091D42
:10159000932101700DC63A8C64D1C44D59D22A00F2
:1015A000710BC63A9C451B3565491B720AB6428CC5
:1015B00064CA92B411730DB6429C21091359099360
:1015C0002101740CC6429C341CA4B42D5A00750E23
:1015D000B6428C2CC9922CC9922C5A02760BB54279
:1015E0008CCC9694922C02770C37428CD41449916F
:1015F000D22D01780CB6428C308932518B923079E1
:101600000DC63A8CD04D5952311912007A08B642A3
:101610008C63C7617B0C4D43AC254C23350BD30148
:101620007C06C9438C077D0CCD428C35CC52290DEC
:1016300093097E099D5A9C4849A404A005006E0C9C
:10164000A108C9438C641802A20EC546AC6CA92837
:10165000511225952D02A30D4F42BCAD94AE71558C
:101660005B1600A40CB6468C3019A24E431206A598
:10167000104F428C544DB24A3688E120C61900A65C
:1016800008C9438C211902A70E54431C2512954802
:101690004A44295100A80714638C480AA9114F46EF
:1016A000ACAD12454A45C9948A54C9B209AA0CBDC9
:1016B0004A9C3519B464480701AB0C3F46BCA81FCF
:1016C000A3300AA300AC07A6468C6B03AD060C53EF
:1016D0008C21AE104F46ACAD12454A45A998946E88
:1016E000D904AF068E628C03B00924571C259212D0
:1016F00005B10BBD46AC301AA4301F04B20BB45276
:101700001C25CA12251B02B30AB4521C252A4A8979
:1017100002B40692631C05B50ABE3E8CD0715AAC69
:1017200000B613CE429C615092255922254BB2241B
:101730004BB22401B7068A530C01B806923B9C01B8
:10174000B908B3529C446A19BA0AB44E1C259212C5
:101750007508BB0C3F468C288CC2288CFA0DBC0F38
:1017600057429C546E1C2231C9A24C4905BD0E57EC
:10177000429C546E5286280EC57808BE1157421CF2
:10178000314AF32CAA4862924599920ABF0DCE4283
:10179000AC1C4CC36A28264302C00FD642AC38C7E3
:1017A000B42809C56110C500C10FD642BC3007B5C9
:1017B0002809C56110C500C20FD6422C2DCA212DA3
:1017C0004A4271184431C30FD6421CC90E695112E6
:1017D0008AC3208A01C40FD6429CA81DD2A2241419
:1017E00087411403C50FD6422C2DCA442D4A42719D
:1017F000184431C6134F421C6588B2288BB2681951
:10180000B2288BB26808C70DDE3A9C2109D51E9319
:1018100021AC01C80FD642AC384786214D87284DF0
:101820008701C90FD642BC308786214D87284D8756
:1018300001CA0FD6422C2DCA87214D87284D87011A
:10184000CB0ED6429CA87D18D27488D27418CC0BCB
:10185000D5429C341FA4B0D320CD0BD542BCFA2076
:10186000859D0601CE0BD5422CA93A4861A741CFF0
:101870000CD5428C4C4B0729EC3408D0134F429CBA
:10188000212B8549386449988449160D1100D111DE
:1018900057421C298974281D954C8AB4445C03D294
:1018A0000E5742AC3C070725F59A0C0A00D30E5799
:1018B00042CC34070725F59A0C0A00D40E57423C57
:1018C00031CAA14149BD268302D50F57421C29893F
:1018D000746C5052AFC9A000D60F57429C2CCA72EC
:1018E000685052AFC9A000D70CB6468C308932512F
:1018F0008B9230D814DE3EDC6448B2299112255216
:101900002225DA92214901D90CD6429C3887421F00
:10191000932101DA0CD642BC3087421F932101DBB0
:101920000CD6422C2DCA431F932101DC0CD6429CBD
:10193000A83DF431191200DD0BD542BC7AA625B5BD
:10194000B009DE0DCE428C745042E3B0A45500DFE6
:1019500010CE429C294BB224AA6491125A1600E080
:101960000ECE42AC3887863819464D5902E10DCE6D
:1019700042CC3A34C4C9306ACA12E20FCE422C2D8E
:10198000CA91214E8651539600E30ECE421CC98E59
:101990000C71328C9AB204E40ECE429CA81D19E25E
:1019A0006418356509E50FD6422C2DCA74688893F2
:1019B00061D49425E60E37421C63940C4A94451575
:1019C0000B00E70DC63A9C2109D56232843500E848
:1019D0000FCE42AC388786241C06354C8604E90FAE
:1019E000CE42BC30C786241C06354C8604EA10CE95
:1019F000422C2DCA91210987410D932101EB10CE74
:101A0000429CA81D19927018D430191200EC0BCD0D
:101A1000429C3447C44E8300ED0BCD42AC2C87C4AE
:101A20004E8300EE0ACD421CA92E761A04EF0BCD90
:101A3000428C288972B1D320F010D6429C28D392D0
:101A4000381A92D031191200F10BCE421CC99E2CCB
:101A50009AE818F20DCE429C38C78624744C86044E
:101A6000F30DCE42BC30C78624744C8604F40ECEEF
:101A7000422C2DCA9121091D932101F50ECE421C45
:101A8000C98E0C49E8980C0900F60ECE429CA81DA0
:101A90001992D031191200F70ABD46AC301FF4304C
:101AA00002F80FC63EDC6448B22951A22D199214E7
:101AB000F910CE429C3887B2244BB2244BB268094D
:101AC000FA10CE42BC3087B2244BB2244BB2680924
:101AD000FB10CE422C2DCAB3244BB2244BB2680962
:101AE000FC11CE429C5A922359922559922559B401
:101AF00004FD0FDE3ABC308742376549C5644800B3
:101B0000FE0ED63A8CB4B268A2B8294B9A02FF0EE8
:101B1000DE3A9CA83D745396544C860400000004A1
:101B2000FFFF0000BF0003020404040505090F00C5
:101B3000FD0AFD0BFF0193032A0A11200500C8339B
:101B40002108B10C330E91002208347B332253005C
:101B5000230E861973A29661895A86256A01241478
:101B6000B7F9F2C2418922294CD2350923A932881A
:101B700019002511A7097342254A4AAD711AB59477
:101B80001231012612A70973C4288BB228543529B3
:101B9000A94595480B2706317C3306280CC3FBB2B8
:101BA0009228897A8BB200290CC3FB32B2288B7A37
:101BB0008992082A0D7739F34A95B62D69AA6500EE
:101BC0002B0B7719F3E2DA3064710D2C0952DC32F9
:101BD000862451002D071749330E012E07220C339E
:101BE00086002F0CA709B3D3382DA7E53406300D96
:101BF000A709B3B64AEA6B92651300310DA709F342
:101C00005231C9A2B8B76108320CA709730625552D
:101C1000FB791802330EA709330E715ADDE3584DD4
:101C200006053411A709735331C9A25A1226C3906D
:101C3000C61500350FA709330E726548C4B8AC2627
:101C400083023610A709B386288D2B4322AAD664B7
:101C50005000370EA709330E711AA7711AA7710821
:101C60003811A709B3B64A9A64D95649D524CB2668
:101C700000390FA70973062575548624AE46430420
:101C80003A08720C338678083B0AA2DC3286784820
:101C900012053C09A50A33B38E69073D0A4729336B
:101CA0000E393E0C013E0AA50A33D28E5947003F39
:101CB0000EA70973062555E3B4398733004011A7F1
:101CC00009730625350D4AA6449322E78302410D88
:101CD000A709F3D224ABA4D6E16A0D4212A70933B7
:101CE00006294C523119A430498DC92001430DA752
:101CF0000973062595FB9A0C0A00440DA7093306C3
:101D0000294C523F268304450DA709330E72799062
:101D1000E2E66108460CA709330E727990E2CE0024
:101D2000470FA70973062595DB86D49A0C0A00484D
:101D30000AA7093352D7E1EA35490AA50A33062929
:101D4000ECA7414A0DA809F30635EF53980D190089
:101D50004B11A709335231C9A2DA988451560A931C
:101D6000344C0AA70933E2FE3C0C014D10A709339D
:101D700052755B2A4A458AA448B5064E0FA7093317
:101D80005275543229D21271B5064F0CA709730649
:101D900025F5D7645000500DA709332EA975189268
:101DA000B83300510EC7E9720625F54B26550635A6
:101DB000175210A709332EA9751892282B8549AA06
:101DC00006530EA709730625B5EF563519140054AE
:101DD0000AA709330E59DCDF00550BA7093352FF60
:101DE0009A0C0A005611A70933526B924559945523
:101DF000C2244CD20C5710A70933524F9114499169
:101E00001429DD12005810A709335235C92A699CDC
:101E10002659255503590DA709335235C92A69DCBE
:101E20001B005A0CA709330E71DAE77818025B0A17
:101E3000C4FB3206AD7F1B025C0BA70933F2382FBF
:101E4000E7E53C5D0AC4FA3286AC7F1B045E0A47B4
:101E500069F3D224ABA4015F0718F8320E026007C1
:101E6000338B33B202610E770973063D4E8621151E
:101E7000952109620FA70933E296211155EBA80CB1
:101E80000900630C7709730625955B934101640D86
:101E9000A709B35B86445C1D952109650D7709731D
:101EA00006255587733E2800660EA709F3B652161D
:101EB000C5E120C68D006713A7D97286444CC224A1
:101EC0008C86281F94544D0605680CA70933E296AA
:101ED000211155AF01690AA50A737474EC69106A7F
:101EE0000DD6D93275CADA55342643026B0FA709CD
:101EF00033E2564D493435D132250D6C09A50A33EC
:101F0000C6FE34086D1077093316258AA4488AA4C2
:101F1000488AD4006E0B77093392211155AF016FB7
:101F20000C7709730625F59A0C0A00700FA7D932B1
:101F300092211155EBA80C495C06710DA7D9728648
:101F4000445C1D9521891B720C770933A2494BC251
:101F5000246E05730D7709730625D5075D4D0605BB
:101F6000740C9709B3E270D8E26ED9027510770944
:101F700033C2244CC2244CC2248C8624760E7709AA
:101F8000335235C9A2AC12266906770E770933524F
:101F900053244552A4744B00780D770933D224ABF7
:101FA000A495AC9206790DA6D93242DF94251593FB
:101FB00021017A0A7709330E69AFC3107B0DC5FB87
:101FC000B296B01A696A1656077C06C1FC323E7D8D
:101FD0000EC5F932D6B0966A521A5626007E0A37D6
:101FE00079733429D21400A00500C833A108B10CBC
:101FF00033A46108A211860933A3218912A992256D
:102000005132442100A311A709F3B6521C0E629C61
:102010008A4996240B00A40E673933D26490B22803
:102020008B06250DA510A709335235C92AD920865C
:102030008318D700A608B1FC32066510A70EB4FAC3
:10204000729448542253224A8902A807259A3332AF
:102050002DA9159818B3862C4C224B9428A1122533
:10206000929484D91001AA0C753973A4D2124543F5
:102070003A08AB0D8719F3A27E8BC2288CC228AC1C
:1020800007462933AE0DAD07154A330601AE159844
:1020900018B3862C4C9249891265524A4A9414B35B
:1020A0002102AF061699330EB00A446B7394484A66
:1020B0001400B10E9719F3E2DA3064711D1B86002B
:1020C000B20B64497394284B946C08B30B64497346
:1020D00094A828250A00B408338BB3921200B50CDB
:1020E00097E93252AFDBB2C83100B616A709738642
:1020F000214BB4444B92210993300993300993004A
:10210000B707224C338600B80834DAB2A64401B9C6
:102110000863497312A965BA0A654973964C4BE680
:1021200041BB0E871933A2300AA330CAA27E03BC7A
:102130000FA7097352B97188C4248B322515BD0EBF
:10214000A7097352B94919A23814E321BE11A7098E
:1021500073C428CDB3A822894916654A2ABF0DA7A2
:1021600009F372B8DA9CAAC9A000C00EC70973F2BD
:102170003ABA555275B85A03C10DC70973DBD1ADD0
:1021800092AAC3D51AC20FC709F3D224AB635B2549
:102190005587AB35C30FB709733469C7B64AAA0E62
:1021A000576B00C40FB70973B228CBB1AD92AAC365
:1021B000D51AC50FB709B3B6DA986495541DAED6D3
:1021C00000C615A709739421CAA22CCAA26C58A2F2
:1021D0002CCAA22C1A02C710D7D972062595FB9AD1
:1021E0000CA216851A00C811C70973F23A360C49B9
:1021F0001C0F595C1D8600C910C70973DBB161480B
:10220000E278C8E2EA3004CA12C709F3D224AB2349
:10221000C390C4F190C5D56108CB12B70973B22839
:10222000CB916148E278C8E2EA3004CC0CC50A33AD
:10223000D2FA20853D0D02CD0CC50A33B3FA2085B4
:102240003D0D02CE0DC50AB3B2A4960E52D8D320CE
:10225000CF0CB50A33322D1DA4B0A741D015A80864
:1022600073062D8CD2241DC2244DD2244DC26890F9
:1022700000D112B70973346947D251C9A4488AB44E
:10228000445C03D20EC70973F23A3828A9AFC9A03B
:1022900000D30DC70973DBC141497D4D0605D4103C
:1022A000C709F3D224AB438392FA9A0C0A00D50FE4
:1022B000B709733469870625F535191400D60FB7A9
:1022C0000973B228CBA141497D4D0605D70D771979
:1022D00033D224ABA495AC9206D816C7F9B2934179
:1022E00009B7444BA4488A944CC9C664506200D9CB
:1022F0000DC70973F23A96FA35191400DA0CC709BA
:1023000073DBB1D4AFC9A000DB0EC709F3D224AB95
:1023100023A95F934101DC0EB70973B228CB91D496
:10232000AFC9A000DD0EC70973DBB1544DB24A1A24
:10233000B701DE0EA70933E2785852EB3024711949
:10234000DF14A609B3A62CC9922851B2A8966449F5
:1023500096240A00E011B709B3F23A36E871320C5C
:10236000A9A80C4900E110B70973DBC1418F936143
:102370004845654802E212B709F3D224AB43831EF5
:1023800027C3908ACA9004E312A709B3A424D2A158
:10239000418F93614845654802E412A70973B2284A
:1023A000CBA1418F93614845654802E512B709F317
:1023B000C428D4B1418F93614845654802E60F7740
:1023C00009732C512D4A0625CAA28A32E70FA7D9D4
:1023D000720625955B9341D4A25003E80FB70973A9
:1023E000F23A3828A93A9CF34101E90FB70973DBA7
:1023F000C14149D5E19C0F0A00EA11B709F3D22483
:10240000AB438392AAC3391F1400EB11A70973B21F
:1024100028CBA14149D5E19C0F0A00EC0AB50A334B
:10242000D2FAD8D320ED0AB50AF3DA91B1A741EE7A
:102430000DB609B3C224CA7264ED6D10EF0CA50A83
:1024400033A2248AC79E0601F010B70973A2504C2C
:10245000F26C5052AFC9A000F10EA709733469475E
:1024600092211155AF01F20EB70973F23A3828A93B
:10247000D7645000F30DB70973DBC14149BD268312
:1024800002F40FB709F3D224AB4383927A4D0605C9
:10249000F50FA709733469870625F59A0C0A00F62B
:1024A0000FA70973B228CBA14149BD268302F70EBD
:1024B0009709F3D235C78621C7D23503F81397F9A8
:1024C000B29341C9122D91222553B264506200F992
:1024D00013B70973F23A1626611226611226613487
:1024E0002401FA12B70973DBB13009933009933034
:1024F00009A32109FB14B709F3D224AB23611226E7
:102500006112266112464312FC14A70973A22CCA59
:10251000A13009933009933009A32109FD0FE6D9B1
:1025200032DBA1D0376549C5644800FE10C7D932F7
:10253000E296211155755486242E03FF0FD6D972C9
:10254000A2F6D0376549C564480000000004FFFFCB
:1025500000000000BF000302040404050509110087
:10256000FD0AFD0BFF019A033F0A45200500E833F1
:102570002108B10C330E91002208447B3322A700BE
:102580002315A808B38A511845C32015A36818A4B9
:1025900062144611002414B7F9F2C2418922294C71
:1025A000D2350923A9328819002511A709734225BC
:1025B0004A4AAD711AB5941231012612A70973C4A3
:1025C000288BB228543529A94595480B2707417C0B
:1025D000338600280CC3FBB29228897A8BB200297B
:1025E0000CC3FB32B2288B7A8992082A0D7739F313
:1025F0004A95B62D69AA65002B0B7719F3E2DA30FC
:1026000064710D2C0842EC328644012D07174933C2
:102610000E012E07220C3386002F0CA709B3D338E6
:102620002DA7E53406300DA709B3B64AEA6B9265CB
:102630001300310DA709F35231C9A2B8B7610832AE
:102640000DA709B3B64A1AA7BD0E4300330EA7095A
:10265000330E715AD5CB623444003411A709735339
:1026600031C9A25A1226C390C61500350EA70933E8
:102670000E7279D0CB623444003611A709B3862894
:102680008D2B9396A46A92651300370DA709330E1C
:10269000711AA7711AB7013811A709B3B64A9A641B
:1026A000D95649D524CB26003910A709B3B64AAA72
:1026B0002699B4C4D56888003A08720C3386780825
:1026C0003B0A92EC3286784814003C08950A33B3F2
:1026D000AE1D3D0A4729330E393E0C013E09950ACD
:1026E00033D26E1D013F0DA709B3B64A1AA7CD39E3
:1026F0009C014013A709B3B64AA42815A5A2549477
:102700008A34E543024111A709F3D2244CC2242B99
:102710000D5296A4D6004212A7093306294C523115
:1027200019A430498DC92001430DA709B386289407
:102730007B0FA32101440DA7093306294C523F26E4
:102740008304450DA709330E727990E2E6610846CD
:102750000CA709330E727990E2CE00470FA709B398
:10276000B64A2AD786544DB26C02480AA70933529A
:10277000D7E1EA35490AA50A330629ECA7414A0DF3
:10278000A709B30631EE298BB26C034B11A70933AD
:102790005231C9A25A122A59294C52354C0AA7095A
:1027A00033E2FE3C0C014D0DA7093352755B2A52F2
:1027B000A47A0D4E0FA709335275543229D21271E3
:1027C000B5064F0CA709730625F5D7645000500FC6
:1027D000A7093306294C526332487133005116B8A9
:1027E000F9B2C62C4A933449933449932C89B27078
:1027F000C991005211A7093306294C52633248B5DA
:102800005298A4015310A70973062595F3418F63CD
:1028100035191400540AA709330E59DCDF00550B93
:10282000A70933527F4DB26C025611A70933526B80
:102830009245599455C2244CD20C5710A7093352D3
:102840004F911449911429DD12005810A7093352F1
:1028500035C92A699C2659255503590DA7093352B4
:1028600035C92A69DC1B005A0CA709330E71DAE757
:102870007818025B0AC4FB3206AD7F1B025C0BA713
:102880000933F2382FE7E53C5D0AC4FA3286AC7FA3
:102890001B045E0A4769F3D224ABA4015F0718F852
:1028A000320E02600733AB33B202610E7709730652
:1028B0003D4E862115952109620FA70933E2962125
:1028C0001155EBA80C0900630C7709730625955B7D
:1028D000934101640DA709B35B86445C1D952109F2
:1028E000650E77097306255587739A0C0A00660EE4
:1028F000A709F3B65216C5E120C68D006713A7D904
:102900007286444CC2248C86281F94544D06056858
:102910000CA70933E296211155AF01690AA50A7384
:102920007474EC69106A0CD5DAF27474EC51D392B9
:10293000056B0FA70933E2C6248B6A8926159334E9
:102940006C09A50A33C6FE34086D107709331625C5
:102950008AA4488AA4488AD4006E0B77093392214E
:102960001155AF016F0C7709730625F59A0C0A0013
:10297000700FA7D93292494B52EB9624535C0671E3
:102980000DA7D9B296DA6A4D3269891B720C7709A4
:1029900033A2494BC2246E05730D7709730625D502
:1029A000075D4D0605740C9709B3E270D8E26ED945
:1029B00002750A770933521F952109760E7709337C
:1029C0005235C9A2AC12266906770E7709335253E5
:1029D000244552A4744B00780D770933D224ABA45C
:1029E00095AC92067911A7D972C2248C6A511685CA
:1029F000AA9A45A1087A0A7709330E69AFC3107BFA
:102A00000BB60AF3A6B44D4E9B077C06C1FC323EC2
:102A10007D0CB60933E6B4594B9B36007E0A3779F4
:102A2000733429D21400A00500E833A108B10C3397
:102A3000A46108A211860933A3218912A992255104
:102A400032442100A311A709F3B6521C0E629C8ADE
:102A50004996240B00A40E673933D26490B2288BB8
:102A600006250DA510A709335235C92AD92086831A
:102A700018D700A608B1FC32066510A70EB4FA728A
:102A80009448542253224A8902A80723BB331225B3
:102A9000A9159818B3862C4C224B9428A112259284
:102AA0009484D91001AA0C753973A4D21245433A03
:102AB00008AB0D8719F3A27E8BC2288CC228AC0705
:102AC000462933AE0DAD07154A330601AE169818E8
:102AD000B3862C4C92498912654894921225C56C94
:102AE0008800AF061699330EB00A446B7394484AB7
:102AF0001400B10E9719F3E2DA3064711D1B8600E1
:102B0000B20B64497394284B946C08B30B644973FB
:102B100094A828250A00B40833ABB3921200B50C70
:102B200097E93252AFDBB2C83100B616A7097386F7
:102B3000214BB4444B9221099330099330099300FF
:102B4000B707224C338600B80934DAB29228510014
:102B5000B90863497312A965BA0A654973964C4B63
:102B6000E641BB0E871933A2300AA330CAA27E0306
:102B7000BC0FA7097352B97188C4248B322515BDC7
:102B80000EA7097352B94919A23814E321BE11A73F
:102B90000973C428CDB3A822894916654A2ABF0DF6
:102BA000A709F372B8DA9CAAC9A000C012E709B35A
:102BB000F23A5A099330C94A839425A935C113E7DB
:102BC0000933D33A9E26611226596990B224B5067C
:102BD000C215E709F3D224AB8369122661929506E8
:102BE000294B526B00C314D709B39428D1D14A980A
:102BF0008449561AA42C49AD01C414D709B39230A4
:102C0000C9D14A988449561AA42C49AD01C515E783
:102C100009F3D2244CD2384DC2244CB2D22065499B
:102C20006A0DC614A709F38628099330C9A265C89E
:102C3000A25A9445D900C710D7D9B28628947B0FE1
:102C4000A3210DA35002C810E709B3F23A340C7265
:102C50007990E2E66108C910E70933D33A380C727B
:102C60007990E2E66108CA12E709F3D224AB23C3E4
:102C7000209707296E1E8600CB12D709B39230C960
:102C8000A16190CB8314370F4300CC0CE50A73D2BB
:102C9000F22085FD3408CD0CE50AF3DA91410AFBF8
:102CA0006910CE0EE50AB3B2A4960E52D84F830037
:102CB000CF0DD50A734A493C48613F0D02D014A795
:102CC000097386AC1426E1202561122661924543E2
:102CD00004D113D709B39428D1A1541D954C8AB4BB
:102CE000445CAD01D20EE709B3F23A3628A9BF26FB
:102CF0008302D30EE70933D33A3A28A9BF268302C9
:102D0000D410E709F3D224AB438392FA6B32280044
:102D1000D510D709B39428D1B14149FD3519140014
:102D2000D610D709B39230C9B14149FD3519140005
:102D3000D70D771933D224ABA495AC9206D816C719
:102D4000F9B2934109B7444BA4488A944CC9C6646C
:102D5000506200D90EE709B3F23A94FA6B92651308
:102D600000DA0EE70933D33A98FA6B92651300DB69
:102D70000FE709F3D224AB23A9BF26593601DC0F94
:102D8000D709B39230C9A1D45F932C9B00DD0FE724
:102D90000933D33A98AA495649E3DE00DE0EA70963
:102DA00033E2785852EB30247119DF14A609B3A628
:102DB0002CC9922851B2A896644996240A00E011C1
:102DC000B709B3F23A36E871320CA9A80C4900E110
:102DD00011B70933D33A3AE871320CA9A80C49006B
:102DE000E212B709F3D224AB43831E27C3908ACAE9
:102DF0009004E312A709B39428D1B1418F9361489D
:102E000045654802E412A709B39230C9B1418F93D6
:102E1000614845654802E513C709F3D2244CD21C2A
:102E20001CF438198654548624E60F7709738C51A4
:102E30001625C3106551C502E70FA7D9720625955F
:102E40005B93412C851A00E810B709B3F23A362893
:102E5000A93A9CD3645000E910B70933D33A3A2811
:102E6000A93A9CD3645000EA11B709F3D224AB43CA
:102E70008392AAC3394D0605EB11A709B39230C955
:102E8000B14149D5E19C268302EC0BC50A33D23A05
:102E90003AF63408ED0AC50AF3DAE1B1A741EE0DBE
:102EA000C50AB3B2A49663634F8300EF0CB50A73EF
:102EB0004A490E8E3D0D02F012B70973A2504CF232
:102EC0007088B224B526593601F10FA709B39428AA
:102ED000D1A1644844D56B00F20EB709B3F23A367B
:102EE00028A9D7645000F30EB70933D33A3A28A97A
:102EF000D7645000F40FB709F3D224AB4383927A1E
:102F00004D0605F50FA709B39428D1B14149BD2657
:102F10008302F60FA709B39230C9B14149BD268398
:102F200002F70E9709F3D235C78621C7D23503F8C9
:102F30001397F9B29341C9122D91222553B26450CF
:102F40006200F90DB70973F23A96FAA80C4900FA33
:102F50000DB70933D33A98FAA80C4900FB0EB7090C
:102F6000F3D224AB23A98FCA9004FC0EA709B39215
:102F700030C9A1D447654802FD12E7D972DBC14AC6
:102F800018D5A22C0A55358B4211FE10B7E932E252
:102F9000CAA425A9754B92298E01FF14D7D9B26A0C
:102FA000510E854918D5A22C0A55358B42110000C7
:102FB0000004FFFF000000001815A01616161119D6
:102FC000FF0000001815A01604161119FF000000DC
:102FD000FE0118FE0115FD161215AE15B31691155A
:102FE000CA163F15A2160015A1160015AB1601153D
:102FF000A01616161115C7160F15C1169F15B11676
:10300000F215BB161F15B416A016FD15BE16041535
:10301000B915A615A9FE0119FF0000001815AF1972
:10302000FF0000001815AE19FF0000000001140A8F
:10303000646432328096980000040A9610081C1CC2
:103040008000400000010000D4A700201200000012
:1030500000060000482000600A0000000002000096
:10306000E41F00606200000000070000801F006095
:1030700062000000EE03000018A80020120000000B
:10308000000004EEF0A7002028000000000300006C
:103090007C1F00600000000001030904641F006041
:1030A00000000000020309044C1F00600000000043
:1030B000030309042CA80020000000000000000009
:1030C0000000000000000000303030303030303080
:1030D00030303030303030303030303030303030F0
:1030E0003030303030303030000000000000000060
:1030F0000080000000000000000000000000000050
:103100002896002028960020309600203096002037
:1031100038960020389600204096002040960020E7
:103120004896002048960020509600205096002097
:103130005896002058960020609600206096002047
:1031400068960020689600207096002070960020F7
:1031500078960020789600208096002080960020A7
:103160008896002088960020909600209096002057
:103170009896002098960020A0960020A096002007
:10318000A8960020A8960020B0960020B0960020B7
:10319000B8960020B8960020C0960020C096002067
:1031A000C8960020C8960020D0960020D096002017
:1031B000D8960020D8960020E0960020E0960020C7
:1031C000E8960020E8960020F0960020F096002077
:1031D000F8960020F8960020009700200097002025
:1031E00008970020089700201097002010970020D3
:1031F0001897002018970020209700202097002083
:103200002897002028970020309700203097002032
:1032100038970020389700204097002040970020E2
:103220004897002048970020509700205097002092
:103230005897002058970020609700206097002042
:1032400068970020689700207097002070970020F2
:1032500078970020789700208097002080970020A2
:103260008897002088970020909700209097002052
:103270009897002098970020A0970020A097002002
:10328000A8970020A8970020B0970020B0970020B2
:10329000B8970020B8970020C0970020C097002062
:1032A000C8970020C8970020D0970020D097002012
:1032B000D8970020D8970020E0970020E0970020C2
:1032C000E8970020E8970020F0970020F097002072
:1032D000F8970020F8970020009800200098002020
:1032E00008980020089800201098002010980020CE
:1032F000189800201898002020980020209800207E
:10330000289800202898002030980020309800202D
:1033100038980020389800204098002040980020DD
:10332000489800204898002050980020509800208D
:10333000589800205898002060980020609800203D
:1033400068980020689800207098002070980020ED
:10335000789800207898002080980020809800209D
:10336000889800208898002090980020909800204D
:103370009898002098980020A0980020A0980020FD
:10338000A8980020A8980020B0980020B0980020AD
:10339000B8980020B8980020C0980020C09800205D
:1033A000C8980020C8980020D0980020D09800200D
:1033B000D8980020D8980020E0980020E0980020BD
:1033C000E8980020E8980020F0980020F09800206D
:1033D000F8980020F898002000990020009900201B
:1033E00008990020089900201099002010990020C9
:1033F0001899002018990020209900202099002079
:103400002899002028990020309900203099002028
:1034100038990020389900204099002040990020D8
:103420004899002048990020509900205099002088
:103430005899002058990020609900206099002038
:1034400068990020689900207099002070990020E8
:103450007899002078990020809900208099002098
:103460008899002088990020909900209099002048
:103470009899002098990020A0990020A0990020F8
:10348000A8990020A8990020B0990020B0990020A8
:10349000B8990020B8990020C0990020C099002058
:1034A000C8990020C8990020D0990020D099002008
:1034B000D8990020D8990020E0990020E0990020B8
:1034C000E8990020E8990020F0990020F099002068
:1034D000F8990020F8990020009A0020009A002016
:1034E000089A0020089A0020109A0020109A0020C4
:1034F000189A0020189A0020209A0020209A002074
:103500000000000080B60020E8B6002050B7002080
:1035100000000000000000000000000000000000AB
:10352000000000000000000000000000000000009B
:10353000000000000000000000000000000000008B
:10354000000000000000000000000000000000007B
:10355000000000000000000000000000000000006B
:10356000000000000000000000000000000000005B
:10357000000000000000000000000000000000004B
:10358000000000000000000000000000000000003B
:10359000000000000000000001000000000000002A
:1035A0000E33CDAB34126DE6ECDE05000B000000EF
:1035B000000000000000000000000000000000000B
:1035C00000000000000000000000000000000000FB
:1035D00000000000000000000000000000000000EB
:1035E00000000000000000000000000000000000DB
:1035F00000000000000000000000000000000000CB
:1036000000000000000000000000000000000000BA
:1036100000000000000000000000000000000000AA
:10362000000000000000000000000000000000009A
:10363000000000000000000000000000000000008A
:10364000000000000000000000000000000000007A
:10365000000000000000000000000000000000006A
:10366000000000000000000000000000000000005A
:10367000000000000000000000000000000000004A
:10368000000000000000000000000000000000003A
:10369000000000000000000000000000000000002A
:1036A000000000000000000000000000000000001A
:1036B000000000000000000000000000000000000A
:1036C00000000000000000000000000000000000FA
:1036D00000000000000000000000000000000000EA
:1036E00000000000000000000000000000000000DA
:1036F00000000000000000000000000000000000CA
:10370000BC0200002C01000020436F6E6E656374E4
:10371000656400002050554C53452050414C2076A4
:10372000332E300010270000204E00000000010062
:103730002050554C53452050414C2076332E3000BC
:103740000029DE07007B9A170104000018202123BE
:1037500000003A40DC1E0060000000000000000095
:103760000000000000000000000000000000000059
:103770000000000000000000000000000000000049
:103780000000000000000000000000000000000039
:103790000000000000000000000000000000000029
:1037A00000C039406C1E00600000000000000000F6
:1037B0000000000000000000000000000000000009
:1037C00000000000000000000000000000000000F9
:1037D00000000000000000000000000000000000E9
:1037E00000000000000000000000000000000000D9
:1037F000400D030001000000010000009C27002094
:1038000000000000E80300000000000002030000C8
:1038100020202020202020202020202020202020A8
:103820000000000000000000000000000000000098
:103830000000000000000000000000000000000088
:103840000000000000000000000000000000000078
:103850000000000000000000000000000000000068
:103860000000000000000000000000000000000058
:103870000000000000000000000000000000000048
:103880000000000000000000000000000000000038
:103890000000000000000000000000000000000028
:1038A0000000000000000000000000000000000018
:1038B0000000000000000000000000000000000008
:1038C00000000000000000000000000000000000F8
:1038D00000000000000000000000000000000000E8
:1038E00000000000F80F00000C0000000000C07F86
:1038F00000008001F81F00000C0000000000C0FF65
:1039000000008001183800000C0000000000C0C05A
:1039100001008001187000000C0000000000C08051
:1039200003008001186000000C0000000000C000CF
:103930000300800118C000000C0000000000C0005F
:103940000600800118C000000C0000000000C0004C
:103950000600800118C018300C800FC00700C0009E
:1039600006FF830118C018300CE01FF00F00C000E4
:1039700086FF830118C018300C6018381C00C00086
:10398000C601830118C018300C30301C3800C0004C
:10399000C6008301186018300C30000C3000C000E5
:1039A000C3008301187018300C30000C3000C08048
:1039B000C3008301183818300C30000C3000C0C030
:1039C000C1008301F81F18300C70000C3000C0FFDC
:1039D000C0008301F80F18300CE0000C3000C07FED
:1039E000C0008301180018300CC001FC3F00C0006B
:1039F000C0008301180018300C8007FC3F00C00095
:103A0000C0008301180018300C000E0C0000C0002C
:103A1000C0008301180018300C001C0C0000C0000E
:103A2000C0008301180018300C00380C0000C000E2
:103A3000C0008301180018300C00300C0000C000DA
:103A4000C0008301180018300C00300C0000C000CA
:103A5000C0008301180018300C18300C0000C000A2
:103A6000C0008301180018300C38380C0000C0006A
:103A7000C0008301180038301C701C1C0000C000FE
:103A8000C08087031800F03FF8E10FF83F00C00046
:103A900080FF0F3F1800E03FF0C107F03F00C0007B
:103AA000807F0E3E000000000000000000000000CB
:103AB0000000000000000000000000000000000006
:103AC00000000000000000000000000000000000F6
:103AD00000000000000000000000000000000000E6
:103AE00000000000000000000000000000000000D6
:103AF00000000000000000000000000000000000C6
:103B000000000000000000000000000000000000B5
:103B100000000000000000000000000000000000A5
:103B20000000000000000000000000000000000095
:103B30000000000000000000000000000000000085
:103B40000000000000000000000000000000000075
:103B50000000000000000000000000000000000065
:103B60000000000000000000000000000000000055
:103B70000000000000000000000000000000000045
:103B80000000000000000000000000000000000035
:103B90000000000000000000000000000000000025
:103BA0000000000000000000000000000000000015
:103BB0000000000000000000000000000000000005
:103BC00000000000000000000000000000000000F5
:103BD00000000000000000000000000000000000E5
:103BE00000000000000000000000000000000000D5
:103BF00000000000000000000000000000000000C5
:103C000000000000000000000000000000000000B4
:103C100000000000000000000000000000000000A4
:103C20000000000000000000000000000000000094
:103C30000000000000000000000000000000000084
:103C40000000000000000000000000000000000074
:103C50000000000000000000000000000000000064
:103C60000000000000000000000000000F00000045
:103C70000000000000000000000000C03F00000045
:103C80000000000000000000000000E07F000000D5
:103C90000000000000000000000000F0FF00000035
:103CA0000000000000000000000000188F0100006C
:103CB0000000000000000000000000188F0100005C
:103CC00000000000000000000000001C8F03000046
:103CD0000000000000000000000000FCFF030000E6
:103CE0000000000000000000000000FCFF030000D6
:103CF0000000000000000000000000FCFF030000C6
:103D000000000000000000000000000000000000B3
:103D1000000000000000000000008001000C000016
:103D200000000000000000000000A0FDFF2D0000CA
:103D300000000000000000000000A80DFCAD000025
:103D400000000000000000000000280C6CA1000032
:103D5000000000000000000000600AFCFF8132004B
:103D600000000000000000000080020C6C010A004E
:103D700000000000000000000080020CFC010A00AE
:103D80000000000000000000008000FCFF010800AF
:103D900000000000000000000040000000001000D3
:103DA00000000000000000000000003CE0010000F6
:103DB00000000000000000000000003CE0010000E6
:103DC00000000000000000000000000000000000F3
:103DD00000000000000000000000003CE0010000C6
:103DE00000000000000000000000000000000000D3
:103DF00000000000000000000000007EF003000052
:103E000000000000000000000000007EF003000041
:103E10000000000000000000000000FEFF7F000026
:103E200000000000000000000000F0FFFFFFFF03A3
:103E3000000000000000000000E0FF070000F07F2D
:103E4000000000000000000000FF0100000000E092
:103E50000F00000000000000F00300000000000060
:103E60007C000000000000000F00000000000000C7
:103E7000C0030000000000F000000000000000008F
:103E8000001C00000000000E000000000000000008
:103E900000600000000000010000000000000000C1
:103EA000008003000000000000000000000000008F
:103EB00000000C00000000000000000000000000F6
:103EC0000000100080FF070000000000000000005C
:103ED00018000000C0FF0700000000000000000004
:103EE00018000000C0FF07000000000000000000F4
:103EF00018000000C00000000000000000000000EA
:103F000018000000C00000000000000000000000D9
:103F100018000000C00080FF81FF303818FE837F4A
:103F2000180EFF01C00080FFC3FF313818FF87FF64
:103F30001887FF01C0FF0180C3C13138180386C153
:103F400098830300C0FF0380C3C1716C1C0386C14A
:103F5000D881030080FF0780C3C1616C0C03860118
:103F6000F8800300000086FFC3C1616C0C0386016A
:103F70007880FF00000086FFC3C1E1EE0E038601DA
:103F80007800FF0100008681C3C1C1C60603860117
:103F9000F801800100008681C3C1C1C60603860105
:103FA000D8038001C0FF8781C3C1C1C70703860151
:103FB00018078001C0FF87FFC3C1C18307FF8701C6
:103FC000188EFF01C0FF03FFC3C1818303FE83017D
:103FD000189CFF000000000000000000000000002E
:103FE00000000000000000000000000000000000D1
:103FF00000000000000000000000000000000000C1
:1040000000000000000000000000000000000000B0
:1040100000000000000000000000000000000000A0
:1040200000000000FFFFFFFF40B6002020DA232041
:10403000000000004300000000000000000000003D
:104040000000000000000000000000000000000070
:10405000000000004300000000000000000000001D
:104060000000000000000000000000000000000050
:1040700000000000430000000000000000000000FD
:104080000000000000000000000000000000000030
:1040900000000000430000000000000000000000DD
:1040A0000000000000000000000000000000000010
:1040B00000000000430000000000000000000000BD
:1040C00000000000000000000000000000000000F0
:1040D000000000004300000000000000000000009D
:1040E00000000000000000000000000000000000D0
:1040F000000000004300000000000000000000007D
:1041000000000000000000000000000000000000AF
:10411000000000004300000000000000000000005C
:10412000000000000000000000000000000000008F
:10413000000000000000000000000000000000007F
:10414000000000000000000000000000000000006F
:10415000000000000000000000000000000000005F
:10416000000000000000000000000000000000004F
:10417000000000000000000000000000000000003F
:10418000000000000000000000000000000000002F
:10419000000000000000000000000000000000001F
:1041A000000000000000000000000000000000000F
:1041B00000000000000000000000000000000000FF
:1041C00000000000000000000000000000000000EF
:1041D00000000000000000000000000000000000DF
:1041E00000000000000000000000000000000000CF
:1041F000000000000000000000000000352C01005D
:10420000212401000000000038290020682100203E
:10421000FC230020FC230020FC230020FC230020A2
:10422000FC230020FC230020FC230020FC23002092
:10423000FC230020FFFFFFFFFFFFFFFFFFFFFFFF4B
:10424000FFFF000001004153434949000000000006
:10425000000000000000000000000000000000005E
:1042600000000000000041534349490000000000E5
:10427000000000000000000000000000000000003E
:104280000000000000000000FFFFFFFF0000020030
:10429000000000000300000080B60020309A0020DB
:1042A0000302000112010002EF020140C016830464
:1042B00080020102030100000000000080000000F5
:1042C00028000000000104000100000000000000C0
:1042D000020157494E555342000000000000000003
:1042E000000000000000000012034D0053004600D3
:1042F0005400310030003000F80000000C030000D2
:1043000000000000000000000000000000000000AD
:104310000000020024292840801C01D501222A0027
:10432000000000000000000000000000000000008D
:10433000000000000000000000000000000000007D
:10434000000000000000000000000000000000006D
:10435000000000000000000000000000000000005D
:10436000000000000000000000000000000000004D
:10437000000000000000000000000000000000003D
:10438000000000000000000000000000000000002D
:10439000000000000000000000000000000000001D
:1043A000000000000000000000000000000000000D
:1043B00000000000000000000000000000000000FD
:1043C00000000000000000000000000000000000ED
:1043D00000000000000000000000000000000000DD
:1043E00000000000000000000000000000000000CD
:1043F00000000000000000000000000000000000BD
:1044000000000000000000000000000000000000AC
:10441000000000000000000000000000000000009C
:10442000000000000000000000000000000000008C
:10443000000000000000000000000000000000007C
:10444000000000000000000000000000000000006C
:10445000000000000000000000000000000000005C
:10446000000000000000000000000000000000004C
:10447000000000000000000000000000000000003C
:10448000000000000000000000000000000000002C
:10449000000000000000000000000000000000001C
:1044A000000000000000000000000000000000000C
:1044B00000000000000000000000000000000000FC
:1044C00000000000000000000000000000000000EC
:1044D00000000000000000000000000000000000DC
:1044E00000000000000000000000000000000000CC
:1044F00000000000000000000000000000000000BC
:1045000000000000000000000000000000000000AB
:10451000000000000000000000000000000000009B
:10452000000000000000000000000000000000008B
:10453000000000000000000000000000000000007B
:10454000000000000000000000000000000000006B
:10455000000000000000000000000000000000005B
:10456000000000000000000000000000000000004B
:10457000000000000000000000000000000000003B
:10458000000000000000000000000000000000002B
:10459000000000000000000000000000000000001B
:1045A000000000000000000000000000000000000B
:1045B00000000000000000000000000000000000FB
:1045C00000000000000000000000000000000000EB
:1045D00000000000000000000000000000000000DB
:1045E00000000000000000000000000000000000CB
:1045F00000000000000000000000000000000000BB
:1046000000000000000000000000000000000000AA
:10461000000000000000000000000000000000009A
:10462000000000000000000000000000000000008A
:10463000000000000000000000000000000000007A
:10464000000000000000000000000000000000006A
:10465000000000000000000000000000000000005A
:10466000000000000000000000000000000000004A
:10467000000000000000000000000000000000003A
:10468000000000000000000000000000000000002A
:10469000000000000000000000000000000000001A
:1046A000000000000000000000000000000000000A
:1046B00000000000000000000000000000000000FA
:1046C00000000000000000000000000000000000EA
:1046D00000000000000000000000000000000000DA
:1046E00000000000000000000000000000000000CA
:1046F00000000000000000000000000000000000BA
:1047000000000000000000000000000000000000A9
:104710000000000000000000000000000000000099
:104720000000000000000000000000000000000089
:104730000000000000000000000000000000000079
:104740000000000000000000000000000000000069
:104750000000000000000000000000000000000059
:104760000000000000000000000000000000000049
:104770000000000000000000000000000000000039
:104780000000000000000000000000000000000029
:104790000000000000000000000000000000000019
:1047A0000000000000000000000000000000000009
:1047B00000000000000000000000000000000000F9
:1047C00000000000000000000000000000000000E9
:1047D00000000000000000000000000000000000D9
:1047E00000000000000000000000000000000000C9
:1047F00000000000000000000000000000000000B9
:1048000000000000000000000000000000000000A8
:104810000000000000000000000000000000000098
:104820000000000000000000000000000000000088
:104830000000000000000000000000000000000078
:104840000000000000000000000000000000000068
:104850000000000000000000000000000000000058
:104860000000000000000000000000000000000048
:104870000000000000000000000000000000000038
:104880000000000000000000000000000000000028
:104890000000000000000000000000000000000018
:1048A0000000000000000000000000000000000008
:1048B00000000000000000000000000000000000F8
:1048C00000000000000000000000000000000000E8
:1048D00000000000000000000000000000000000D8
:1048E00000000000000000000000000000000000C8
:1048F00000000000000000000000000000000000B8
:1049000000000000000000000000000000000000A7
:104910000000000000000000000000000000000097
:104920000000000000000000000000000000000087
:104930000000000000000000000000000000000077
:104940000000000000000000000000000000000067
:104950000000000000000000000000000000000057
:104960000000000000000000000000000000000047
:104970000000000000000000000000000000000037
:104980000000000000000000000000000000000027
:10499000FFFFFFFFFFFFFFFFFFFFFFFFFFFFFFFF27
:1049A000FFFFFFFFFFFFFFFFFFFFFFFFFFFFFFFF17
:1049B000FFFFFFFFFFFFFFFFFFFFFFFFFFFFFFFF07
:1049C000FFFFFFFFFFFFFFFFFFFFFFFFFFFFFFFFF7
:1049D000FFFFFFFFFFFFFFFFFFFFFFFFFFFFFFFFE7
:1049E000FFFFFFFFFFFFFFFFFFFFFFFFFFFFFFFFD7
:1049F000FFFFFFFFFFFFFFFFFFFFFFFFFFFFFFFFC7
:104A0000FFFFFFFFFFFFFFFFFFFFFFFFFFFFFFFFB6
:104A1000FFFFFFFFFFFFFFFFFFFFFFFFFFFFFFFFA6
:104A2000FFFFFFFFFFFFFFFFFFFFFFFFFFFFFFFF96
:104A3000FFFFFFFFFFFFFFFFFFFFFFFFFFFFFFFF86
:104A4000FFFFFFFFFFFFFFFFFFFFFFFFFFFFFFFF76
:104A5000FFFFFFFFFFFFFFFFFFFFFFFFFFFFFFFF66
:104A6000FFFFFFFFFFFFFFFFFFFFFFFFFFFFFFFF56
:104A7000FFFFFFFFFFFFFFFFFFFFFFFFFFFFFFFF46
:104A8000FFFFFFFFFFFFFFFFFFFFFFFFFFFFFFFF36
:104A9000FFFFFFFFFFFFFFFFFFFFFFFFFFFFFFFF26
:104AA000FFFFFFFFFFFFFFFFFFFFFFFFFFFFFFFF16
:104AB000FFFFFFFFFFFFFFFFFFFFFFFFFFFFFFFF06
:104AC000FFFFFFFFFFFFFFFFFFFFFFFFFFFFFFFFF6
:104AD000FFFFFFFFFFFFFFFFFFFFFFFFFFFFFFFFE6
:104AE000FFFFFFFFFFFFFFFFFFFFFFFFFFFFFFFFD6
:104AF000FFFFFFFFFFFFFFFFFFFFFFFFFFFFFFFFC6
:104B0000FFFFFFFFFFFFFFFFFFFFFFFFFFFFFFFFB5
:104B1000FFFFFFFFFFFFFFFFFFFFFFFFFFFFFFFFA5
:104B2000FFFFFFFFFFFFFFFFFFFFFFFFFFFFFFFF95
:104B3000FFFFFFFFFFFFFFFFFFFFFFFFFFFFFFFF85
:104B4000FFFFFFFFFFFFFFFFFFFFFFFFFFFFFFFF75
:104B5000FFFFFFFFFFFFFFFFFFFFFFFFFFFFFFFF65
:104B6000FFFFFFFFFFFFFFFFFFFFFFFFFFFFFFFF55
:104B7000FFFFFFFFFFFFFFFFFFFFFFFFFFFFFFFF45
:104B8000FFFFFFFFFFFFFFFFFFFFFFFFFFFFFFFF35
:104B9000FFFFFFFFFFFFFFFFFFFFFFFFFFFFFFFF25
:104BA000FFFFFFFFFFFFFFFFFFFFFFFFFFFFFFFF15
:104BB000FFFFFFFFFFFFFFFFFFFFFFFFFFFFFFFF05
:104BC000FFFFFFFFFFFFFFFFFFFFFFFFFFFFFFFFF5
:104BD000FFFFFFFFFFFFFFFFFFFFFFFFFFFFFFFFE5
:104BE000FFFFFFFFFFFFFFFFFFFFFFFFFFFFFFFFD5
:104BF000FFFFFFFFFFFFFFFFFFFFFFFFFFFFFFFFC5
:104C000000000000000000000000000000000000A4
:104C10000000000000000000000000000000000094
:104C20000000000000000000000000000000000084
:104C30000000000000000000000000000000000074
:104C40000000000000000000000000000000000064
:104C50000000000000000000000000000000000054
:104C60000000000000000000000000000000000044
:104C70000000000000000000000000000000000034
:104C80000000000000000000000000000000000024
:104C90000000000000000000000000000000000014
:104CA0000000000000000000000000000000000004
:104CB00000000000000000000000000000000000F4
:104CC00000000000000000000000000000000000E4
:104CD00000000000000000000000000000000000D4
:104CE00000000000000000000000000000000000C4
:104CF00000000000000000000000000000000000B4
:104D000000000000000000000000000000000000A3
:104D10000000000000000000000000000000000093
:104D20000000000000000000000000000000000083
:104D30000000000000000000000000000000000073
:104D40000000000000000000000000000000000063
:104D50000000000000000000000000000000000053
:104D60000000000000000000000000000000000043
:104D70000000000000000000000000000000000033
:104D80000000000000000000000000000000000023
:104D90000000000000000000000000000000000013
:104DA0000000000000000000000000000000000003
:104DB00000000000000000000000000000000000F3
:104DC00000000000000000000000000000000000E3
:104DD00000000000000000000000000000000000D3
:104DE00000000000000000000000000000000000C3
:104DF00000000000000000000000000000000000B3
:104E000000000000000000000000000000000000A2
:104E10000000000000000000000000000000000092
:104E20000000000000000000000000000000000082
:104E30000000000000000000000000000000000072
:104E40000000000000000000000000000000000062
:104E50000000000000000000000000000000000052
:104E60000000000000000000000000000000000042
:104E70000000000000000000000000000000000032
:104E80000000000000000000000000000000000022
:104E90000000000000000000000000000000000012
:104EA0000000000000000000000000000000000002
:104EB00000000000000000000000000000000000F2
:104EC00000000000000000000000000000000000E2
:104ED00000000000000000000000000000000000D2
:104EE00000000000000000000000000000000000C2
:104EF00000000000000000000000000000000000B2
:104F000000000000000000000000000000000000A1
:104F10000000000000000000000000000000000091
:104F20000000000000000000000000000000000081
:104F30000000000000000000000000000000000071
:104F40000000000000000000000000000000000061
:104F50000000000000000000000000000000000051
:104F60000000000000000000000000000000000041
:104F70000000000000000000000000000000000031
:104F80000000000000000000000000000000000021
:104F90000000000000000000000000000000000011
:104FA0000000000000000000000000000000000001
:104FB00000000000000000000000000000000000F1
:104FC00000000000000000000000000000000000E1
:104FD00000000000000000000000000000000000D1
:104FE00000000000000000000000000000000000C1
:104FF00000000000000000000000000000000000B1
:1050000000000000000000000000000000000000A0
:105010000000000000000000000000000000000090
:105020000000000000000000000000000000000080
:105030000000000000000000000000000000000070
:105040000000000000000000000000000000000060
:105050000000000000000000000000000000000050
:105060000000000000000000000000000000000040
:105070000000000000000000000000000000000030
:105080000000000000000000000000000000000020
:105090000000000000000000000000000000000010
:1050A0000000000000000000000000000000000000
:1050B00000000000000000000000000000000000F0
:1050C00000000000000000000000000000000000E0
:1050D00000000000000000000000000000000000D0
:1050E00000000000000000000000000000000000C0
:1050F00000000000000000000000000000000000B0
:10510000000000000000000000000000000000009F
:10511000000000000000000000000000000000008F
:10512000000000000000000000000000000000007F
:10513000000000000000000000000000000000006F
:10514000000000000000000000000000000000005F
:10515000000000000000000000000000000000004F
:10516000000000000000000000000000000000003F
:10517000000000000000000000000000000000002F
:10518000000000000000000000000000000000001F
:10519000000000000000000000000000000000000F
:1051A00000000000000000000000000000000000FF
:1051B00000000000000000000000000000000000EF
:1051C00000000000000000000000000000000000DF
:1051D00000000000000000000000000000000000CF
:1051E00000000000000000000000000000000000BF
:1051F00000000000000000000000000000000000AF
:10520000000000000000000000000000000000009E
:10521000000000000000000000000000000000008E
:10522000000000000000000000000000000000007E
:10523000000000000000000000000000000000006E
:10524000000000000000000000000000000000005E
:10525000000000000000000000000000000000004E
:10526000000000000000000000000000000000003E
:10527000000000000000000000000000000000002E
:10528000000000000000000000000000000000001E
:10529000000000000000000000000000000000000E
:1052A00000000000000000000000000000000000FE
:1052B00000000000000000000000000000000000EE
:1052C00000000000000000000000000000000000DE
:1052D00000000000000000000000000000000000CE
:1052E00000000000000000000000000000000000BE
:1052F00000000000000000000000000000000000AE
:10530000000000000000000000000000000000009D
:10531000000000000000000000000000000000008D
:10532000000000000000000000000000000000007D
:10533000000000000000000000000000000000006D
:10534000000000000000000000000000000000005D
:10535000000000000000000000000000000000004D
:10536000000000000000000000000000000000003D
:10537000000000000000000000000000000000002D
:10538000000000000000000000000000000000001D
:10539000000000000000000000000000000000000D
:1053A00000000000000000000000000000000000FD
:1053B00000000000000000000000000000000000ED
:1053C00000000000000000000000000000000000DD
:1053D00000000000000000000000000000000000CD
:1053E00000000000000000000000000000000000BD
:1053F00000000000000000000000000000000000AD
:10540000000000000000000000000000000000009C
:10541000000000000000000000000000000000008C
:10542000000000000000000000000000000000007C
:10543000000000000000000000000000000000006C
:10544000000000000000000000000000000000005C
:10545000000000000000000000000000000000004C
:10546000000000000000000000000000000000003C
:10547000000000000000000000000000000000002C
:10548000000000000000000000000000000000001C
:10549000000000000000000000000000000000000C
:1054A00000000000000000000000000000000000FC
:1054B00000000000000000000000000000000000EC
:1054C00000000000000000000000000000000000DC
:1054D00000000000000000000000000000000000CC
:1054E00000000000000000000000000000000000BC
:1054F00000000000000000000000000000000000AC
:10550000000000000000000000000000000000009B
:10551000000000000000000000000000000000008B
:10552000000000000000000000000000000000007B
:10553000000000000000000000000000000000006B
:10554000000000000000000000000000000000005B
:10555000000000000000000000000000000000004B
:10556000000000000000000000000000000000003B
:10557000000000000000000000000000000000002B
:10558000000000000000000000000000000000001B
:10559000000000000000000000000000000000000B
:1055A00000000000000000000000000000000000FB
:1055B00000000000000000000000000000000000EB
:1055C00000000000000000000000000000000000DB
:1055D00000000000000000000000000000000000CB
:1055E00000000000000000000000000000000000BB
:1055F00000000000000000000000000000000000AB
:10560000000000000000000000000000000000009A
:10561000000000000000000000000000000000008A
:10562000000000000000000000000000000000007A
:10563000000000000000000000000000000000006A
:10564000000000000000000000000000000000005A
:10565000000000000000000000000000000000004A
:10566000000000000000000000000000000000003A
:10567000000000000000000000000000000000002A
:10568000000000000000000000000000000000001A
:10569000000000000000000000000000000000000A
:1056A00000000000000000000000000000000000FA
:1056B00000000000000000000000000000000000EA
:1056C00000000000000000000000000000000000DA
:1056D00000000000000000000000000000000000CA
:1056E00000000000000000000000000000000000BA
:1056F00000000000000000000000000000000000AA
:105700000000000000000000000000000000000099
:105710000000000000000000000000000000000089
:105720000000000000000000000000000000000079
:105730000000000000000000000000000000000069
:105740000000000000000000000000000000000059
:105750000000000000000000000000000000000049
:105760000000000000000000000000000000000039
:105770000000000000000000000000000000000029
:105780000000000000000000000000000000000019
:105790000000000000000000000000000000000009
:1057A00000000000000000000000000000000000F9
:1057B00000000000000000000000000000000000E9
:1057C00000000000000000000000000000000000D9
:1057D00000000000000000000000000000000000C9
:1057E00000000000000000000000000000000000B9
:1057F00000000000000000000000000000000000A9
:040000056000100087
:00000001FF
