:0200000460009A
:100000004643464200000156000000000101020084
:1000100000000000000000000000000000000000E0
:1000200000000000000000000000000000000000D0
:1000300000000000000000000000000000000000C0
:1000400000000000010406010000000000000000A4
:100050000000800000000000000000000000000020
:100060000000000000000000000000000000000090
:100070000000000000000000000000000000000080
:10008000EB04180AFF1E04320126000000000000E5
:100090000000000000000000000000000000000060
:1000A0000000000000000000000000000000000050
:1000B0000000000000000000000000000000000040
:1000C0000000000000000000000000000000000030
:1000D0000000000000000000000000000000000020
:1000E0000000000000000000000000000000000010
:1000F0000000000000000000000000000000000000
:1001000000000000000000000000000000000000EF
:1001100000000000000000000000000000000000DF
:1001200000000000000000000000000000000000CF
:1001300000000000000000000000000000000000BF
:1001400000000000000000000000000000000000AF
:10015000000000000000000000000000000000009F
:10016000000000000000000000000000000000008F
:10017000000000000000000000000000000000007F
:10018000000000000000000000000000000000006F
:10019000000000000000000000000000000000005F
:1001A000000000000000000000000000000000004F
:1001B000000000000000000000000000000000003F
:1001C000000100000010000001000000000000001D
:1001D000000001000000000000000000000000001E
:1001E000000000000000000000000000000000000F
:1001F00000000000000000000000000000000000FF
:10020000FFFFFFFFFFFFFFFFFFFFFFFFFFFFFFFFFE
:10021000FFFFFFFFFFFFFFFFFFFFFFFFFFFFFFFFEE
:10022000FFFFFFFFFFFFFFFFFFFFFFFFFFFFFFFFDE
:10023000FFFFFFFFFFFFFFFFFFFFFFFFFFFFFFFFCE
:10024000FFFFFFFFFFFFFFFFFFFFFFFFFFFFFFFFBE
:10025000FFFFFFFFFFFFFFFFFFFFFFFFFFFFFFFFAE
:10026000FFFFFFFFFFFFFFFFFFFFFFFFFFFFFFFF9E
:10027000FFFFFFFFFFFFFFFFFFFFFFFFFFFFFFFF8E
:10028000FFFFFFFFFFFFFFFFFFFFFFFFFFFFFFFF7E
:10029000FFFFFFFFFFFFFFFFFFFFFFFFFFFFFFFF6E
:1002A000FFFFFFFFFFFFFFFFFFFFFFFFFFFFFFFF5E
:1002B000FFFFFFFFFFFFFFFFFFFFFFFFFFFFFFFF4E
:1002C000FFFFFFFFFFFFFFFFFFFFFFFFFFFFFFFF3E
:1002D000FFFFFFFFFFFFFFFFFFFFFFFFFFFFFFFF2E
:1002E000FFFFFFFFFFFFFFFFFFFFFFFFFFFFFFFF1E
:1002F000FFFFFFFFFFFFFFFFFFFFFFFFFFFFFFFF0E
:10030000FFFFFFFFFFFFFFFFFFFFFFFFFFFFFFFFFD
:10031000FFFFFFFFFFFFFFFFFFFFFFFFFFFFFFFFED
:10032000FFFFFFFFFFFFFFFFFFFFFFFFFFFFFFFFDD
:10033000FFFFFFFFFFFFFFFFFFFFFFFFFFFFFFFFCD
:10034000FFFFFFFFFFFFFFFFFFFFFFFFFFFFFFFFBD
:10035000FFFFFFFFFFFFFFFFFFFFFFFFFFFFFFFFAD
:10036000FFFFFFFFFFFFFFFFFFFFFFFFFFFFFFFF9D
:10037000FFFFFFFFFFFFFFFFFFFFFFFFFFFFFFFF8D
:10038000FFFFFFFFFFFFFFFFFFFFFFFFFFFFFFFF7D
:10039000FFFFFFFFFFFFFFFFFFFFFFFFFFFFFFFF6D
:1003A000FFFFFFFFFFFFFFFFFFFFFFFFFFFFFFFF5D
:1003B000FFFFFFFFFFFFFFFFFFFFFFFFFFFFFFFF4D
:1003C000FFFFFFFFFFFFFFFFFFFFFFFFFFFFFFFF3D
:1003D000FFFFFFFFFFFFFFFFFFFFFFFFFFFFFFFF2D
:1003E000FFFFFFFFFFFFFFFFFFFFFFFFFFFFFFFF1D
:1003F000FFFFFFFFFFFFFFFFFFFFFFFFFFFFFFFF0D
:10040000FFFFFFFFFFFFFFFFFFFFFFFFFFFFFFFFFC
:10041000FFFFFFFFFFFFFFFFFFFFFFFFFFFFFFFFEC
:10042000FFFFFFFFFFFFFFFFFFFFFFFFFFFFFFFFDC
:10043000FFFFFFFFFFFFFFFFFFFFFFFFFFFFFFFFCC
:10044000FFFFFFFFFFFFFFFFFFFFFFFFFFFFFFFFBC
:10045000FFFFFFFFFFFFFFFFFFFFFFFFFFFFFFFFAC
:10046000FFFFFFFFFFFFFFFFFFFFFFFFFFFFFFFF9C
:10047000FFFFFFFFFFFFFFFFFFFFFFFFFFFFFFFF8C
:10048000FFFFFFFFFFFFFFFFFFFFFFFFFFFFFFFF7C
:10049000FFFFFFFFFFFFFFFFFFFFFFFFFFFFFFFF6C
:1004A000FFFFFFFFFFFFFFFFFFFFFFFFFFFFFFFF5C
:1004B000FFFFFFFFFFFFFFFFFFFFFFFFFFFFFFFF4C
:1004C000FFFFFFFFFFFFFFFFFFFFFFFFFFFFFFFF3C
:1004D000FFFFFFFFFFFFFFFFFFFFFFFFFFFFFFFF2C
:1004E000FFFFFFFFFFFFFFFFFFFFFFFFFFFFFFFF1C
:1004F000FFFFFFFFFFFFFFFFFFFFFFFFFFFFFFFF0C
:10050000FFFFFFFFFFFFFFFFFFFFFFFFFFFFFFFFFB
:10051000FFFFFFFFFFFFFFFFFFFFFFFFFFFFFFFFEB
:10052000FFFFFFFFFFFFFFFFFFFFFFFFFFFFFFFFDB
:10053000FFFFFFFFFFFFFFFFFFFFFFFFFFFFFFFFCB
:10054000FFFFFFFFFFFFFFFFFFFFFFFFFFFFFFFFBB
:10055000FFFFFFFFFFFFFFFFFFFFFFFFFFFFFFFFAB
:10056000FFFFFFFFFFFFFFFFFFFFFFFFFFFFFFFF9B
:10057000FFFFFFFFFFFFFFFFFFFFFFFFFFFFFFFF8B
:10058000FFFFFFFFFFFFFFFFFFFFFFFFFFFFFFFF7B
:10059000FFFFFFFFFFFFFFFFFFFFFFFFFFFFFFFF6B
:1005A000FFFFFFFFFFFFFFFFFFFFFFFFFFFFFFFF5B
:1005B000FFFFFFFFFFFFFFFFFFFFFFFFFFFFFFFF4B
:1005C000FFFFFFFFFFFFFFFFFFFFFFFFFFFFFFFF3B
:1005D000FFFFFFFFFFFFFFFFFFFFFFFFFFFFFFFF2B
:1005E000FFFFFFFFFFFFFFFFFFFFFFFFFFFFFFFF1B
:1005F000FFFFFFFFFFFFFFFFFFFFFFFFFFFFFFFF0B
:10060000FFFFFFFFFFFFFFFFFFFFFFFFFFFFFFFFFA
:10061000FFFFFFFFFFFFFFFFFFFFFFFFFFFFFFFFEA
:10062000FFFFFFFFFFFFFFFFFFFFFFFFFFFFFFFFDA
:10063000FFFFFFFFFFFFFFFFFFFFFFFFFFFFFFFFCA
:10064000FFFFFFFFFFFFFFFFFFFFFFFFFFFFFFFFBA
:10065000FFFFFFFFFFFFFFFFFFFFFFFFFFFFFFFFAA
:10066000FFFFFFFFFFFFFFFFFFFFFFFFFFFFFFFF9A
:10067000FFFFFFFFFFFFFFFFFFFFFFFFFFFFFFFF8A
:10068000FFFFFFFFFFFFFFFFFFFFFFFFFFFFFFFF7A
:10069000FFFFFFFFFFFFFFFFFFFFFFFFFFFFFFFF6A
:1006A000FFFFFFFFFFFFFFFFFFFFFFFFFFFFFFFF5A
:1006B000FFFFFFFFFFFFFFFFFFFFFFFFFFFFFFFF4A
:1006C000FFFFFFFFFFFFFFFFFFFFFFFFFFFFFFFF3A
:1006D000FFFFFFFFFFFFFFFFFFFFFFFFFFFFFFFF2A
:1006E000FFFFFFFFFFFFFFFFFFFFFFFFFFFFFFFF1A
:1006F000FFFFFFFFFFFFFFFFFFFFFFFFFFFFFFFF0A
:10070000FFFFFFFFFFFFFFFFFFFFFFFFFFFFFFFFF9
:10071000FFFFFFFFFFFFFFFFFFFFFFFFFFFFFFFFE9
:10072000FFFFFFFFFFFFFFFFFFFFFFFFFFFFFFFFD9
:10073000FFFFFFFFFFFFFFFFFFFFFFFFFFFFFFFFC9
:10074000FFFFFFFFFFFFFFFFFFFFFFFFFFFFFFFFB9
:10075000FFFFFFFFFFFFFFFFFFFFFFFFFFFFFFFFA9
:10076000FFFFFFFFFFFFFFFFFFFFFFFFFFFFFFFF99
:10077000FFFFFFFFFFFFFFFFFFFFFFFFFFFFFFFF89
:10078000FFFFFFFFFFFFFFFFFFFFFFFFFFFFFFFF79
:10079000FFFFFFFFFFFFFFFFFFFFFFFFFFFFFFFF69
:1007A000FFFFFFFFFFFFFFFFFFFFFFFFFFFFFFFF59
:1007B000FFFFFFFFFFFFFFFFFFFFFFFFFFFFFFFF49
:1007C000FFFFFFFFFFFFFFFFFFFFFFFFFFFFFFFF39
:1007D000FFFFFFFFFFFFFFFFFFFFFFFFFFFFFFFF29
:1007E000FFFFFFFFFFFFFFFFFFFFFFFFFFFFFFFF19
:1007F000FFFFFFFFFFFFFFFFFFFFFFFFFFFFFFFF09
:10080000FFFFFFFFFFFFFFFFFFFFFFFFFFFFFFFFF8
:10081000FFFFFFFFFFFFFFFFFFFFFFFFFFFFFFFFE8
:10082000FFFFFFFFFFFFFFFFFFFFFFFFFFFFFFFFD8
:10083000FFFFFFFFFFFFFFFFFFFFFFFFFFFFFFFFC8
:10084000FFFFFFFFFFFFFFFFFFFFFFFFFFFFFFFFB8
:10085000FFFFFFFFFFFFFFFFFFFFFFFFFFFFFFFFA8
:10086000FFFFFFFFFFFFFFFFFFFFFFFFFFFFFFFF98
:10087000FFFFFFFFFFFFFFFFFFFFFFFFFFFFFFFF88
:10088000FFFFFFFFFFFFFFFFFFFFFFFFFFFFFFFF78
:10089000FFFFFFFFFFFFFFFFFFFFFFFFFFFFFFFF68
:1008A000FFFFFFFFFFFFFFFFFFFFFFFFFFFFFFFF58
:1008B000FFFFFFFFFFFFFFFFFFFFFFFFFFFFFFFF48
:1008C000FFFFFFFFFFFFFFFFFFFFFFFFFFFFFFFF38
:1008D000FFFFFFFFFFFFFFFFFFFFFFFFFFFFFFFF28
:1008E000FFFFFFFFFFFFFFFFFFFFFFFFFFFFFFFF18
:1008F000FFFFFFFFFFFFFFFFFFFFFFFFFFFFFFFF08
:10090000FFFFFFFFFFFFFFFFFFFFFFFFFFFFFFFFF7
:10091000FFFFFFFFFFFFFFFFFFFFFFFFFFFFFFFFE7
:10092000FFFFFFFFFFFFFFFFFFFFFFFFFFFFFFFFD7
:10093000FFFFFFFFFFFFFFFFFFFFFFFFFFFFFFFFC7
:10094000FFFFFFFFFFFFFFFFFFFFFFFFFFFFFFFFB7
:10095000FFFFFFFFFFFFFFFFFFFFFFFFFFFFFFFFA7
:10096000FFFFFFFFFFFFFFFFFFFFFFFFFFFFFFFF97
:10097000FFFFFFFFFFFFFFFFFFFFFFFFFFFFFFFF87
:10098000FFFFFFFFFFFFFFFFFFFFFFFFFFFFFFFF77
:10099000FFFFFFFFFFFFFFFFFFFFFFFFFFFFFFFF67
:1009A000FFFFFFFFFFFFFFFFFFFFFFFFFFFFFFFF57
:1009B000FFFFFFFFFFFFFFFFFFFFFFFFFFFFFFFF47
:1009C000FFFFFFFFFFFFFFFFFFFFFFFFFFFFFFFF37
:1009D000FFFFFFFFFFFFFFFFFFFFFFFFFFFFFFFF27
:1009E000FFFFFFFFFFFFFFFFFFFFFFFFFFFFFFFF17
:1009F000FFFFFFFFFFFFFFFFFFFFFFFFFFFFFFFF07
:100A0000FFFFFFFFFFFFFFFFFFFFFFFFFFFFFFFFF6
:100A1000FFFFFFFFFFFFFFFFFFFFFFFFFFFFFFFFE6
:100A2000FFFFFFFFFFFFFFFFFFFFFFFFFFFFFFFFD6
:100A3000FFFFFFFFFFFFFFFFFFFFFFFFFFFFFFFFC6
:100A4000FFFFFFFFFFFFFFFFFFFFFFFFFFFFFFFFB6
:100A5000FFFFFFFFFFFFFFFFFFFFFFFFFFFFFFFFA6
:100A6000FFFFFFFFFFFFFFFFFFFFFFFFFFFFFFFF96
:100A7000FFFFFFFFFFFFFFFFFFFFFFFFFFFFFFFF86
:100A8000FFFFFFFFFFFFFFFFFFFFFFFFFFFFFFFF76
:100A9000FFFFFFFFFFFFFFFFFFFFFFFFFFFFFFFF66
:100AA000FFFFFFFFFFFFFFFFFFFFFFFFFFFFFFFF56
:100AB000FFFFFFFFFFFFFFFFFFFFFFFFFFFFFFFF46
:100AC000FFFFFFFFFFFFFFFFFFFFFFFFFFFFFFFF36
:100AD000FFFFFFFFFFFFFFFFFFFFFFFFFFFFFFFF26
:100AE000FFFFFFFFFFFFFFFFFFFFFFFFFFFFFFFF16
:100AF000FFFFFFFFFFFFFFFFFFFFFFFFFFFFFFFF06
:100B0000FFFFFFFFFFFFFFFFFFFFFFFFFFFFFFFFF5
:100B1000FFFFFFFFFFFFFFFFFFFFFFFFFFFFFFFFE5
:100B2000FFFFFFFFFFFFFFFFFFFFFFFFFFFFFFFFD5
:100B3000FFFFFFFFFFFFFFFFFFFFFFFFFFFFFFFFC5
:100B4000FFFFFFFFFFFFFFFFFFFFFFFFFFFFFFFFB5
:100B5000FFFFFFFFFFFFFFFFFFFFFFFFFFFFFFFFA5
:100B6000FFFFFFFFFFFFFFFFFFFFFFFFFFFFFFFF95
:100B7000FFFFFFFFFFFFFFFFFFFFFFFFFFFFFFFF85
:100B8000FFFFFFFFFFFFFFFFFFFFFFFFFFFFFFFF75
:100B9000FFFFFFFFFFFFFFFFFFFFFFFFFFFFFFFF65
:100BA000FFFFFFFFFFFFFFFFFFFFFFFFFFFFFFFF55
:100BB000FFFFFFFFFFFFFFFFFFFFFFFFFFFFFFFF45
:100BC000FFFFFFFFFFFFFFFFFFFFFFFFFFFFFFFF35
:100BD000FFFFFFFFFFFFFFFFFFFFFFFFFFFFFFFF25
:100BE000FFFFFFFFFFFFFFFFFFFFFFFFFFFFFFFF15
:100BF000FFFFFFFFFFFFFFFFFFFFFFFFFFFFFFFF05
:100C0000FFFFFFFFFFFFFFFFFFFFFFFFFFFFFFFFF4
:100C1000FFFFFFFFFFFFFFFFFFFFFFFFFFFFFFFFE4
:100C2000FFFFFFFFFFFFFFFFFFFFFFFFFFFFFFFFD4
:100C3000FFFFFFFFFFFFFFFFFFFFFFFFFFFFFFFFC4
:100C4000FFFFFFFFFFFFFFFFFFFFFFFFFFFFFFFFB4
:100C5000FFFFFFFFFFFFFFFFFFFFFFFFFFFFFFFFA4
:100C6000FFFFFFFFFFFFFFFFFFFFFFFFFFFFFFFF94
:100C7000FFFFFFFFFFFFFFFFFFFFFFFFFFFFFFFF84
:100C8000FFFFFFFFFFFFFFFFFFFFFFFFFFFFFFFF74
:100C9000FFFFFFFFFFFFFFFFFFFFFFFFFFFFFFFF64
:100CA000FFFFFFFFFFFFFFFFFFFFFFFFFFFFFFFF54
:100CB000FFFFFFFFFFFFFFFFFFFFFFFFFFFFFFFF44
:100CC000FFFFFFFFFFFFFFFFFFFFFFFFFFFFFFFF34
:100CD000FFFFFFFFFFFFFFFFFFFFFFFFFFFFFFFF24
:100CE000FFFFFFFFFFFFFFFFFFFFFFFFFFFFFFFF14
:100CF000FFFFFFFFFFFFFFFFFFFFFFFFFFFFFFFF04
:100D0000FFFFFFFFFFFFFFFFFFFFFFFFFFFFFFFFF3
:100D1000FFFFFFFFFFFFFFFFFFFFFFFFFFFFFFFFE3
:100D2000FFFFFFFFFFFFFFFFFFFFFFFFFFFFFFFFD3
:100D3000FFFFFFFFFFFFFFFFFFFFFFFFFFFFFFFFC3
:100D4000FFFFFFFFFFFFFFFFFFFFFFFFFFFFFFFFB3
:100D5000FFFFFFFFFFFFFFFFFFFFFFFFFFFFFFFFA3
:100D6000FFFFFFFFFFFFFFFFFFFFFFFFFFFFFFFF93
:100D7000FFFFFFFFFFFFFFFFFFFFFFFFFFFFFFFF83
:100D8000FFFFFFFFFFFFFFFFFFFFFFFFFFFFFFFF73
:100D9000FFFFFFFFFFFFFFFFFFFFFFFFFFFFFFFF63
:100DA000FFFFFFFFFFFFFFFFFFFFFFFFFFFFFFFF53
:100DB000FFFFFFFFFFFFFFFFFFFFFFFFFFFFFFFF43
:100DC000FFFFFFFFFFFFFFFFFFFFFFFFFFFFFFFF33
:100DD000FFFFFFFFFFFFFFFFFFFFFFFFFFFFFFFF23
:100DE000FFFFFFFFFFFFFFFFFFFFFFFFFFFFFFFF13
:100DF000FFFFFFFFFFFFFFFFFFFFFFFFFFFFFFFF03
:100E0000FFFFFFFFFFFFFFFFFFFFFFFFFFFFFFFFF2
:100E1000FFFFFFFFFFFFFFFFFFFFFFFFFFFFFFFFE2
:100E2000FFFFFFFFFFFFFFFFFFFFFFFFFFFFFFFFD2
:100E3000FFFFFFFFFFFFFFFFFFFFFFFFFFFFFFFFC2
:100E4000FFFFFFFFFFFFFFFFFFFFFFFFFFFFFFFFB2
:100E5000FFFFFFFFFFFFFFFFFFFFFFFFFFFFFFFFA2
:100E6000FFFFFFFFFFFFFFFFFFFFFFFFFFFFFFFF92
:100E7000FFFFFFFFFFFFFFFFFFFFFFFFFFFFFFFF82
:100E8000FFFFFFFFFFFFFFFFFFFFFFFFFFFFFFFF72
:100E9000FFFFFFFFFFFFFFFFFFFFFFFFFFFFFFFF62
:100EA000FFFFFFFFFFFFFFFFFFFFFFFFFFFFFFFF52
:100EB000FFFFFFFFFFFFFFFFFFFFFFFFFFFFFFFF42
:100EC000FFFFFFFFFFFFFFFFFFFFFFFFFFFFFFFF32
:100ED000FFFFFFFFFFFFFFFFFFFFFFFFFFFFFFFF22
:100EE000FFFFFFFFFFFFFFFFFFFFFFFFFFFFFFFF12
:100EF000FFFFFFFFFFFFFFFFFFFFFFFFFFFFFFFF02
:100F0000FFFFFFFFFFFFFFFFFFFFFFFFFFFFFFFFF1
:100F1000FFFFFFFFFFFFFFFFFFFFFFFFFFFFFFFFE1
:100F2000FFFFFFFFFFFFFFFFFFFFFFFFFFFFFFFFD1
:100F3000FFFFFFFFFFFFFFFFFFFFFFFFFFFFFFFFC1
:100F4000FFFFFFFFFFFFFFFFFFFFFFFFFFFFFFFFB1
:100F5000FFFFFFFFFFFFFFFFFFFFFFFFFFFFFFFFA1
:100F6000FFFFFFFFFFFFFFFFFFFFFFFFFFFFFFFF91
:100F7000FFFFFFFFFFFFFFFFFFFFFFFFFFFFFFFF81
:100F8000FFFFFFFFFFFFFFFFFFFFFFFFFFFFFFFF71
:100F9000FFFFFFFFFFFFFFFFFFFFFFFFFFFFFFFF61
:100FA000FFFFFFFFFFFFFFFFFFFFFFFFFFFFFFFF51
:100FB000FFFFFFFFFFFFFFFFFFFFFFFFFFFFFFFF41
:100FC000FFFFFFFFFFFFFFFFFFFFFFFFFFFFFFFF31
:100FD000FFFFFFFFFFFFFFFFFFFFFFFFFFFFFFFF21
:100FE000FFFFFFFFFFFFFFFFFFFFFFFFFFFFFFFF11
:100FF000FFFFFFFFFFFFFFFFFFFFFFFFFFFFFFFF01
:10100000D1002043F1150060000000000000000046
:10101000201000600010006000C4016000000000AB
:101020000000006000D0010000000000FFFFFFFF93
:10103000FFFFFFFFFFFFFFFFFFFFFFFFFFFFFFFFC0
:10104000FFFFFFFFFFFFFFFFFFFFFFFFFFFFFFFFB0
:10105000FFFFFFFFFFFFFFFFFFFFFFFFFFFFFFFFA0
:10106000FFFFFFFFFFFFFFFFFFFFFFFFFFFFFFFF90
:10107000FFFFFFFFFFFFFFFFFFFFFFFFFFFFFFFF80
:10108000FFFFFFFFFFFFFFFFFFFFFFFFFFFFFFFF70
:10109000FFFFFFFFFFFFFFFFFFFFFFFFFFFFFFFF60
:1010A000FFFFFFFFFFFFFFFFFFFFFFFFFFFFFFFF50
:1010B000FFFFFFFFFFFFFFFFFFFFFFFFFFFFFFFF40
:1010C000FFFFFFFFFFFFFFFFFFFFFFFFFFFFFFFF30
:1010D000FFFFFFFFFFFFFFFFFFFFFFFFFFFFFFFF20
:1010E000FFFFFFFFFFFFFFFFFFFFFFFFFFFFFFFF10
:1010F000FFFFFFFFFFFFFFFFFFFFFFFFFFFFFFFF00
:10110000FFFFFFFFFFFFFFFFFFFFFFFFFFFFFFFFEF
:10111000FFFFFFFFFFFFFFFFFFFFFFFFFFFFFFFFDF
:10112000FFFFFFFFFFFFFFFFFFFFFFFFFFFFFFFFCF
:10113000FFFFFFFFFFFFFFFFFFFFFFFFFFFFFFFFBF
:10114000FFFFFFFFFFFFFFFFFFFFFFFFFFFFFFFFAF
:10115000FFFFFFFFFFFFFFFFFFFFFFFFFFFFFFFF9F
:10116000FFFFFFFFFFFFFFFFFFFFFFFFFFFFFFFF8F
:10117000FFFFFFFFFFFFFFFFFFFFFFFFFFFFFFFF7F
:10118000FFFFFFFFFFFFFFFFFFFFFFFFFFFFFFFF6F
:10119000FFFFFFFFFFFFFFFFFFFFFFFFFFFFFFFF5F
:1011A000FFFFFFFFFFFFFFFFFFFFFFFFFFFFFFFF4F
:1011B000FFFFFFFFFFFFFFFFFFFFFFFFFFFFFFFF3F
:1011C000FFFFFFFFFFFFFFFFFFFFFFFFFFFFFFFF2F
:1011D000FFFFFFFFFFFFFFFFFFFFFFFFFFFFFFFF1F
:1011E000FFFFFFFFFFFFFFFFFFFFFFFFFFFFFFFF0F
:1011F000FFFFFFFFFFFFFFFFFFFFFFFFFFFFFFFFFF
:10120000FFFFFFFFFFFFFFFFFFFFFFFFFFFFFFFFEE
:10121000FFFFFFFFFFFFFFFFFFFFFFFFFFFFFFFFDE
:10122000FFFFFFFFFFFFFFFFFFFFFFFFFFFFFFFFCE
:10123000FFFFFFFFFFFFFFFFFFFFFFFFFFFFFFFFBE
:10124000FFFFFFFFFFFFFFFFFFFFFFFFFFFFFFFFAE
:10125000FFFFFFFFFFFFFFFFFFFFFFFFFFFFFFFF9E
:10126000FFFFFFFFFFFFFFFFFFFFFFFFFFFFFFFF8E
:10127000FFFFFFFFFFFFFFFFFFFFFFFFFFFFFFFF7E
:10128000FFFFFFFFFFFFFFFFFFFFFFFFFFFFFFFF6E
:10129000FFFFFFFFFFFFFFFFFFFFFFFFFFFFFFFF5E
:1012A000FFFFFFFFFFFFFFFFFFFFFFFFFFFFFFFF4E
:1012B000FFFFFFFFFFFFFFFFFFFFFFFFFFFFFFFF3E
:1012C000FFFFFFFFFFFFFFFFFFFFFFFFFFFFFFFF2E
:1012D000FFFFFFFFFFFFFFFFFFFFFFFFFFFFFFFF1E
:1012E000FFFFFFFFFFFFFFFFFFFFFFFFFFFFFFFF0E
:1012F000FFFFFFFFFFFFFFFFFFFFFFFFFFFFFFFFFE
:10130000FFFFFFFFFFFFFFFFFFFFFFFFFFFFFFFFED
:10131000FFFFFFFFFFFFFFFFFFFFFFFFFFFFFFFFDD
:10132000FFFFFFFFFFFFFFFFFFFFFFFFFFFFFFFFCD
:10133000FFFFFFFFFFFFFFFFFFFFFFFFFFFFFFFFBD
:10134000FFFFFFFFFFFFFFFFFFFFFFFFFFFFFFFFAD
:10135000FFFFFFFFFFFFFFFFFFFFFFFFFFFFFFFF9D
:10136000FFFFFFFFFFFFFFFFFFFFFFFFFFFFFFFF8D
:10137000FFFFFFFFFFFFFFFFFFFFFFFFFFFFFFFF7D
:10138000FFFFFFFFFFFFFFFFFFFFFFFFFFFFFFFF6D
:10139000FFFFFFFFFFFFFFFFFFFFFFFFFFFFFFFF5D
:1013A000FFFFFFFFFFFFFFFFFFFFFFFFFFFFFFFF4D
:1013B000FFFFFFFFFFFFFFFFFFFFFFFFFFFFFFFF3D
:1013C000FFFFFFFFFFFFFFFFFFFFFFFFFFFFFFFF2D
:1013D000FFFFFFFFFFFFFFFFFFFFFFFFFFFFFFFF1D
:1013E000FFFFFFFFFFFFFFFFFFFFFFFFFFFFFFFF0D
:1013F000FFFFFFFFFFFFFFFFFFFFFFFFFFFFFFFFFD
:10140000824205D051F8043B40F8043B8242F9D8AF
:10141000704700BF044A05494FF0000342F8043BFF
:101420009142FBD8704700BFC0920020A0E400208A
:1014300008B5BFF34F8F00F09DFA544C544B082071
:101440005449C3F85401544AC3F800115348C3F82F
:10145000F0405349FFF7D4FF524A53495348FFF72E
:10146000CFFF534CFFF7D6FF4FF470004FF0E02151
:101470000023504AC1F8880D44F823200133B02BD3
:10148000FAD14D4B80214D4A03F8011B9342FBD109
:101490004FF0E0254A4E4B4A4FF0FF31C5F8084D5A
:1014A000D5F8243D43F4E023C5F8243DF36923F047
:1014B0007F0343F04003F361736A23F07F0343F03B
:1014C000400373629166D1661167516700F05AFA62
:1014D0003D4A3E4BA2636322E36300246A61032317
:1014E0003B4AAC612B61C5F8202DD5F8FC2D394B5A
:1014F00042F080723849C5F8FC2D1A6842F00102AA
:101500001A605B680B6000F00DFC344800F080FD51
:10151000F16E334B334A41F44051F1661C60C3F81D
:101520000841C3F81841C3F82841C3F83841936B08
:10153000DB0708D442F615632B4951651365936B9D
:1015400043F001039363274A284C936843F0011347
:10155000936000F0A5FA00F08DF900F06DFD00F049
:1015600013FC00F009FA2368132BFCD900F0A8FC47
:101570002368B3F5967FFBD300F002FA00F0FEF982
:1015800000F042FD00F078FD30BFFDE70C0D1113B7
:1015900000800D401B101820680B010000000000A7
:1015A000FC220060C0920020682E01600000002034
:1015B000009000205D78000000E400E0A0E400E07E
:1015C00000C00F4000C00A4071680000756800004C
:1015D00000002020001000E040E300200046C3236C
:1015E0000040084000400D400000C05644E3002089
:1015F000054B4FF42A01054A05485A641864054A08
:1016000099639546FFF714FF00C00A40BFAAAAAA33
:10161000070020000080062038B51020002400F0CC
:101620001FFD0546112000F01BFD60F3070412208A
:1016300000F016FD012D60F30F2400D938BDA4B2CF
:10164000002CFBD0024A034B15701C8038BD00BF34
:10165000DB8C0020D28C00202DE9F04FDFF8A89120
:1016600091B06348962700F00BFDDFF8A0810022BF
:1016700099F800105F4802AD98F8003009AC08AE48
:10168000CDE9001011465A4800F0E6FC584800F039
:10169000EFFCDFF87CE1DFF87CC1BEE80F000FC58E
:1016A0009EE8070003C52A70BCE80F000FC49CE841
:1016B000070003C422700DF107040DF12305642017
:1016C00000F0B2FC04284FF00001494884BF01211A
:1016D000474800F0A1FC14F8011F15F8012F4448F9
:1016E00000F0D2FCB442EAD1414800F0C1FC0A202B
:1016F00000F09EFC013FDED101213D4800F08CFC52
:101700003B4800F0BDFC3C4C99F800003A4698F884
:10171000003039466FF00106384F4FF0000BCDE92D
:101720000004334800F098FC314800F0A1FC344A32
:1017300008212F48B2F86430B3F1780448BFA3F110
:101740007704B2F866300091C4F34704A3F10E02A7
:10175000A3F10C057823D2B2214604F1020900F06E
:101760005FFC2348EDB200F083FC361B5FFA89F979
:10177000D7F800803B68A3EB0803B3F5FA6F12D2E9
:10178000742202FB03FA1F4BA3FB0A3ACAF3C71ADF
:10179000DA450AD8052000F04BFC3B68A3EB0803B0
:1017A000B3F5FA6FECD34FF0740A09EB0B04214642
:1017B000013404232A46A4B20D4800F049FC331931
:1017C000DBB29A45F3D80BF10103AAEB0B020848F0
:1017D000DBB2013A534588BF002213445FFA83FB12
:1017E00000F046FCBBF1740FC4D111B0BDE8F08F1E
:1017F0005CE30020400800204004002044E3002077
:1018000054E30020D34D6210D48C0020D58C0020EE
:10181000AC1200201004002070B52DED048B9FED5C
:10182000109B9FED118B0023114D012441F2010605
:1018300045F8043B07EE904A0134B8EEE70B20EE82
:10184000090B20EE080B00F0FFFBB442B7EEC00B13
:10185000A5EC010AEED1BDEC048B70BDAFF30080A6
:10186000182D4454FB21F93F000000000000303FD8
:1018700070A100200F4B40F2376C0F4AA020D96EA8
:1018800041F44031D966D96E41F44071D966C2F84D
:1018900044C09064936C1B06FCD4084A40F2376144
:1018A000A02351649364936C13F08003FBD1044A2A
:1018B0001370704700C00F4000400C4000800C4087
:1018C00055E40020294A00210123C2F8A000C2F8F3
:1018D000A410C2F8B0305369D907FCD501234FF4E6
:1018E000803C22495361C2F8A000C2F8A4C0C2F8EB
:1018F000B0304B69DB07FCD501234FF4003C1B4A99
:101900004B61C1F8A000C1F8A4C0C1F8B030536960
:10191000D907FCD50123DFF858C014495361C2F838
:10192000A000C2F8A4C0C2F8B0304B69DB07FCD5F8
:10193000D1F8003145F60D504FF0210C9AB2C1F8A4
:1019400014C0824210D045F69D518A420AD1C3F399
:101950004253032B08D0A3F10403B3FA83F35B09CA
:1019600018017047002070470820704700402A4047
:1019700004000300704700BF704700BF704700BFFE
:1019800000BF70474FF0E02300214FF0100C3448A7
:10199000C3F8941DC3F89CCD4FF0110CC3F8A00DF3
:1019A0003048C3F89CCD4FF0120CC3F8A00D2E4860
:1019B000C3F89CCD2D4AC3F8A00DDFF8D0C042F08B
:1019C00015022B48C3F89CCDC3F8A00DDFF8C0C0AA
:1019D0002848C3F89CCDC3F8A00DDFF8B8C0C3F801
:1019E0009C2D2548254AC3F8A0CDC3F89C0DC3F80B
:1019F000A02D02F5A022DFF8A0C00C322048C3F8C9
:101A00009CCDC3F8A02D1F4AC3F89C0DC3F8A02D90
:101A100002F14062DFF884C002321B48C3F89CCD5B
:101A2000C3F8A02D0A32C3F89C0DC3F8A02D00BF47
:101A300000BF00BF00BF00BF0122C3F8942DBFF359
:101A40004F8FBFF36F8FC3F8501FBFF34F8FBFF39C
:101A50006F8FD3F8142D42F44032C3F8142D704721
:101A60003F0000102500080709001000A0E4002036
:101A700021000207250008131600202027000B1361
:101A8000180000602F000B071A00008013002000D0
:101A90001400002009000010170000401900007019
:101AA00030B5864B85B0DFF874E21822844D0120F2
:101AB000C3F85CE28349C3F86052A5F58055DFF8AE
:101AC00060C2814CC3F864E2C3F868522125C3F8B0
:101AD0006CC2C3F870C2C3F874C2C3F878C248F2CB
:101AE0000C7CDA661A675A679A67DA67C3F880204F
:101AF000C3F88420C3F88820C1F82C03734AC1F8C6
:101B00003003C1F83403C1F83803C1F83C03C1F80D
:101B10005003A1696E4B0A406E486F4913436F4AE8
:101B2000A361D4F8843043F00C03C4F884304FF040
:101B3000FF34036843F002030360036803EA0C0305
:101B40001A43674B026044608A68664C1340664AD9
:101B500043F000538360C36823F07803C360036AD3
:101B600023401A43604B0262026A22405F4C1343D7
:101B7000002243628462C46240F20564D1F8B83046
:101B800023F03F0343F00103C0F8B830D1F8BC3074
:101B9000574923F03F0343F00103C0F8BC30026112
:101BA0000567C0F880404567C0F884400224036898
:101BB00023F00203036081614E4B4F49C46143F837
:101BC000042B8B42FBD1434C236843F00103236079
:101BD000256815F00105FBD14548022240F2F56168
:101BE000A06140F29940E26140F26642C4F80012FE
:101BF00042F20141C4F81022404AC4F82002C4F85D
:101C0000302240F23542C4F834123D48C4F8402234
:101C10003C4AC4F850022846C4F8542242F2012239
:101C20003949C4F86012C4F86422FFF74BFE02463B
:101C3000002839D0810201234FF4802021662549F4
:101C4000C4F8A050C4F8A400C4F8B0304B69D80759
:101C5000FCD515050124039228464C61FFF732FE9E
:101C6000039A2A4B0244D2B21A7080B119498002F9
:101C70004FF4802348660846C1F8A050C1F8A4304C
:101C8000C1F8B0404369DB07FCD50123436120491B
:101C90000024204801230094401A00EB02521E4801
:101CA00000F0E2F905B030BD1B4B18491860087010
:101CB000D860C3E9010005B030BD00BF00801F40FF
:101CC000F910010000841F4000C00F40FFFCFF1FFF
:101CD0000003008000402A4000802A401200FFFFDD
:101CE000FF37F70000FFF07C40000080FF000F830B
:101CF000F05AF05A00422A4000432A409F0418300C
:101D0000EB06180A063201263806180A56E40020A7
:101D10000000007000000070849E0020F9B00100F7
:101D2000F970010010B5174A4FF480544FF4005E6B
:101D30004FF4404C4FF4803043F24201136913F0EA
:101D4000020F0DD113F4005F0FD013F4805F0FD09A
:101D5000002BF3DA13F4803F0CD15B060ED510BDD7
:101D6000C2F818C050619161E8E7C2F814E0E5E7F5
:101D70005461E3E74FF480339361DFE7402353611D
:101D8000DCE700BF00800D40414A03204149F3EEEB
:101D9000095AD2F880309FED406A23F001039FED8D
:101DA0003F5ADFF814C100B5C2F88030C2F8900085
:101DB000D1F8E010DFF804E1CBB23948CEF80030BA
:101DC00007EE903A0B0DC1F30B21F8EEE77A06EE21
:101DD000903A07EE101A334BB8EEC77ACCF80010E1
:101DE000F8EEE66A304937EEC66A37EEC55A76EE47
:101DF000C76A77EEE57A26EE266AC3ED006A25EE1D
:101E0000265AD2F8803067EEA64AC0ED007AC6EEB8
:101E1000275A264885EE276AC4EEA76A75EE875AC8
:101E2000FCEEE55A36EE076A15EE90CABCEEC66ABD
:101E300043EA0C5376EE877AC2F8803016EE103AF9
:101E4000D2F890C1FCEEE77A01EA034141EA0C01C5
:101E50004FF0000C17EE903AC2F89011C3F30B0349
:101E6000D2F890110B431249C2F89031D2F8803069
:101E700043F00203C2F880300E4B80F840C0C1F836
:101E800040314FF0E0230122C3F8082100BD00BF1C
:101E900000810D4000441F400000AA420000B442EF
:101EA000C0A00020C4A000200000FF0F00E400E05C
:101EB000009000203D7A0000B8A00020BCA00020C7
:101EC000314B40F6617210B5C3F8202140F2044452
:101ED00000F0B6F82D4A2E49D2F880302D4843F054
:101EE0000303C2F880302C4BC1F8604102681A42EB
:101EF00003D1D1F8A8319A071BD0254A4FF00041F1
:101F0000244B5963D2F8403143F00203C2F8403108
:101F1000D2F840319B07FBD44FF400304FF0E02162
:101F20001C4B4FF00042C1F88C0219209A6300F05C
:101F30007FF8184B0021164C4FF080420A209A631C
:101F40004FF420721960C4F8A801144800F0A0F8FA
:101F50004FF4800203464FF4810040F243111860B1
:101F6000C4F858311A640E4B0E4AC4F84811C3F82D
:101F700004224FF0E0224FF400310123C2F80C118B
:101F8000C4F8403110BD00BF00800D4000C00F40BC
:101F900000002E4000900D40001C1E00000000209C
:101FA00000900020417C000008B50E4B1B6E9B0783
:101FB00000D4FBBE72B60C4B00200C4AC3F84001A3
:101FC00003F160430A49A3F55F2311649D46BFF303
:101FD0004F8F4FF40013074A0748DB6902609B6884
:101FE000984700BF00441F4000002E4000C00A4038
:101FF00003002000000012EB00802020F8B500BF95
:10200000F8BC08BC9E4670475FF800F001AF0000C6
:102010005FF800F0996C00005FF800F0595F000075
:102020005FF800F0755500005FF800F0756B000078
:102030005FF800F0AD6F00005FF800F0D98C000091
:102040005FF800F0AD8300005FF800F0C18E000083
:102050005FF800F0095F00005FF800F01D55000018
:102060005FF800F0ED7100005FF800F03D8E0000B9
:102070005FF800F0695600005FF800F0A9760000F4
:102080005FF800F0515600005FF800F01D5F00009F
:102090005FF800F029AD000005010000614C000070
:0420A000D56A0000FD
:1020A4006CC00F40030000000E0D0000954D0000B1
:1020B4002A36000014000000130000000100000094
:1020C400F4841F402B3200001400000013000000B1
:1020D40001000000F8841F402D31000014000000AE
:1020E4001300000001000000F0841F402CFFFF00DB
:1020F40014000000000000000000000001000000C7
:1021040000000000EC841F400000000000000000FC
:102114006CC00F4030000000100F0000954D00000F
:102124000127000017000000120000000001000059
:1021340014851F401AFF0000120000000000000078
:102144000100000018851F401BFF00001200000062
:10215400000000000100000010851F400026FF0061
:102164001700000012000000000000000101000040
:10217400010000000C851F400C851F40000000007A
:102184006CC00F40C0000000504F0000694E0000BA
:102194000CFF00001300000000000000000000001D
:1021A40024851F400BFF0000130000000000000006
:1021B4000000000028851F400DFF000013000000F0
:1021C400000000000000000020851F400A252400B4
:1021D40013000000120000001200000001020300BE
:1021E40000000000000000000000000000000000EB
:1021F400160355005300420020005300650072008E
:10220400690061006C00000018035400650065005B
:102214006E00730079006400750069006E006F0041
:102224000403090409026200030100C032080B0020
:102234000202020100090400000102020100052457
:1022440000100105240101010424020605240600EE
:10225400010705820310001009040100020A0000AE
:10226400000705030240000007058402400000093E
:1022740004020002FF6AFF00070581024000010713
:10228400050102400001000009026200030100C0D0
:1022940032080B00020202010009040000010202DC
:1022A4000100052400100105240101010424020693
:1022B4000524060001070582031000050904010036
:1022C400020A000000070503020002000705840259
:1022D4000002000904020002FF6AC7000705810228
:1022E4000002010705010200020100000A060002C3
:0822F400EF02014001000000AF
:1022FC0000000000000000000000000000000000D2
:10230C0000000000000000000000000000000000C1
:10231C00F8B54FF084439D695A6915400DD0254F8F
:10232C0001269D6195FAA5F4B4FA84F457F824308B
:10233C0006FA04F49847A543F4D11F4B9D695A69DA
:10234C0015400DD01D4F01269D6195FAA5F4B4FAE8
:10235C0084F457F8243006FA04F49847A543F4D1D2
:10236C00174B9D695A6915400DD0164F01269D617A
:10237C0095FAA5F4B4FA84F457F8243006FA04F468
:10238C009847A543F4D1104B9D695A6915400DD05F
:10239C000E4F01269D6195FAA5F4B4FA84F457F812
:1023AC00243006FA04F49847A543F4D1BFF34F8FB9
:1023BC00F8BD00BF688A002000400042E88A002077
:1023CC0000800042688B002000C00042E88B002097
:1023DC000548064B1B1AD90F01EBA301491002D07B
:1023EC00034B03B118477047C0920020C0920020E5
:1023FC000000000008B5054B1BB105490548AFF3BB
:10240C000080BDE80840FFF7E3BF00BF00000000FC
:10241C00409F002000D0016000207047704700BF33
:10242C000A2910B4837C2FD00D2921D0427C90F83E
:10243C000CC094450FD990F80DC09C4513D9046A73
:10244C0054F823309954427C017B0132837CD2B204
:10245C009142427412D80133427B0021DBB24174A9
:10246C00934283740DD300238374012010BC7047F6
:10247C0000210A464174017B9142ECD9427B934284
:10248C00F1D2012010BC704701330021DBB20A46A7
:10249C0041748374EFE700BF10B5044600230A4A69
:1024AC004FF48070A1600121A08204F124002177F7
:1024BC001946A3612362C4E90023C4E90333402213
:1024CC000AF0AAFD204610BDE00C0020F8B5044629
:1024DC008068414B2173627303F16006B0F864505D
:1024EC00B0F86670B5FBF1F5B7FBF2F7EDB23B490E
:1024FC00FFB21A79AA4203D85A79BA4298BF19681E
:10250C0008339E42F5D1083005F0ACFDA168627B22
:10251C0091F89D00236A1746A07391F89E00E07312
:10252C0091F9AE1021747BB1002A42D0002553F8EA
:10253C00250018B107F0D4FA627B236A01351746DF
:10254C00AA42F4DC002B34D1B80007F0C7FA0646D7
:10255C002062002F38D000252F4600E0266A207B11
:10256C00013007F0BBFA202146F82500227B0AF047
:10257C0053FD226A237B52F825200135D754637B07
:10258C00AB42EBDC4FF0000204F11106A4F8112071
:10259C005BB10025236A2021227B53F825000135ED
:1025AC000AF03AFD637B9D42F4DB4FF0000333806D
:1025BC00F8BD184607F094FA677BB80007F08EFA5E
:1025CC0006462062002FC6D104F111064FF000031D
:1025DC00A4F811703380F8BDC002002090240020B4
:1025EC0038B5437B05465BB100242B6A20212A7B3E
:1025FC0053F8240001340AF00FFD6B7BA342F4DC8A
:10260C004FF00003A5F8113038BD00BF4FF00003A8
:10261C00A0F81130704700BF037B03F1FF3C5FFA59
:10262C008CFC8B4288BF8C46417B4B1E80F811C0C2
:10263C00DBB2914288BF13468374704700228368D3
:10264C000121427503F1080006F0DCB90122836810
:10265C000021427503F1080006F0D4B90023C374BD
:10266C00704700BF034A01231268C3740377826169
:10267C00704700BF44E300202DE9F04F447B8DB040
:10268C0090F91020836812FB04F1B3F8649089B2BE
:10269C00B3F86630994280F0EF805B1A611C93FBB3
:1026AC00F1F30893774985690B685B1BB3F5FA7FE7
:1026BC0005D90B688361037F83F001030377002C3A
:1026CC0000F0CD80074600F124030024089D3E7BDA
:1026DC00C8460693002E00F08B80386A013E4FF0FE
:1026EC00FF3B50F8241001EB0B030E44C1F1010E1B
:1026FC0003EB0E0113F801CFBCF1200F18BF8B4672
:10270C009E42F5D10BF10106BB7B13FB06F189B29E
:10271C00414580F0A180B8EB010148BF013149105F
:10272C00079112FB045A1FFA8AF10391002E50D024
:10273C00A10009940026079C0491CDE90A851D4649
:10274C000DE003980244B86892B2083005F044FCDE
:10275C005E453BDA0136BD7B97F91020386A049B45
:10276C0015FB0645C358A9B29B5D072BE9D8082A6F
:10277C006FDD52100398043A02441FFA82F909F1F2
:10278C000808069A05944C4602EBC30A1FFA88F90E
:10279C0001F10708072501E0013D0ED39AF800303E
:1027AC002B41DB07F8D5A8EB0501B868224689B2A6
:1027BC00083005F02BFD013DF0D2621C0AF1010A34
:1027CC0094B24C45E6D15E45059CC3DB0B9DDDE91F
:1027DC000948BB7CA34218D001347B7B089AA342E6
:1027EC0015443CDD3E7B97F91020002E7FF475AF2D
:1027FC0012FB04539BB20393B8F1000F3FD04FEA86
:10280C0058030793BB7CA342E6D1BB7B7E7C079924
:10281C00FA7C06FB0316B6B222BB3B7D002BDBD049
:10282C003B7F002BD8D0B8680221083005F00CFD96
:10283C0097F910303146039A9BB20093B868BB7B72
:10284C00083004F0E9FFB8680121083005F0FCFC01
:10285C00C2E7DDF80C9092E70021079161E70DB01B
:10286C00BDE8F08F0399FA7BB8680A44314608300A
:10287C0092B205F0B7FCD0E70023089312E7CDF82D
:10288C001C80A6E744E30020437D03B9704710B5D4
:10289C0004468068083005F053F82046FFF7ECFE3C
:1028AC00A068BDE81040083005F056B8036818471A
:1028BC000B680360704700BF0B680360704700BF74
:1028CC00704700BF0846114608F05CBA38B5D0F81E
:1028DC00B4300446083098474FF6FD73984201D93E
:1028EC00012038BD0346B4F8BA20B4F8B81004F18E
:1028FC00080005F071FB94F89030032BF0D8DFE85A
:10290C0003F0140E0802B4F8BA301B1AA4F8BA304B
:10291C00E6E7B4F8B8301B1AA4F8B830E0E7B4F81E
:10292C00BA301844A4F8BA00DAE7B4F8B83018444E
:10293C00A4F8B800D4E700BF08F0BAB900B583B06A
:10294C00019006F0FDF9019803B000BD38B50546BD
:10295C000AF0EEFC441E2C44A5420AD2234601E0A8
:10296C00AB4220D01C4618780AF054F9631E00289C
:10297C00F6D1002363702878A0B12C4602E014F83D
:10298C00010F18B10AF046F90028F8D1A54209D078
:10299C0020460AF0CDFC2146421C2846BDE83840B2
:1029AC000AF0A8BA38BD2C46E3E700BF2DE9F04F7A
:1029BC00057983B00F46002D4CD12A4E34689AB15C
:1029CC00814688460192D9F80000274A03681B69A2
:1029DC00934229D108F06CF948B933681B1B642B5E
:1029EC002BD8019BAB42EED803B0BDE8F08F019B16
:1029FC000024D9F800A0A3EB050B3768834528BF4A
:102A0C00834605E03368DAF80820DB1B93420DD2CD
:102A1C002819ABEB0401404408F0BAF80444A34570
:102A2C00F0D825443468DCE79847D5E74FF001032C
:102A3C00254434688AF80C30D3E7019A474601469E
:102A4C00521B78190AF0E8FA012389F8043003B014
:102A5C00BDE8F08F0021384603B0BDE8F04F0AF016
:102A6C00DBBA00BF44E30020490600002DE9F04723
:102A7C00002A4BD00D46044601EB02090026DFF874
:102A8C00948000F108074FF6FD7A03E00120A94578
:102A9C00064420D02368384615F8011B1B684345B3
:102AAC0014D1D4F8B43098475045EFD80346B4F855
:102ABC00BA20B4F8B810384605F08EFA94F8903075
:102ACC00032BE3D8DFE803F01C16100A20469847C6
:102ADC00A9450644DED13046BDE8F087B4F8BA30DB
:102AEC001B1AA4F8BA30D1E7B4F8B8301B1AA4F802
:102AFC00B830CBE7B4F8BA301844A4F8BA00C5E73C
:102B0C00B4F8B8301844A4F8B800BFE716463046FD
:102B1C00BDE8F087DD050000344B01281B6835D07B
:102B2C00022829D000283DD1B1FBF3F2D00703FBDA
:102B3C00121150D40903B1FBF3F0B0F5805F51D200
:102B4C0003FB1011DFF8ACC0294B07EE901ADCED3B
:102B5C00006A03EB8001F8EE677A91ED000A87EECC
:102B6C00A67AD1ED017A77EEC07AA7EE270A012A70
:102B7C0027D9B1EE400A7047F7EE007AB1EB430F5C
:102B8C00BFEE000A38BFB0EE670A70478B4219D30C
:102B9C0007EE901A174BF8EEE77A93ED007A87EE72
:102BAC00870A7047144B154A1B6892ED007AC3F1E3
:102BBC00010303EB410307EE903AF8EEE77A87EE58
:102BCC00870A704703EB43028A422CBFC1EB4301D7
:102BDC00A1EB8301DCE7591A0903B1FBF3F0B0F563
:102BEC00805FADD3B7EE000AC1E700BFAC8C00200C
:102BFC0070A10020B08C0020A88C0020B48C002088
:102C0C0093490346F0B50A5C83B0002A58D002F011
:102C1C00FF0001285FD08F4850F82320002A00F0D5
:102C2C00FB808D49541E51F82310914240F2C9800B
:102C3C0007EE902A894A9E0002EB8302B8EE676A7F
:102C4C00D2ED007A40F8234026EE276AB5EEC06A32
:102C5C00834A52F82310F1EE10FA40F2D180F7EECD
:102C6C00007A804CC3EBC300DF00B4EEE76A04EBE0
:102C7C00800C14F82000F1EE10FA43DA0428DCED95
:102C8C00065A09D09CED045ACDE90032FFF744FFF7
:102C9C00E5EE005ADDE90032F91A04EB8104D4EDBB
:102CAC00017A6188E6EE257AF8FE677AFDEEE77A1E
:102CBC0017EE900A0144002941DA0020044643E053
:102CCC006448694C50F8232054F82340944200F295
:102CDC0087800122CA54654A52F82300002860D12B
:102CEC00634850F82310B7EE006A5D4A9E0001312C
:102CFC005C4CDF0040F82310C3EBC30052F82310E8
:102D0C0014F82000042800F09D80A7EB030C01921E
:102D1C00009304EB8C04FFF7FFFED4ED045AD4EDC2
:102D2C00037A2189E5EE807AF8FE677AFDEEE77A80
:102D3C0017EE903A19440029DDE90032BDDBB1F5FC
:102D4C00803F65DA8CB208464A49DFF844E13144E9
:102D5C00DFF840C181ED006A474921F8134047492B
:102D6C0031F81310091B464C18BF0121E1545EF8D1
:102D7C002310014443484EF823105CF823100068DC
:102D8C0001314CF8231052F82310013142F8231072
:102D9C0052F82310814202D1002142F8231003B0D3
:102DAC00F0BD334850F8234052F82320944298D376
:102DBC000224294A2748CC5452F8232040F82320D7
:102DCC002AE740F82340C3EBC300254AB7EE006A5C
:102DDC00244CDF0052F823109E0014F8200091E7D9
:102DEC00294907EE902A01329E0001EB8301B8EECF
:102DFC00676AD1ED007A40F8232026EE276A25E792
:102E0C00C3EBC300174901EB80014C8820469BE7BC
:102E1C004FF6FF70044697E7C3EBC3041149174AFA
:102E2C0001EB8401144832F813204988144C8A1A97
:102E3C0020F8131015494FF0010018BF0122C85497
:102E4C00E254ACE7F91A04EB81018C8A20467BE74B
:102E5C006CA000205CA00020789F0020689F0020C0
:102E6C0028A00020CC990020A89F002048A000207A
:102E7C00A49E0020949E00205C9E0020549E002066
:102E8C0010950020A88C0020989F002074E1002051
:102E9C00CCA00020DCA0002010B483B00B46CDE900
:102EAC000012C27C002A30D072B6C27CD40708D57E
:102EBC004FF0E02C4469DCF8801121408162CCF8A1
:102ECC008011910708D54FF0E02C8469DCF884114F
:102EDC002140C162CCF88411540708D54FF0E02C86
:102EEC00C469DCF8881121400163CCF88811110702
:102EFC0008D54FF0E02C046ADCF88C1121404163BA
:102F0C00CCF88C11D2063AD462B68268934240D087
:102F1C00234A836092692349C2F3011CC2F3826283
:102F2C0051F82CC00132BCFBF2F103B38B4232D806
:102F3C00B1FBF3F2B1FBF2F18B422ED3B2F5817FF0
:102F4C001BD2022A27D9023A530803EB032342EA85
:102F5C000323C36002680321002010615162012128
:102F6C001364019B1366116103B010BC7047944548
:102F7C00EFD34A1CB2F5817FE3D30B4BE9E74FF05B
:102F8C00E021446AD1F8902122408263C1F890215B
:102F9C00BAE7C368DEE70023DBE71146E9E700BFC9
:102FAC0000C00F40400D0020FF7F7F000EB400B525
:102FBC0082B0083003AA52F8041B019205F024FBDE
:102FCC0002B05DF804EB03B0704700BFA2B32DE96B
:102FDC00F04115460E460746826800F10C0810E0D9
:102FEC00C2F58074314608EB0200AC4228BF2C4677
:102FFC002246264406F0D8FCBA682D1B2244BA603F
:10300C0014D0B2F5807FEBD1D7F800C011460B4C31
:10301C004046DCF800305B68A34209D107F0B2FEF1
:10302C000023BB6007F0DCFEBA68D9E7BDE8F0818D
:10303C00604641469847F3E7704700BFD50500004E
:10304C0070B51E4C05461E480E46FFF707FB1C4884
:10305C00FFF7C6FA2022294620460AF021F8002262
:10306C00237884F8202013B12046FFF76FFC134817
:10307C000AF05EF911490246114805F0BFFE012223
:10308C0000210F48FFF7C8FA202231460B480AF0FE
:10309C0007F80022237884F8202013B10748FFF7A3
:1030AC0055FC06480AF044F904490246044805F068
:1030BC00A5FE0348BDE87040FFF7E6BB689600200C
:1030CC00C49E002008B5264B264A1878117890B17A
:1030DC0025484FF0000C83F800C0244B00681860A2
:1030EC00002934D1224B1A7822B1224A127802F0EC
:1030FC00FF0CF2B108BD0029F4D11F4B1B78002B3B
:10310C00F0D019494FF47A70DFF860C01B4B096896
:10311C00DCF800C01B88A1EB0C0100FB03F3994207
:10312C00E0D30821164805F077FC01230D4A1370F3
:10313C00D8E701221021104883F800C006F088FB64
:10314C00022211210D48BDE8084006F081BB802108
:10315C000B4805F061FC4FF00003024A1370C1E705
:10316C005EE400205DE4002044E30020B89E0020D3
:10317C005FE4002062E40020DB8C0020D28C002075
:10318C005CE30020464A2DE9F84F5078137891788B
:10319C000344D2780B44134413F0FF034AD04FF48A
:1031AC00347140F67A523F4801FB13223E4B1968AA
:1031BC0043685B1A9A42FBD8394C4FF480223B4B44
:1031CC00DFF80C8104F10409394D3A4F3A4EDFF81F
:1031DC00FCA0C3F8842014F8013B6BBB4C4508F1F0
:1031EC00010805F1020507F1020706F10206F2D10A
:1031FC002D4B40F6A6642B491A684B682F489B1A36
:10320C00A3428CBF0123002303703ED92C490B68C9
:10321C0001330B60234841F2931143689B1A8B4294
:10322C00FBD901211C2006F08FF8204B4FF4802293
:10323C00C3F88820BDE8F88F2B88B6F900209B18BE
:10324C0020D4B3F5803F4FEA132225DA4FF0005B10
:10325C001C491D48C1F888B08AF801208AF8023050
:10326C001A4A98F8003011468AF80030032304F00B
:10327C00F7F82B881349C1F884B03B80002304F87D
:10328C00013CABE700231A46E0E74B6841F294118E
:10329C009B1A8B42BED9B9E7FF231A46D6E700BF6B
:1032AC0010950020001000E04CE30020008000424C
:1032BC005C9E0020549E0020C499002051E4002004
:1032CC00C09E00200040004214870020509E002029
:1032DC009C0C0020F8B50446234B244A4FF4802064
:1032EC0033F914300E46C2F884005B1836D4B3F5AB
:1032FC00803F36DA180A1E4A4FF000571D4D115DFB
:10330C001D4AC5F8887011701146507093700323D4
:10331C001A4804F0A5F81A4BC5F884700025194A10
:10332C0023F814601849194B48681555C8241A68B5
:10333C00174B120C04FB02F25208A3FB0232120AC6
:10334C004B681B1A9A42FBD801211C2005F0FCFF8C
:10335C00064B4FF48022C3F88820F8BD0023184692
:10336C00C9E7FF231846C6E7C49900200080004235
:10337C009C0C002000400042509E0020148700202E
:10338C00549E002010950020001000E010870020B3
:10339C00112397082DE9F0412A4B04462A4A4FF491
:1033AC00802033F914300F46C2F884005B1843D4E4
:1033BC00B3F5803F43DA190A244A4FF00056244DE6
:1033CC0012F80480234AC5F88860234851701146CE
:1033DC009370032382F8008004F042F8C4EBC4011C
:1033EC001E4BC5F8846008F1080803EB8103C5F88F
:1033FC0088601B495B78174ACB5C82F800804FF0E1
:10340C000008114693701448032382F8018004F0DD
:10341C0027F8144A0121144B1C20C5F8846022F8AB
:10342C00147003F8048005F08FFF074B4FF48022D3
:10343C00C3F88820BDE8F08100231946BCE7FF23C0
:10344C001946B9E7C4990020008000429C0C00206A
:10345C0000400042509E002014870020CC99002090
:10346C00500C0020549E0020109500201D4B4FF452
:10347C00802CC3F884C0A3F580434FF0005CC3F8E4
:10348C0088C0194B1B685866D86D10F4F81FFBD018
:10349C00586F5966D96D11F4F81FFBD0596F5A66E5
:1034AC00DA6D12F4F81FFBD05B6F4FF000500F4A2F
:1034BC004FF0C80C0E4B0F49C2F8840048681A68CC
:1034CC000D4B120C0CFB02F25208A3FB0232120A37
:1034DC004B681B1A9A42FBD8024B4FF48022C3F85C
:1034EC008820704700800042148700200040004272
:1034FC0010870020001000E011239708184B194981
:10350C001B680968184A8B42126824D2501E9C46CC
:10351C006344DFF864C08B42CCF80000DFF85CC079
:10352C002CBF5B1A02F1FF321049CCF80030032398
:10353C00DFF84CC00968CCF80020DFF848C0086000
:10354C008B600B48DCF804C00A4BC0F800C00120AB
:10355C000A6018707047A3EB010C1046D8E700BF47
:10356C00689E0020588A0020A48C0020C8A000204F
:10357C004CE3002062E400204C9E0020649E00205E
:10358C003C9F0020001000E0234B1B78042B0FD92C
:10359C00062B06D9073B032B3AD8DFE803F020189B
:1035AC0014101E4A053B1E4852F82310FFF748BD65
:1035BC001A4A013B1B4852F82310FFF741BD1A4928
:1035CC001A48FFF73DBD1A491A48FFF739BD1A4A88
:1035DC001A4B12781A4853F82210FFF731BD1949CB
:1035EC004FF0640C184B08681121184A00B5A3FB66
:1035FC0000E383B05B090CFB13000090144809F046
:10360C0001FC1349134803B05DF804EBFFF718BD38
:10361C0011491248FFF714BDD88C0020200D002052
:10362C009013002080130020EC13002000140020C5
:10363C00D0130020E0130020DB8C0020400C002075
:10364C00C01300205C8A00201F85EB51A4130020BE
:10365C00A0960020B4130020081400200C140020A5
:10366C00974B4FF0FF31974A10B51B7884B0127806
:10367C00954C0B440A44DBB22160092A00F21D81EF
:10368C00DFE802F01123A24C772A333C45058F4A20
:10369C008F4913448F481B7951F8231004B0BDE8AF
:1036AC001040FFF7CDBC8C4AD25C002A00F0BB80E6
:1036BC008A4AD25C002A40F0B6808949CB5C022B46
:1036CC0000F0B18001228749AFE08749874ACB5C83
:1036DC00874852F82310E1E7864A52F82300002865
:1036EC0040F0D08084498548D8E7854A52F82300B9
:1036FC00002840F0B28083498348CFE7834A52F8D0
:10370C002300002840F094807E498148C6E76F4929
:10371C006F4ACB5C7F4852F82310BFE77E4841F2DA
:10372C0088317E4A50F8233083EAE370002BA0EBFB
:10373C00E3700144A2FB01024FEA523280F2B980DD
:10374C0042F20F73994240F2B480754B754C642170
:10375C007548A4FB02C40290640901FB14201121DA
:10376C00724ACDE90040724809F04CFB704971482F
:10377C0094E7714841F28831684A50F8233083EA63
:10378C00E370002BA0EBE3700144A2FB01024FEAB3
:10379C00523280F28C8042F20F73994240F2878051
:1037AC005F4B604C64216048A4FB02C40290640926
:1037BC0001FB142011215D4ACDE900405C4809F061
:1037CC0021FB5B495D4869E75D49474A51F8231085
:1037DC00D25C41F2883381EAE174042A4F4AA4EBAB
:1037EC00E17408BF5048234418BF56480029A2FB77
:1037FC0003424FEA52325EDA42F20F718B425AD9CF
:10380C00474B484C64210290A4FB0204640901FB61
:10381C0014201121454ACDE90040454809F0F2FA3F
:10382C00434949483AE7002248494948226035E76C
:10383C003C4A3230394B42F21074A2FB0020112169
:10384C00444A4009A3FB00C35B0B04FB130000902C
:10385C00414809F0D7FA404957E7324A32302F4BEA
:10386C0042F21074A2FB002011213A4A4009A3FB3A
:10387C0000C35B0B04FB13000090374809F0C2FA3D
:10388C00354939E7274A3230244B42F21074A2FBF7
:10389C00002011212F4A4009A3FB00C35B0B04FB42
:1038AC00130000902C4809F0ADFA2B491BE72B4B69
:1038BC0077E72A4B4AE7294BA3E729492948EDE644
:1038CC00D88C0020D78C0020B88C00202C9600209F
:1038DC00400C00203015002058A0002074E100207E
:1038EC006CA000201C14002044E40020540C002088
:1038FC007414002038A000204C140020E014002088
:10390C00889F002058140020F4140020589F002099
:10391C00081500201C1500202C9F00205917B7D12A
:10392C00481400201F85EB513C1400208814002003
:10393C0054960020AC14002078A00020C014002065
:10394C003C9A002040140020981400202C140020D5
:10395C0060140020D41400208C9600207C150020CC
:10396C0008140020441500200C4B1B78012B11D09F
:10397C00022B03D00A490B48FFF762BB0A4B0B49D9
:10398C001B780B4A053B0B48DBB2CB5C52F823107F
:10399C00FFF756BB02490848FFF752BBD98C0020F1
:1039AC000814002044150020D88C002034960020E8
:1039BC006C0C00205815002060140020274B1B684D
:1039CC00022B1DD0032B0FD0012B18D10021244A20
:1039DC00884211701FDB05D022490A780B2A2FD0A0
:1039EC0002440A70FFF7D0BD002822DB05D01E4A26
:1039FC001378032B26D003441370FFF7B5BF704721
:103A0C0000280FDB05D0194A13780B2B1DD003446B
:103A1C001370FFF725BE134A1378012B18D00344FB
:103A2C001370DFE7114A1378012BF0D10B231370BD
:103A3C00EFE70D490A78012A0DD002440A70DCE741
:103A4C000B70CFE701231370D7E701231370E0E766
:103A5C000B231370C6E70B70CFE700BFB49E00209A
:103A6C006BE40020D88C0020D98C0020D78C00204F
:103A7C0070B504460D461748002116460122FEF784
:103A8C00CBFD10221449134805F0B8F9012200218E
:103A9C001048FEF7C1FD3CB1204609F049FC214617
:103AAC0002460C4805F0AAF90A4801222946FEF7FD
:103ABC00B3FD084836B1FEF7D5FD0648BDE87040A9
:103ACC00FEF7E2BEFEF7CAFD0248BDE87040FEF705
:103ADC00DBBE00BFC49E00206C1500202DE9F04F0A
:103AEC0095B09946A54F06469DF8783009F1FF34FC
:103AFC000A929DF87C204B4464B209910592524283
:103B0C00DDB23B6852B2D7F8008003930792C20F24
:103B1C003B68049280EAE072A3EB0803A2EBE0722C
:103B2C00312B02920CD8234644469846242005F0AB
:103B3C002DFC00B93C683B681B1B312BF6D9444665
:103B4C006B1E4FF0010A24200B96DAB208934FFA41
:103B5C0083F8CDF804A0069205F018FC01285ED17C
:103B6C003B68039A9B1AB3F5967F07D9019B824653
:103B7C0083F00103DBB201933B680393DFF810B2CF
:103B8C00292005F0A7F9CBF80000282005F0A2F9B0
:103B9C007B4B44454146186080F2EC804246012341
:103BAC00013A03EB830352B25B009442F8DB029AB6
:103BBC00B2FBF3FE734A049EA2FB0EC2DFF8D4C123
:103BCC00D208DCF800C002EB8202AEEB4202002EFF
:103BDC003AD06045C0F2BE80DFF8BCE1DEF800E010
:103BEC00704500F3DB80DBF80060764502DD089B56
:103BFC009C4247DB6645079BACBF002601269C42D6
:103C0C00D8BF0026002E40F0DB80BAF1000F3FD168
:103C1C0024204FF0000A05F0B9FB0128A0D0049B2A
:103C2C000B9E029803B14042099B9842C0F2A080BF
:103C3C000A9B984200F39C8001235349534A0B7012
:103C4C00137015B0BDE8F08F60457CDBDFF848E100
:103C5C00DEF800E07045C6DDB442C0F2C880002A30
:103C6C0000F0E580029AD31A02933B680393059BFC
:103C7C00002B00F0E280059B1E4601930023049369
:103C8C002B230CE0013464B201263B6801960393AC
:103C9C00059B002B4ED0049B002BEFD02D230DF158
:103CAC003D000DF13C0A8DF83C30B8F1000F47DBBC
:103CBC000DF1310E069BDDF808C09E44DFF8C4B050
:103CCC00ABFB0C320139D20849B202EB8203ACEBEC
:103CDC004303944630330EF8013D4B1CF0D10DF1EB
:103CEC00300C00234FF02E0EDAB201460133914511
:103CFC001CF8012B08BF01F801EBAB42084600F899
:103D0C00012BF1D1209909F0AFFA002C10DB059BA7
:103D1C0019194C45A8BF0131C9B25046019AFFF799
:103D2C00A7FE002E3FF474AFC82005F0B7FA6FE77A
:103D3C000021F2E70DF13C0AB8F1000F5046B7DA5A
:103D4C00002DDFD0CBE7002CC0F28A80092A6ED080
:103D5C000A9A06E0002CC0F29280092A5BD0099ADC
:103D6C00524202980344934298BF184602908BE744
:103D7C00304661E7DDF808E001231BE744E300204F
:103D8C000C950020CDCCCCCC50E400205EE400207F
:103D9C0008950020F4860020F0860020002C12DB11
:103DAC00002A38D0029AD31A02933B680393059BDE
:103DBC00002B35D0059B1E46019304932D236EE7F3
:103DCC00013C64B260E7029B0A9A93423B680393FE
:103DDC00059B5CD8002B7FF44EAF98450DF13C0A47
:103DEC007ADB049E5046059B0196049360E7099B81
:103DFC00029A5B429A423B680393059B24D9002BA1
:103E0C007FF439AF98455BDB01230DF13C0A1E466C
:103E1C00504601934CE73B680393059B002BC9D19B
:103E2C00049B0DF13C0A1E46504601933DE73B684E
:103E3C000393059B002B7FF41EAF01230DF13C0A6D
:103E4C001E465046019330E7002BB3D1984529DB31
:103E5C0001230DF13C0A1E4650460193049327E7BB
:103E6C00099B029A5B429A423B680393059BEBD9F0
:103E7C00002BC7D0059B1E4601932B230FE7029BFB
:103E8C000A9A934294BF002301230493FCE6002B6F
:103E9C0090D198450DF13C0A28DB049B50461E46F8
:103EAC00019305E7002D37D10DF13C0A20995046BE
:103EBC0009F0DAF9012329461E46019304932CE7F5
:103ECC00F5B90DF13C0A2099504609F0CDF90123C2
:103EDC0029461E46019320E735BB2099504609F030
:103EEC00C3F9049E29460495019616E77DB92099DD
:103EFC00504609F0B9F9049B29461E4601930CE77C
:103F0C0001230DF13C0A1E4650460193E7E6049B43
:103F1C0050461E460193E2E601230DF13C0A1E4673
:103F2C00504601930493DAE6049E5046059B019695
:103F3C000493D4E62DE9F04F374D85B004462E6836
:103F4C000193CDE9022103E0242005F01FFA00B90A
:103F5C002F682B68DB1B312BF6D924204FF0010B7B
:103F6C0005F014FA0128DFF8BCA05F46DFF8B89022
:103F7C00DFF8B88030D12B689B1BB3F5967F03D943
:103F8C008BF0010B2E680746282004F0A3FF019943
:103F9C00D9F80030D8F80020CAF8000029B39842AC
:103FAC00ACBF00210121904225DC5CB351B3013C34
:103FBC00E4B2029B012200214FF0010B53F82400C4
:103FCC002E68FFF755FDC82005F068F9242000275E
:103FDC0005F0DCF90128CED001231049104A204607
:103FEC000B70137005B0BDE8F08F9042D4BF002168
:103FFC0001219842D9DA039B013B9C42D5DA01346A
:10400C00E4B2D6E7002FE1D0029B5A46002153F8C8
:10401C002400FFF72DFDD9E744E3002050E40020F5
:10402C005EE400200C950020F4860020F086002031
:10403C005B490122F0B582400B7883B0594E23EADC
:10404C000203C0EBC00204460B7006EB8205564B14
:10405C00AE466F7803EB820CBCE80F00AEE80F00A5
:10406C009CE807008EE807006D78032D60D00021D6
:10407C004E4B4F4A1B5D22F81410002B3FD04D4B7A
:10408C001B5D002B3BD14C4B53F82420002A53D002
:10409C0053F824100139494B03EB840393ED006A68
:1040AC00B5EEC06AF1EE10FA65D9F7EE007AC4EB02
:1040BC00C40206EB820316F82200B4EEE76AF1EEB6
:1040CC0010FA3DDB042867D093ED046A0193FEF7E8
:1040DC0023FD019BD3ED037A1989E6EE007AF8FEF5
:1040EC00677AFDEEE77A17EE903A194400294ADB1D
:1040FC00B1F5803F4BDABD4213D103B0F0BDC4EB38
:10410C00C403BD4206EB830359880BD12C4B33F807
:10411C0014308B42F1D0204603B0BDE8F040FFF7DD
:10412C00D9B889B2204603B0BDE8F040FFF732B9E8
:10413C00244B33F914109BE7234B19680139AAE778
:10414C000428D3ED065A05D093ED045AFEF7E4FC8F
:10415C00E5EE005AC4EBC40306EB8306D6ED017AF8
:10416C007188E6EE257AF8FE677AFDEEE77A17EEAF
:10417C00903A1944BAE7BD42BFD0C4EBC40306EB76
:10418C0083035988CEE7BD42B7D00021CAE7BD42B0
:10419C00B3D04FF6FF71C5E7BD42AED0998AC1E7E7
:1041AC005AE40020CC990020B89F002058A0002091
:1041BC00C499002074E1002028A00020949E0020C7
:1041CC00549E002038960020A88C002000235E49C5
:1041DC00F0B51F4683B040FA03F2D40742D4013342
:1041EC00042BF8D1002F3BD00024584E584D47FAE1
:1041FC0004F3E0B2D9072CD5564B1B782341DA07D0
:10420C0000F18280544A0023DFF874C1115D534AD7
:10421C0046F8243036292B554FEA011E42F824303B
:10422C000CEB01114E4A42F824304E4A42F824302D
:10423C004D4A42F824304D4A13554FF00102424B7F
:10424C001A5504D85CF80E30CA68C3F88420FEF7FF
:10425C00D7FC0134042CCAD1454B1C78002C3ED021
:10426C0003B0F0BDCA5C12B1404AD25C5AB3CA5C0E
:10427C00002A2FD03D4AD25C02F0FF0552BB3D4ACA
:10428C00334C02EB8302E55492ED006AE25C002AA7
:10429C003FD1394AB7EEC66AB6EE007B2F4C02EB23
:1042AC00830292ED005AB8EE455BA6EE057BFCEE60
:1042BC00C77B17EE902A013244F82320284A0024A9
:1042CC0042F823408BE7224AD25C022A87D1CA5C8F
:1042DC00002ACFD101229A403A43D7B27FE704F0AB
:1042EC00FF04FFF70BF9FEF74DFF47FA04F3DB076A
:1042FC0006D40134042CB3D047FA04F3DB07F8D509
:10430C00E0B2FEF77DFCF4E70190FFF791FE019817
:10431C0078E7E25C022AD1D1184AB7EEC67AB6EE3B
:10432C00006B0E4C02EB830292ED005AB8EE455B2B
:10433C00A7EE056BFCEEC67B17EE902A002A18BF81
:10434C00013A44F82320B9E758A0002028A0002007
:10435C006CA000205AE40020680C00205CA0002017
:10436C00A49E0020DCA00020CCA0002074E1002042
:10437C0062E40020949E0020A89F0020789F0020DB
:10438C00740E0020F0B5424A00234249DFF824E1C4
:10439C0040FA03FC1CF0010F05D1013302321C3131
:1043AC00042BF5D1F0BD1EF803C0BCF1000FF4D006
:1043BC00DFF804C11CF80340002CEED1364CE55C50
:1043CC00022DEAD0354D55F823506DB3DFF8ECC013
:1043DC004FF002050CEB830CE5549CED006A14F8CD
:1043EC0003C0BCF1000F3BD02B4C14F803C0BCF144
:1043FC00020FD2D1294CB7EEC67AB6EE006B04EBA5
:10440C00830494ED005A264CB8EE455BA7EE056B81
:10441C00FCEEC67B17EE90CABCF1000F18BFACF1D6
:10442C00010C44F823C0B8E71E4C34F813501E4C52
:10443C0054F82360013E44F823601C4C168854F851
:10444C002370BE1B44F823604C882D1B1480184C21
:10445C0018BF0125E5544FF001040CF803409CE70C
:10446C00DFF85CC0B7EEC66AB6EE007B0CEB8304DB
:10447C0094ED005A0A4CB8EE455BA6EE057BFCEEBB
:10448C00C77B17EE90CA0CF1010C44F823C084E7EB
:10449C005C9E0020CC9900206CA00020789F00200E
:1044AC005CA00020549E0020DCA00020CCA00020AA
:1044BC001095002058A0002074E10020949E00204C
:1044CC00A89F0020C0F10101002330B5DFF870E097
:1044DC005FFA81FC154C0EEB80021846D15C31B9A9
:1044EC000133042BFAD1BDE83040FFF74BBFE15C40
:1044FC000F4D0029F4D0ED5C0E49002DF0D1C95CB4
:10450C0002290EEB8C01EBD0C95C0B4D19B115F8DF
:10451C000C10022904D0012199400143C8B2DFE7F5
:10452C00064911F80C100029DAD1F4E758A0002044
:10453C0074E100206CA000203496002050E3002091
:10454C002C960020000000002DE9F843C0EBC002BF
:10455C00594D5A4B4FF0010805EB820E044603EB04
:10456C00820C574B0EF1740E08FA00F81E785FFAA5
:10457C0088F8BEE80F00ACE80F009EE807008CE856
:10458C000700002E00F090804E4A137843EA08038F
:10459C00137004F112024C4B55F82270D3F80090B2
:1045AC0077B1002349484A4A1946E7FB0901824280
:1045BC008B4177D23EA3D3E9002307F0F3FC0746E7
:1045CC0004F1160355F8236076B100233F48404AA6
:1045DC001946E6FB090182428B4161D234A3D3E92F
:1045EC00002307F0DFFC064604F10E0355F82330D8
:1045FC0073B1002235481146E3FB0901344B834269
:10460C008A414BD22AA3D3E9002307F0CBFC034603
:10461C00304A42F82430304B43F824702F4B43F887
:10462C0024607FB307EE907AF7EE006A2C4BF8EE1D
:10463C00677A03EB840386EEA77A83ED007A56B390
:10464C0007EE906AF7EE006AF8EE677A86EEA77AC4
:10465C002544244A244B02EB840295F8681082ED21
:10466C00007A1955234495F86C2020491A710B785F
:10467C001F4A23EA08030B70137843EA08031370EC
:10468C00BDE8F883164B9FED1B7A03EB840383ED97
:10469C00007A002ED4D19FED177AD9E70123B7E722
:1046AC000126A1E701278BE72046FFF7C1FC70E745
:1046BC0000E1F505000000005CE20020B89F00203E
:1046CC0062E400205AE40020588A002080F0FA02AC
:1046DC00FFE0F50548A00020A89F0020789F00204F
:1046EC00989F0020689F00202C96002058E4002002
:1046FC0061E4002000000000AB48AC4A036852683B
:10470C0001332DE9F04F03EB830385B0DFF8009301
:10471C00A74C03EB8303D9F800100192A54A0B4474
:10472C0021681268A44D1144A44AC9F800301668D7
:10473C002A68B14221600260A148006880F0FD80C7
:10474C000138A04928600968984C08604968521AD9
:10475C00616802EB820201F5167102EB8202CB1A40
:10476C009B1AB3F5966F07D963689B1A964AC9F8DA
:10477C000030136801331360944B1A78002A00F050
:10478C00D9801B7893FAA3FBBBFA8BFB904A517828
:10479C0013780B449178D2780B44134413F0FF0335
:1047AC0039D04FF4347240F67A51D9F8004002FBFC
:1047BC0013117E484268121B9142FBD8844C4FF473
:1047CC008021844ADFF84C8204F1040A824D834F25
:1047DC00834EC2F88410CDE902B314F8013B002BD0
:1047EC0040F08580A24508F1010805F1020507F1AA
:1047FC00020706F10206F0D16C4AD9F80010526893
:10480C00521A40F6A6618A42764994BF00220122D0
:10481C00DDE902B30A700024734E744F74492546C7
:10482C00A246A046734A02930123305DA3400028A0
:10483C004AD011F804C02B4307F80480BCF1360FA2
:10484C006D48DBB206F8048009D84FEA0C1E00EB69
:10485C000C1C50F80E00DCF80CC0C0F888C01078A6
:10486C00204110F0010F18BF1D460134042CDBD180
:10487C00029B002B6FD1BBF1030F61D9002445FAC9
:10488C0004F3DB072FD40134042CF8D1BAF1000F58
:10489C000ED14C4B01214FF0E0221B68C3F808A04D
:1048AC00D9604FF08061554BC2F88C1283F800A090
:1048BC003E4B534A5B68019811681B1A994200D20F
:1048CC00136005B0BDE8F08F3B5DE0B2002BCCD09F
:1048DC00834505D00393FEF793F9039B4449454A5E
:1048EC0003F0FF0AC1E7E0B2FFF72EFECBE72B88FF
:1048FC00B6F900209B1848D4B3F5803F4FEA132239
:10490C004EDA4FF0005B3F493F48C1F888B03F4951
:10491C008B7098F800304A700A460B70032302F033
:10492C009FFD2B883749C1F884B03B80002304F8E5
:10493C00013C57E74FF0040B28E7891B216000E787
:10494C005846FFF775FB17F80B30002B96D05846DE
:10495C00FEF756F992E7234BD9F800201B78BBB130
:10496C0019490B6801330B60104841F293114368ED
:10497C009B1A8B42FBD901211C2004F0E5FC154B42
:10498C004FF48022C3F8882075E700231A46B8E755
:10499C00064B41F294115B689B1A8B42E4D9DFE71A
:1049AC00FF231A46ADE700BF4C9E0020001000E02C
:1049BC00649E0020689E00203C9F0020588A0020A6
:1049CC00A48C0020C8A00020C09E00205AE4002027
:1049DC0010950020008000425C9E0020549E002018
:1049EC00C499002051E4002074E1002058A000205C
:1049FC00680C002058E40020740E002062E40020B3
:104A0C00289F00200040004214870020509E002068
:104A1C004CE300209C0C00202DE9F04F1F1F83B0AD
:104A2C000C330446DFF8C4B0A2F104090193A1F1E0
:104A3C0004082B4B0025DFF8B8A02A4E00935BF836
:104A4C00043B73B130462946E3FB0401264B8342F9
:104A5C0075EB010339D220A3D3E9002307F0A2FAA6
:104A6C000346009A48F8043F52F8043B009273B195
:104A7C0030462946E3FB04011B4B834275EB0103D3
:104A8C0025D215A3D3E9002307F08CFA034649F885
:104A9C00043F5AF8043B73B130462946E3FB04014A
:104AAC00114B834275EB01030DD20BA3D3E9002309
:104ABC0007F078FA034647F8043F019BBB42BED18E
:104ACC0003B0BDE8F08F0123F5E70123C9E701230B
:104ADC00DDE700BFAFF3008000E1F505000000004A
:104AEC00889F002080F0FA02FFE0F50538A0002036
:104AFC00589F00202DE9F04F824696481D1F964B7B
:104B0C00161F0F1F1B680024DFF8A882B0FBFAF0F9
:104B1C002DED028B85B04FEA8009F7EE008A9FEDF0
:104B2C008F8A02938E4B09FB0AF2CDF80CA01B68FE
:104B3C00019200938B4B1B5D002B3AD08A4B1B5D73
:104B4C0003F0FF0BABBBDFF870A25946029A5B4631
:104B5C005AF824C05008ECFB090107F023FA4AF874
:104B6C0024005AF824304B4580F0C980009A002369
:104B7C00DFF848B24FEA520A9E465BF82400D4464E
:104B8C000199E0FB01CE7146604607F00BFA002359
:104B9C004BF82400DFF828B29C4601995BF82400FE
:104BAC00009AE1FB00AC6146504607F0FBF94BF86C
:104BBC00240057F8043F6D4A42F8243018F80420BA
:104BCC007368002A40F08780694A52F824209A4280
:104BDC0000F081800122664941F8243065496B68F8
:104BEC0041F8243056F8043F002B7DD007EE903A64
:104BFC00F8EE677A88EEA77A5F4BA10003EB84038B
:104C0C0083ED007A55F8043F002B6AD007EE903AFA
:104C1C00F8EE677A88EEA77A584B0B4483ED007A4E
:104C2C0012B3504B1B5DFBB14F4B1B5DE3B9544BA7
:104C3C000B4493ED006A18F80430002B6ED14C4BEA
:104C4C00B7EEC66AB6EE007B4E4A03EB840393EDD7
:104C5C00005AB8EE455BA6EE057BFCEEC77B17EE63
:104C6C00903A013342F824300134042C7FF462AFC3
:104C7C00394B4FEA9901019AC3F8009007EE101ACC
:104C8C00374B4148B8EEC77A1A6009F1FF3301601F
:104C9C0007EE903A3D493E4BF8EE677A3D483E4C64
:104CAC0080ED007A0020C1ED007ADDF80CA0B3FB9A
:104CBC00F2F102FB1133394AC4F800A01360384AF0
:104CCC00384C1060384821600078D8B905B0BDEC7C
:104CDC00028BBDE8F08F18F80420022A07D00022BE
:104CEC0079E7B0EE487A97E7B0EE487A84E7214A44
:104CFC0052F824106A68521A18BF01226BE74AF85E
:104D0C0024B033E7294C013913602948236801602A
:104D1C00196005B0BDEC028BBDE8F08F18F80430BB
:104D2C00022BA1D1134BB7EEC66AB6EE007B154A27
:104D3C0003EB840393ED005AB8EE455BA6EE057BBE
:104D4C00FCEEC77B17EE903A002B18BF013B42F8E4
:104D5C00243089E7A0252600A88C00200000000044
:104D6C00588A002058A0002074E1002048A00020A0
:104D7C00A89F0020789F0020989F0020689F00200B
:104D8C00949E00205CA00020AC8C0020B48C0020F1
:104D9C0000180D8FB08C00205C8A0020689E0020CB
:104DAC00649E0020A48C002062E40020C8A0002097
:104DBC003C9F00206CA0002028A00020DCA000203C
:104DCC00A49E002070B51E4800248CB0E422047010
:104DDC001C491D4804F0E8FD1C4D03461C4A90F884
:104DEC00700093F871101C682B6810709C42517005
:104DFC0010D0184808AB04AA6946B0FBF4F004FBC9
:104E0C0000F08000FFF708FE08AB04AA69462046B4
:104E1C00FFF770FE0024104D104E2B5DE0B263B115
:104E2C000123315D0E4AA34039B911780B4313703D
:104E3C000134042CF1D10CB070BDFFF785FBF7E702
:104E4C0059E4002078E100205CE200205C8A00201C
:104E5C0034960020A025260058A0002074E10020E4
:104E6C0058E40020F8B5254D2B5C032B34D0844638
:104E7C0071B3234A012000231070224A1E461C469F
:104E8C0002EB8C0E00FA03F21EF80310224339B128
:104E9C001D4F1E49FF5C17B1C95C1D4F59B1D4B2EF
:104EAC000133042BEED13046FFF76CFA2046BDE8F7
:104EBC00F840FFF78BB9F95C0229F0D015F80C100B
:104ECC0001FA03F23243D2B2012908BF1646E7E7D2
:104EDC002B5C022B0DD0F8BD0029FCD0084A012117
:104EEC000C4B11701B78002BF5D0BDE8F840FFF788
:104EFC0069BFBDE8F840FFF7E5BA00BF3496002063
:104F0C005EE400202C96002058A0002074E10020C4
:104F1C006CA0002059E40020164A0B46125C362A7D
:104F2C000AD815494FEA021C01EB021251F80C1079
:104F3C00D268E3B1C1F88420104A115C8B4203D0D3
:104F4C0019461354FFF78EBF00B583F0010183B0EF
:104F5C00115401930090FFF785FF019B074A0098BD
:104F6C001946135403B05DF804EBFFF77BBFC1F88F
:104F7C008820E1E74C0C0020740E002050E3002048
:104F8C00294A0346C0F10100DFF8A8C09168C0B2FD
:104F9C009268C1F30011C2F3401281F0010182F05A
:104FAC00010200B585B08DF80C101CF800108DF8BE
:104FBC000D2003291BD0DFF880C00DEB03021CF879
:104FCC000300117B30B10020184A0CF80300D25CAE
:104FDC008A420AD0164A12782AB1184605B05DF8F2
:104FEC0004EBFFF799BF114AD15405B000BD0DEB8E
:104FFC000002127B002ADED00C4A115C0029DAD1A7
:10500C000B49097861B1012101930090FFF784FFEE
:10501C00DDE90003DFF820C001220CF80020CCE70A
:10502C0001211154F6E700BF00C0004250E30020FC
:10503C0064E40020349600206C9E00200020FFF7D2
:10504C009FBF00BF0120FFF79BBF00BF0000000007
:10505C002DE9F04F87B0011F1F4B00F10C0902AA7C
:10506C000D46D3F800804FF0000A17461B4EDFF8B0
:10507C0078B0CDE9002155F8044F30465146E8FB95
:10508C0004015CB183454FF001047AEB010E10A3CF
:10509C00D3E9002302D206F085FF04464D4547F8BC
:1050AC00044BE8D1DDE9002172B60D4800230D4E0A
:1050BC0052F8045B51F8044F46F82350013340F882
:1050CC00044B042BF4D162B607B0BDE8F08F00BFDF
:1050DC0000E1F50500000000588A002080F0FA027B
:1050EC0038A0002048A00020FFE0F50500000000DB
:1050FC00734A04392DE9F04F15688FB000F10C029A
:10510C00A0F1040E0AAB8A46019206AA994677468C
:10511C0090466C4C0026DFF8D0B1CDE9023ECDE9CB
:10512C00041257F804CF20463146E5FB0C01BCF1C4
:10513C00000F0BD083454FF0010C76EB010E5EA3F4
:10514C00D3E9002302D206F02DFF84465AF8043F1F
:10515C002046314648F804CBE5FB03015BB183459F
:10516C004FF0010376EB010205D253A3D3E90023E0
:10517C0006F018FF034649F8043B019B9F42D0D12F
:10518C00DDE9023EDDE9041272B6B7EE006ADFF823
:10519C005CC1DFED4D6A00204C4FDFF85481DFF825
:1051AC0054A1DFF854B118F8006052F8044B53F8CE
:1051BC00045B002E53D15AF82060A6424FD0012632
:1051CC005EF8049F4CF8049B51F8049F4AF8204069
:1051DC0047F8049B4BF82050002C49D007EE904A1E
:1051EC00F8EE677A86EE277A394C04EB800484ED6E
:1051FC00007A8400002D38D007EE905AF8EE677ACA
:10520C0086EE277A334D254485ED007A06B3324D70
:10521C002D5CEDB1314D2D5CD5B9314D2C4494ED57
:10522C00007A18F8004064BB0AEB8004B7EEC77A2A
:10523C00B6EE005B2B4D94ED004AB8EE444BA7EE56
:10524C00045BFCEEC57B17EE904A013445F8204018
:10525C0001300428A7D162B60FB0BDE8F08F18F862
:10526C000060022E07D00026AAE7B0EE667AC9E7E6
:10527C00B0EE667AB8E75BF82060761B18BF0126A3
:10528C009EE718F80040022CE2D10BEB8004B7EE3D
:10529C00C77AB6EE005B134D94ED004AB8EE444B62
:1052AC00A7EE045BFCEEC57B17EE904A002C18BFF2
:1052BC00013C45F82040CBE700E1F505000000007B
:1052CC00588A002080F0FA0200000000589F00204D
:1052DC00989F0020689F002058A0002074E10020B7
:1052EC00949E00205CA00020FFE0F505889F002024
:1052FC006CA00020A89F0020789F0020042823D0B9
:10530C004900C3EB420003EB420388420246A8BFAC
:10531C000A468B42B8BF0B46002A0CDA10481149DA
:10532C008242B4BF002201228B42C8BF0022C2F1CC
:10533C000302D0B270470B4A93420FDD0A488342F6
:10534C00CCBF03200120704799420A46A8BF1A46D9
:10535C009942B8BF194652004B00DDE70020704758
:10536C00806967FF80969800002D310100000000D5
:10537C0030B50D4683B011461A460446069B05709F
:10538C002846B6EE005BCDE90012FFF7B7FF504B95
:10539C00009953F820C0019AA1EB0C03607004EE45
:1053AC00103A4C4B53F82030B8EEC44BA3EB0C0323
:1053BC0007EE903A9FED422BB8EEE77B9FED426BE8
:1053CC0082EE073B24EE034B34EE055BBBFE455BE4
:1053DC00B4EEC65BF1EE10FA42DCFCEEC57B17EEC8
:1053EC00901AA2EB0C03B6EE006B34EE455B07EEA5
:1053FC00103AB8EEC77BB7EEC55B27EE037B9FED8B
:10540C00322B37EE066BBBFE466BB4EEC26BF1EE85
:10541C0010FA28DCFCEEC65B042D37EE466B069BBF
:10542C0015EE902AB7EEC66B26D002EE103ABAEE05
:10543C00EF2B002337EE447B22EE034BB7EEC77BFA
:10544C00B7EEC44B2046618084ED015A228184ED75
:10545C00036AA38284ED044A84ED067A03B030BD5E
:10546C004FF6FF71BDE737EE466B042D4FF6FF721A
:10547C00069BB7EEC66BD8D1A3EB0C0CB6EE002B8B
:10548C0007EE90CAB8EEE77B9FED0F1B27EE037B70
:10549C0037EE023BBBFE433BB4EEC13BF1EE10FAE0
:1054AC000ADCFCEEC36B16EE903A37EE447B9FEDB4
:1054BC000A4AB7EEC77BC5E74FF6FF73F5E700BFA7
:1054CC00000000000000F04000000000E0FFEF4092
:1054DC008C0C00207C0C00200000000030B5044631
:1054EC0018488BB0184B50F82400184A184953F838
:1054FC00243052F82420095D009003A8FFF738FFF0
:10550C0072B6144BC4EBC4020DF10C0C03EB820EFF
:10551C00114B1D78BCE80F00AEE80F009CE80700AB
:10552C008EE8070045B10D4901220B78A2401343C8
:10553C000B7062B60BB030BD2046FEF779FD62B63B
:10554C000BB030BD3C9A00202C9F002078A000208E
:10555C0044E40020B89F002062E400205AE40020BC
:10556C0070B58B1EB84D04468CB0285C082B1AD82D
:10557C00DFE813F0DD007F001B001B00B6004F00BE
:10558C004F00090009000939B04D4FF00003B04A33
:10559C0018BF012105EB81050221285DFEF7CAFC2D
:1055AC0072B6285562B60CB070BD052900F0EB80C0
:1055BC00A84B41F2883553F82430002BC0F23B81C4
:1055CC005D19A54BA3FB05356D0B042800F06D810F
:1055DC00A24AA34B52F82420A2499B1A81FB032117
:1055EC00DB17C3EB6132A3EB61319F4802230290BE
:1055FC000120009301902846FEF770FA8542D2D024
:10560C0042F2107303FB00F0924B43F82400204647
:10561C0061E00729954A4FF000014FF0040300F0B8
:10562C00E580934850F82450019132350093A2FB49
:10563C000525904A680902928F4AFEF74FFAB0EBA3
:10564C00551FB0D064228D4B0DF1100C0DEB840462
:10565C0002FB00FE08AD0FCB8CE80F00844B0FCB88
:10566C0085E80F00C4F820E029466046FFF740FDAE
:10567C0099E77A4B41F288351E4653F82430002BBB
:10568C0079DB5D19744BA3FB05356D0B042800F019
:10569C009F80704A7A4B52F824207A48002A029054
:1056AC002846B8BF52429B1A6E4A82FB0312DB1784
:1056BC000021C3EBE2220223CDE90031FEF70EFA02
:1056CC0003469D423FF46FAF42F21072204602FB3C
:1056DC0003F346F824300CB0BDE87040FFF7FEBE73
:1056EC00694E0021614A042356F824500191323549
:1056FC000093A2FB05255F4A6D0902925E4A28467B
:10570C00FEF7ECF985423FF44EAF73680DEB840461
:10571C00B268099364230A92F26800FB03F308A8A9
:10572C000B92326808922362FFF792FC3BE701234D
:10573C00564A0521FEF7FEFB2B5D83423FF433AF47
:10574C00464B042828551E4653F8242000F0A4800C
:10575C004049002A4A4B51F82410B8BF5242002944
:10576C00B8BF49425B1A5B009342A8BF1346204660
:10577C0046F82430AFE7ED1A3A4B83FB0523ED17BF
:10578C00A5EB233582E7424B53F82430002BC0F2B3
:10579C00908041F28835304A5D19A2FB05256D0BCE
:1057AC00314A02233B49284602920122009301927E
:1057BC004FF47A72FEF792F9A8423FF4F4AE42F23B
:1057CC00107303FB00F0324B43F82400204682E7B1
:1057DC00254A02232F492846029201220093019266
:1057EC004FF47A72FEF77AF903466AE7234850F8C9
:1057FC002450019132350093A2FB05251D4A6D09F9
:10580C0002921D4A2846FEF769F985423FF4CBAE59
:10581C0064230DEB840E0DF1100C08AD03FB00F4AA
:10582C00164B0FCB8CE80F00114BCEF810400FCB62
:10583C0085E80F0018E7ED1A0A4B83FB0523ED17DB
:10584C00A5EB2335C1E600BF44E400202C960020D4
:10585C00400C00202C9F00205917B7D13C9A0020F7
:10586C00002D3101AD8BDB683C1400201F85EB5102
:10587C00589F00208015002000512502889F002091
:10588C00809698004014002038A00020540C002072
:10589C0078A0002018FCFFFF0B4B0C499342A8BFCB
:1058AC0013468B42B8BF0B4661E709494FF47A7235
:1058BC009BE641F28835074AED1A82FB0523ED176A
:1058CC00A5EB23356CE700BF80969800806967FFD5
:1058DC0018FCFFFFAD8BDB687E4A136830B591B0C6
:1058EC00032B00F2F480DFE803F0453625027A49F9
:1058FC007A4B0878197805380129C0B246D00229AC
:10590C0066D1774C0023774A04210546205CFEF7CC
:10591C0011FB72B6605562B62378032B05D0637801
:10592C00032B02D0704B00221A7011B0BDE830402E
:10593C00FEF71AB868496D4B0878197801380129B7
:10594C00C0B24CD00B2943D0FFF70AFE11B0BDE812
:10595C003040FDF785BE604B1B78042B32D9062BEB
:10596C0040F2A580073B032B00F2AB80DFE803F08D
:10597C006B61904B01235E4900201360564A0870FE
:10598C00137011B0BDE83040FDF7FEBD72B6FFF7E5
:10599C0069FA62B657495848FDF752FB574B1A68DB
:1059AC001B6814469B1A312BBFD8242003F0EEFC45
:1059BC0010B9524B1B681C46504B1B681B1B312BE0
:1059CC00F3D9B2E70220494B012110601970BDE7F1
:1059DC000123136011B0BDE83040FDF7D5BD72B6A0
:1059EC00474B81401B5CC9B2002B66D0454B1B5CFE
:1059FC00002B62D1444B1B5C022B5ED00846FEF799
:105A0C00C1FC62B6A2E772B6404B00220F201A709E
:105A1C00FEF7B8FC62B63E490846FDF711FB4FF4A1
:105A2C007A7003F03BFC4FF0E0233A4AC3F80C2D9C
:105A3C00FEE7394A0120394913780870B3FA83F329
:105A4C005B0913709DE7364900220220354D052372
:105A5C000090CDE90121344A64212868FEF73EF814
:105A6C002B68044683428CD030480CAB08AA04A99E
:105A7C00B0FBF4F004FB00F08000FEF7CDFF72B633
:105A8C000CAB08AA04A92046FFF734F862B678E7F5
:105A9C00174A137883F001031370002B3FF471AF96
:105AAC002349244811B0BDE83040FDF7C9BA0320A2
:105ABC000A4B01211060197037E70846FEF786FB88
:105ACC009FE71D4900231D4809681360EAE711B0E0
:105ADC0030BD00BFB49E0020D88C0020D98C002093
:105AEC00349600206C0C002059E40020D78C002048
:105AFC006BE40020A01500206014002044E300207B
:105B0C0058A0002074E100206CA0002064E4002068
:105B1C00081400200400FA05DB8C00205FE4002050
:105B2C00841500205C8A002080841E00A02526009D
:105B3C008815002094150020C4870020F8860020CA
:105B4C0070B5644D292003F0C5F9634E28602820F8
:105B5C0003F0C0F9614B306024201C6803F016FC84
:105B6C005F4B021E197818BF0122914268D01A703F
:105B7C005C4B1C605C4A00202B6812685B499342AA
:105B8C00087022DA5A4A01205A4912780870002A01
:105B9C0040F088800022584C584922700A68012A2B
:105BAC0024D0C72B40F38480022A1FD14E4A12689E
:105BBC009A4205DA524A12689A4201DD00230B60C0
:105BCC00504B1B68022B1ED070BD4D4909688B428F
:105BDC0051DC3068824201DC8142DBDA444A01202C
:105BEC00444912780870002AD4D070BD444A126817
:105BFC009A42DBDA022301200B60FDF7DFFE414BFA
:105C0C001B68022BE0D1404B1B78012BDCD13F4BA6
:105C1C003F4A1B78013BDBB2D25C002A57D03D4A8D
:105C2C00D25C002A53D13C4AD25C023A18BF012202
:105C3C003A4B1B689342C7D0BDE87040FDF710BDCE
:105C4C001970284B1B68E41A4B2C94BF00240124B8
:105C5C00002818BF0024002C8CD0254B0122234E89
:105C6C0024491B7832700A706BB9234C2278002AB5
:105C7C0029D02B6890E71E4A01201E491278087023
:105C8C00002A87D00AE018492B6809681A488B4209
:105C9C00027007DB1A4A1268934295DD174B0222F9
:105CAC001A6070BD164A0120144912680860F3E7A7
:105CBC0001234FF0FF300B60FDF780FE114B1B688A
:105CCC00022B81D19FE7FFF707FE3278D1E7002244
:105CDC00AEE700BF089500200C95002044E300209F
:105CEC00DA8C0020BC9E0020F48600204EE40020BC
:105CFC005DE400205EE4002050E400201C950020B0
:105D0C00F0860020B49E0020D78C0020D88C002078
:105D1C0058A0002074E100206CA00020B88C00205A
:105D2C002DE9F84372B6274A0023DFF8B4C092F885
:105D3C000080DFF8B090ACF1040E5FFA88F8224FC7
:105D4C00224E234D234C24482449137048FA03F265
:105D5C00D2071BD5DCF8002047F82320DCF81020F4
:105D6C0046F82320DCF8202045F82320DCF83020EE
:105D7C0044F82320DCF8402040F82320DCF85020A5
:105D8C0041F823201EF8032009F8032001330CF1FD
:105D9C00040C042BDAD162B6002448FA04F3DB07B6
:105DAC000BD40134042CF8D10A48FFF751F90B49F4
:105DBC000948BDE8F843FFF79BB9E0B2FFF78EFB4B
:105DCC00EFE700BF61E400203C9A00202C9F0020EC
:105DDC0078A0002038A00020889F0020589F002029
:105DEC0064E2002044E400200368274A643B9342A9
:105DFC0042D890F87030032B3ED890F87130032BBA
:105E0C003AD8C21C031DDFF888C030B5C51DDFF8B9
:105E1C0084E012F8010F042834D8596A01F51801EE
:105E2C0001F51641803171452CD85969174C0C1964
:105E3C00744527D8042853F8044F1FD0744521D833
:105E4C000029B8BF494204EB410171451ADC196BBA
:105E5C00614517D8196C614514D8196D614511D875
:105E6C0092F8641001290DD892F86810012909D80C
:105E7C00AA42CED1012030BD0020704703496118E1
:105E8C007145E4D9002030BD1C841E00809698001A
:105E9C0000A493D6002D31012F4B2DE9F04F1B6838
:105EAC008DB0046806469C4212D02C4808AB04AA5C
:105EBC006946B0FBF4F004FB00F08000FEF7ACFD8B
:105ECC0072B608AB04AA69462046FEF713FE62B60A
:105EDC0006F1030BDFF898A0351DDFF89890DFF87A
:105EEC00988000241E4F1BF8013F204601340AF80D
:105EFC00013B55F8043FE4B249F8043B2B6948F8E0
:105F0C00043B2B6A47F8043BFFF7E8FA042CEAD170
:105F1C0006F13800FFF79CF806F1580106F148002D
:105F2C00FFF7E6F872B60F4AB06EF16E96F8705045
:105F3C0096F871400C4B03C31570547062B613780D
:105F4C00032B05D05378032B02D0084B00221A7078
:105F5C000DB0BDE8F08F00BF5C8A0020A0252600A4
:105F6C0078A00020349600202C96002059E40020C4
:105F7C0044E400203C9A00202C9F00202DE9F041A5
:105F8C006FF0020782B00646C41C051D00F107081D
:105F9C003F1A38192A4655F804CFC0EBC00014F844
:105FAC00011F536906EB8000526ACDF800C07430B3
:105FBC00FFF7DEF94445ECD172B6E42231460548D0
:105FCC0003F0F2FC044B01221A7062B602B0BDE879
:105FDC00F08100BF78E1002059E400202DE9F04168
:105FEC000122C4B09849002398480A700AA98DF878
:105FFC002830FCF7DBFC9DF82820954CA2F14103DE
:10600C002270222B49D8DFE813F088034B0048009C
:10601C0078004B009700B600040145014800480089
:10602C0048006401B6014800FE01EA01480048003E
:10603C0023000F025B02CF02D50327034003480065
:10604C0048004800480048004800480048005F03EA
:10605C0002220AA97D48FCF7A9FC9DF829309DF87D
:10606C0028201343032B3DD872B67A4B9DF8281089
:10607C009DF8292019705A7062B61A78032A05D037
:10608C005B78032B02D0744B00221A70012206A9F4
:10609C006E488DF81820FCF799FF44B0BDE8F081EC
:1060AC0010220AA96948FCF781FC01220AAB0EA94F
:1060BC006A488AB153F8042B82428CBF0022012219
:1060CC009942F6D172B12378422B00F0FD830AA9D4
:1060DC006348FFF70DF8D9E71A1D0833914201D038
:1060EC009942F9D10023012206A958488DF818309D
:1060FC00FCF76CFF44B0BDE8F08110220AA95348AC
:10610C00FCF754FC01220AAB0EA954486AB153F8AF
:10611C00042B82428CBF002201228B42F6D1002A32
:10612C00E0D00AA8FEF794FFB0E71A1D08338A42A4
:10613C00D8D09942F9D1D5E7002304220AA94348C3
:10614C000A93FCF733FC0A9C464AA4F16401914281
:10615C0040F26883002301220AA93C488DF82830BC
:10616C00FCF734FF404B04220AA938481B680A93F9
:10617C00FCF72CFF91E772B6002406A93B4B0F46A7
:10618C002046DFF80CC11CF8042052B1384A12F832
:10619C0004E00122A2400243D2B2BEF1000F08BFBC
:1061AC00104601345A781C33042C01F8012BEAD127
:1061BC0030490023304A0D680B601668136062B6D4
:1061CC0001220AA98DF828002048FCF7FFFE264A78
:1061DC000AA91E4812680A922246FCF7F7FE2246CC
:1061EC0039461A48FCF7F2FE244A25480023126867
:1061FC00A5FB000105F0D6FE22460AA90A90134819
:10620C00FCF7E4FE114822460AA90A96FCF7DEFECA
:10621C0043E7532301220AA90C488DF82830FCF7D8
:10622C00D5FE012304220AA908480A93FCF7CEFEE6
:10623C0014490022144B154809681A6044B0BDE893
:10624C00F041FCF7FDBE00BF5EE40020209500206D
:10625C004FE400203496002059E4002000A493D68B
:10626C00889F00201C841E00A88C0020CC99002044
:10627C0074E10020289F0020C09E00201087002081
:10628C0000CA9A3BC4870020B49E0020F8860020E8
:10629C0058A000200822B3480AA9FCF787FB0AABD8
:1062AC000DF127020DF12F0012F8011F01293FF605
:1062BC0019AF8242F8D172B60022AB4913F8014BE8
:1062CC0088188C540132DC78042A0471F6D162B639
:1062DC00DCE610220AA9A348FCF768FBA34A0AAB28
:1062EC00A34FDFF8C08202F1100C1E460121A14819
:1062FC00A14C002900F0778211680144A14200F200
:10630C006A82D6F800E00EEB0001A14200F2638233
:10631C003D78D8F80010042D00F0E082A14200F284
:10632C005A828EEAEE75A5EBEE7501EB4501A142A2
:10633C00CCBF0021012104320436013708F10408D6
:10634C006245D6D100293FF4CDAE8C4A002453F8D7
:10635C00041B204652F804CB614507D042F8041CBC
:10636C0001930092FFF7BAF8DDE900230134E4B29F
:10637C00042CECD18AE6032304240AA901227948CF
:10638C008DF82830FCF722FE0AA9012275488DF8F9
:10639C002840FCF71BFE642322460AA971480A9385
:1063AC00FCF714FE764B22460AA96E480A93FCF7BA
:1063BC000DFE744B22460AA96A480A93FCF706FEA6
:1063CC00714B22460AA967480A93FCF7FFFD6F4BF5
:1063DC0022460AA963480A93FCF7F8FD5DE672B6FB
:1063EC000F20FDF7CFFF62B6694B6A4C0FCB07C489
:1063FC004FEA134C24F8023B2046674B67490022B6
:10640C0000F80EC918E7002301220AA955488DF897
:10641C002830FCF7CBFA9DF8280072B600F00F007C
:10642C00FDF7D4FE62B638E64E4C002304220AA9CE
:10643C0020460A93FCF7BAFA04220BA92046FCF773
:10644C00B5FA10220CA92046FCF7B0FA102210A9BC
:10645C002046FCF7ABFA102214A92046FCF7A6FA4A
:10646C00102218A92046FCF7A1FA10221CA92046DC
:10647C00FCF79CFA102220A92046FCF797FA082278
:10648C0024A92046FCF792FA022226A92046FCF702
:10649C008DFA2379002B7FF425AE0AA8FFF7A4FC14
:1064AC0000283FF41FAE3E4B0AA81A78032A00F0CE
:1064BC0011825B78032B00F00D82FFF7EDFCE5E514
:1064CC0010220AA92748FCF771FA0AAB2B4E0DF1E2
:1064DC00380C274F1A46DFF8CC8001212548264C72
:1064EC00002900F08D8111680144A14200F28081E5
:1064FC00D6F800E00EEB0001A14200F279813D7864
:10650C00D8F80010042D00F0FB81A14200F270813C
:10651C008EEAEE75A5EBEE7501EB4501A142CCBF01
:10652C000021012104320436013708F104086245C8
:10653C00D6D100293FF4D6AD0C4A002453F8041BE5
:10654C00204652F804CB614507D042F8041C019355
:10655C000092FEF7C3FFDDE900230134E4B2042C02
:10656C00ECD193E5209500202C96002078A00020FB
:10657C0044E4002080969800002D31012C9F0020CF
:10658C0080841E00A086010000366E0100A493D604
:10659C00A8150020F8860020B49E0020C487002097
:1065AC00349600203C9A00200AA90422B448FCF737
:1065BC00FDF90AAB0BA91E461A780133042A00F226
:1065CC0081818B42F8D101210AAF0022DFF8E4C2AD
:1065DC00AC48AD4C002900F049815CF82210014414
:1065EC00A14200F24B81A94BA94953F8223003EB8D
:1065FC00000EA64500F242813D7851F82210042D80
:10660C0000F07881A14200F2398183EAE375A5EBB1
:10661C00E37501EB4501A142CCBF00210121013200
:10662C000137042AD6D100293FF45CAD994B0024E4
:10663C003146204611F8012B0E4613F8011B8A42F5
:10664C0005D003F8012C0093FEF748FF009B0134A2
:10665C00E4B2042CECD119E58F4C06228848214673
:10666C00FCF7A4F98D4BDFF854C28D4A03CBC4F868
:10667C000600C4F80A109878198800232074204664
:10668C00E1811360DCF80010D8E572B606AA0AA9FD
:10669C000023DFF82CC21746824C5CF8230042F82A
:1066AC00040B54F823000133042B41F8040BF4D1F0
:1066BC0062B6102239467248FCF788FC10220AA9EF
:1066CC006F48FCF783FCE8E4002401220AA96C481B
:1066DC008DF82840FCF76AF99DF8283002226848AA
:1066EC000AA90093ADF82840FCF760F9009BBDF8AF
:1066FC002800012B00F2B180002800F0AE806A4C1B
:10670C0001220AA92370694C694B20805C488DF8E2
:10671C0028201A70FCF75AFCBFE410220AA958482A
:10672C00FCF744F9634A0AAB584E5A4F02F1100C6D
:10673C00984601215348544C00296ED011680144ED
:10674C00A14262D8D6F800E00EEB0001A1425CD861
:10675C003D78D8F80010042D00F0C680A14254D822
:10676C008EEAEE75A5EBEE7501EB4501A142CCBFAF
:10677C000021012104320436013708F10408944544
:10678C00DAD100293FF4AEAC414A002453F8041B83
:10679C00204652F804CB614507D042F8041C019303
:1067AC000092FEF79BFEDDE900230134E4B2042CD9
:1067BC00ECD16BE4002301220AA931488DF8283072
:1067CC00FCF7F4F89DF8280072B600F00F00FDF706
:1067DC00D9FD62B661E4131D63453FF483AC083206
:1067EC0094453FF47FAC131D08326345F8D179E42E
:1067FC00131D63453FF476AC083294453FF472ACFC
:10680C00131D08326345F8D16CE4131D9C453FF40D
:10681C0069AC083294453FF465AC131D08329C45B5
:10682C00F8D15FE424480AAB06AA02A9B0FBF4F045
:10683C0004FB00F08000FEF7EFF872B60AAB06AA74
:10684C0002A92046FEF756F962B601220AA90C48A5
:10685C008DF82820FCF7BAFB84E4002301220AA956
:10686C0007488DF82830FCF7B1FB16E4032A02F137
:10687C0002023FF437AC042AF8D133E40132FAE7D0
:10688C002095002080969800002D31012C9F00202F
:10689C003C9A002044E40020F8860020B815002023
:1068AC00B49E0020CCA00020DB8C0020D28C0020D9
:1068BC005FE4002078A00020A0252600C4870020DB
:1068CC00DCA0002000217FE610490AA8FEF710FC8E
:1068DC00FFF7DCBBFFF752FBFFF7D8BB0144A1422B
:1068EC008CBF0021012126E50144A1428CBF00216F
:1068FC0001213FE70144A1428CBF002101218EE61A
:10690C000144A1428CBF002101210BE6589F0020BD
:10691C002DE9F04F8DB0294808AB04AA6946FEF763
:10692C007BF872B642F2107008AB04AA6946FEF707
:10693C00E1F862B60024DFF89C90DFF89CB004AE5E
:10694C00DFF8988025461E4FDFF894A0CDE9084467
:10695C00CDE90A442046013409F8015BE4B24BF856
:10696C0004AB48F8045B47F8045BFEF7B7FD154B26
:10697C00042C46F8043BEDD104A8FEF769FB08A9EA
:10698C000846FEF7B5FB72B600230F4A01241846E1
:10699C00D118D45401330871042BF9D10B4B187056
:1069AC00587062B61A78032A04D05B78032B01D096
:1069BC00074B18700DB0BDE8F08F00BF80969800A3
:1069CC002C9F002040420F002C9600203496002073
:1069DC0059E4002044E400203C9A002078A00020D8
:1069EC00404B4C00000000002DE9F0410121222019
:1069FC000024A54D2DED048B8EB002F0D9FC0121A5
:106A0C001C2002F0D5FCA14800F010FCA04B9F48C4
:106A1C0093E80600FCF740FA9E494FF480209E4B09
:106A2C004FF00052C1F88800C3F88420204601348E
:106A3C0002F054FD05F8010B082CF7D10CF0F4F919
:106A4C0000221C20954D11468F4FFCF70FFD944EE4
:106A5C00042200210C2000244FF00308FCF706FD53
:106A6C001F2200211020FCF701FD37F9023BE0B298
:106A7C00013485F801804FF4004126F8023BFCF705
:106A8C0029FC042C05F11C05EFD10023854D0124B4
:106A9C0041F2010645F8043B9FED779B9FED788B07
:106AAC0007EE904A0134B8EEE70B20EE090B20EE0E
:106ABC00080B04F07DFBB442B7EEC00BA5EC010A49
:106ACC00EED17948FD2401F093FF774800F0A8FF40
:106ADC000021754801F096FFA223B4227349744833
:106AEC000094FCF763FA734C0CF0A6F980216E4805
:106AFC00261D01F091FF022210216F48FBF7E6FCE6
:106B0C006D48FBF76DFD6C48FBF780FD6A48FBF7A1
:106B1C0095FD642002F0C2FB6748FBF797FD00214E
:106B2C00022002F045FC0021032002F041FC02216E
:106B3C00242002F03DFC0121084602F039FC002122
:106B4C00012002F001FC0121042002F031FC0021A3
:106B5C00042002F0F9FB14F8015B0121284602F035
:106B6C0027FC0021284602F0EFFBB442F3D1534B33
:106B7C00402118681971A0B1514B524AC318524C9C
:106B8C001B11D1545378107891788342D27828BF56
:106B9C0003468B4228BF0B46934228BF134684F80A
:106BAC007A304A4B04A94A4A0AA8029308930492E1
:106BBC00FBF77EFE474A08A9404802F03DF8089BC7
:106BCC000AA8DB689847029B04A8DB689847424BED
:106BDC0042489A6819461033D20749D48342F8D1F7
:106BEC003F4B196800293ED000244FF0E0234FF0B2
:106BFC00806201268C60DFF81881CE60394FC3F8B3
:106C0C008C22394D394B1C70FFF782FE18F8010BA2
:106C1C0002F0BCFBB0FA80F317F8010B5B092B55A3
:106C2C00295D02F091FB601C01240228EED10422A4
:106C3C002F4902F01FFE04222E49032002F01AFEF7
:106C4C00214940202C4A2D4B81F89D001E70116863
:106C5C0000222B4B2B481A600EB0BDEC048BBDE808
:106C6C00F041FCF7EDB928492848FCF7E9F9FEE7B3
:106C7C001B4B1960B8E700BF182D4454FB21F93F9A
:106C8C00000000000000303F3896002014870020E0
:106C9C00149500200080004200400042CC99002056
:106CAC00C499002070A100205CE30020C4150020D2
:106CBC0054E30020680C0020C49E0020608A002051
:106CCC0000BFF7BFC887002000E400E0300D0020B3
:106CDC0009240000FF9E2400004108404041084068
:106CEC00C8A000204C0C002050E3002062E40020DF
:106CFC004D2D0000552D0000C487002064E40020B9
:106D0C00B49E0020F8860020C8150020D415002061
:106D1C00480C0020124B134A186803681B699342F5
:106D2C0000B583B01AD103F0C3FF08B903B000BD9E
:106D3C00002301220DF1070109488DF80730FBF7FC
:106D4C0035FE094A9DF80730127808499A420B70B3
:106D5C00ECD103B05DF804EBFFF740B99847E4E7DA
:106D6C002095002049060000D68C00204FE400201E
:106D7C00F0B583B072B6444C00270F202770FDF796
:106D8C0001FB62B6414D42494248FCF759F92E6865
:106D9C0003E02B689B1B642B50D8242002F0F6FADE
:106DAC000128F6D03C4D00263C493D48FCF748F9FB
:106DBC003C4FFFF7ADFD2E710BE003F079FF03465E
:106DCC0001220DF10701284683B18DF80760FBF70E
:106DDC00EDFD286803681B69BB42EED0984703465B
:106DEC0001220DF107012846002BEED14FF47A70E9
:106DFC0002F054FA01232C492C4A0B70137072B612
:106E0C002B4A2C4B11781869DD69002931D1C0F857
:106E1C0088505278196CDB6C002A31D0C1F8843060
:106E2C000123237062B624490022244B24480968AC
:106E3C001A6003B0BDE8F040FCF702B9012F4FF027
:106E4C00844687F001031F494FF004074FF04000C0
:106E5C00324609D104261B494020C2F88860C1F88B
:106E6C0088002E681F4698E7C6F88470C1F8840025
:106E7C00F7E7C0F884505278196CDB6C002ACDD13E
:106E8C00C1F88830CCE700BF64E4002044E3002064
:106E9C00E4150020F815002020950020081600208D
:106EAC00141600204906000050E400205EE4002087
:106EBC0050E30020740E0020C4870020B49E0020F4
:106ECC00F886002000C000421C4B10B51B780BB19B
:106EDC00FEF726FF1A4CFFF71DFFA16869B1206869
:106EEC00184A03685B68934222D104F10C0003F04A
:106EFC0049FF0023A36003F073FFFCF7E3F872B6BD
:106F0C00114B1B7813B9114B1A784AB962B6FEF7BC
:106F1C0017FE237903B910BDBDE81040FFF728BF59
:106F2C00187890FAA0F0B0FA80F0FDF781F8EDE750
:106F3C000A4604F10C019847DBE700BF61E400202E
:106F4C0020950020D505000062E400205AE40020C2
:106F5C0010B502F09FFA194A19490023194811601B
:106F6C001949044613719360184AC0F8B830C4F834
:106F7C00B420C0E90013083001F0F0FA1449154BA5
:106F8C0004F10800144A2160144900F061FD10233B
:106F9C002522112104F1080000F0A0FB2146104825
:106FAC00FBF77AFA0F4A1049104804F0F5FF104B22
:106FBC001049114AC3E9001210BD00BF20950020F2
:106FCC00B487002054E30020100D00205D62000007
:106FDC00F80C002079510000A9520000D4180020B0
:106FEC00C49E0020D48700204D060000608A00203B
:106FFC001495002080C3C9010700008090F81CC0C4
:10700C004160BCF1020FC26001D18368184701F0E6
:10701C003BBD00BF30B504468E460068114640F2B9
:10702C000122026123B31D46BEF1000F21D072462E
:10703C0012F801CB9646013DC0F864C0026F92076E
:10704C0007D48C46013B426F19B10CF8012B6146F9
:10705C0020684269D207F1D5002DE5D143B1026F0A
:10706C009207FCD4426F09B101F8012B013B03D10B
:10707C0030BD94F83CC0DEE72068026F9207EED476
:10708C00F0E700BF304B314910B5D3E9114E9EF8F3
:10709C000400C8771A6C94F804C081F81CC00877F7
:1070AC0052B1B2F5004F23D329495118274A19641C
:1070BC00D07682F81BC010BD19680F24D86C8C6573
:1070CC0040F20134CA610C614FF47C544C610321D1
:1070DC000468246883F83D101E4B9C4220D1037F2A
:1070EC004260022BC26020D18368BDE81040184773
:1070FC002468E18B090421D4E283DEF80010B4F893
:10710C001EE0A4F816E0CC8B240412D4CA83CA8BDC
:10711C00CA8200210D4A1964D07682F81BC010BDBA
:10712C0023461146BDE810401847BDE8104001F059
:10713C00ABBCCC8B62F30804CC83E8E7E18B62F345
:10714C000801E183D9E700BF6487002000800E406E
:10715C000180FFFF0D4D0000304B314910B5D3E9D4
:10716C00114E9EF80400C8771A6C94F804C081F88C
:10717C001CC0087752B1B2F5004F23D329495118DE
:10718C00274A1964D07682F81BC010BD19680F24E9
:10719C00D86C8C6540F20134CA610C614FF47C549C
:1071AC004C6103210468246883F83D101E4B9C42FB
:1071BC0020D1037F4260022BC26020D18368BDE8DE
:1071CC00104018472468E18B090421D4E283DEF8CF
:1071DC000010B4F81EE0A4F816E0CC8B240412D4F2
:1071EC00CA83CA8BCA8200210D4A1964D07682F8F0
:1071FC001BC010BD23461146BDE810401847BDE822
:10720C00104001F041BCCC8B62F30804CC83E8E75E
:10721C00E18B62F30801E183D9E700BF14870020FA
:10722C0000800E400180FFFF0D4D000043682DE9EA
:10723C00F04FD3E90041814D4FF0B80922684FF06F
:10724C000F0B22EA01027E492260AA6911407D4A95
:10725C000A43AA6190F810E07B4A03EB0E0603EB9D
:10726C008E0E317C02EB01118968C1F8009090F808
:10727C0011C003EB0C050CF10A0C95F8241002EB71
:10728C0001118968C1F80090817C03EB010803EBC4
:10729C00810198F838A002EB0A1ADAF808A0CAF8AB
:1072AC000090D4F800905F6849EA0709C4F8009090
:1072BC00347CDEF814E002EB04146468C4F800E0DB
:1072CC0095F8244053F82CC002EB04146468C4F8FD
:1072DC0000C098F83840C96B02EB04125268116078
:1072EC009A6C98F8441011601A6A317F5B6B1160CC
:1072FC0095F830201A60022203681A61C3F858B05E
:10730C00C27C002A32D072B6C37CDD0708D54FF0A0
:10731C00E0214469D1F8802122408262C1F88021A9
:10732C009C0708D54FF0E0218469D1F884212240D4
:10733C00C262C1F88421590708D54FF0E021C46915
:10734C00D1F8882122400263C1F888211A0708D598
:10735C004FF0E021046AD1F88C2122404263C1F83D
:10736C008C21DF065CD462B6C27C0368374D816821
:10737C00A9425FD0314985608969354CC1F3011749
:10738C00C1F38261334E54F827400131B4FBF1F460
:10739C00B44230D80021C16000241C6103245C621B
:1073AC000724196401211C66196112B3D60704D590
:1073BC00816A4FF0E023C3F80011950704D5C16A28
:1073CC004FF0E023C3F80411540704D5016B4FF0C0
:1073DC00E023C3F80811110704D5416B4FF0E023EB
:1073EC00C3F80C11D30604D5826B4FF0E023C3F81D
:1073FC001021BDE8F08F1849A1FB0461090DB4FB05
:10740C00F1F4AC4288BF0131B1F5817F14D202296D
:10741C00C0D902394C0804EB042441EA0421BAE730
:10742C004FF0E022416AD2F890310B408363C2F8EE
:10743C00903198E7C168AFE70849ACE700C00F404E
:10744C00CFFFFFE310000008740E002000093D0080
:10745C00400D0020FF083D0083DE1B43FF7F7F00B3
:10746C000BB1FFF7D7BD7047A1F1280370B50646E5
:10747C0082B0252B2DD8DFE803F013522929695649
:10748C002C2C2C2C2C2C2C2C2C2C2C2C2C2C2C2C30
:10749C002C2C2C2C2C2C2C2C2C2C2C2C2C2C4242F4
:1074AC0006F12B0541362C4614F8012F0121631EE1
:1074BC00FF2A1046A3EB050306D0DBB20F2B84BFCB
:1074CC000221104601F074FFB442EDD1012002B04C
:1074DC0070BD3F294FD901F03F03F01890F82C00F4
:1074EC00FF28F3D011F0300F47D0102B49D001F00A
:1074FC004DFF031E18BF012386F82730E6E701F085
:10750C003F04344494F82C00002A30D1114601F089
:10751C001BFF012194F82C0001F04AFFD6E710461E
:10752C0001F0BCFED2E7194C022A1949194B4868E4
:10753C0022688CBF02240524A3FB0232920C04FBAC
:10754C0002F24B681B1A9A42FBD8BFE71049002A7B
:10755C000E4C104B48682268A3FB02324FEA924251
:10756C0008BF00224B681B1A9A42FBD8AEE70221D7
:10757C0001F01EFFAAE70020A9E7114601F0E4FE86
:10758C00A4E7019003F07AFC0198B0E71087002083
:10759C00001000E083DE1B43143930B5044683B081
:1075AC000C2908D8DFE801F01107071F324F070735
:1075BC00070707070A00002003B030BD4A21204608
:1075CC0001F03EFA012003B030BDA26923680AB96C
:1075DC009A68A26120465A78492101F031FA3B4859
:1075EC00FFF724FEEEE7002AECD0501E374C591E54
:1075FC00226853FA80F011F8013F5366D36D13F4EF
:10760C00F81FFBD08842536FF5D1DBE72368A169E3
:10761C001B7B5A1E022A4BD90723009101932B483E
:10762C00DDE90012FBF738FC2368204649211A7863
:10763C0001F006FA636922682C211D4620460023BE
:10764C009278A847BEE7226800232C212046D278E6
:10765C006569A8472368492120465A7801F0F0F95A
:10766C001A4AD37C002BADD0DD0704D5906A4FF0BD
:10767C00E021C1F800019C0704D5D06A4FF0E0214D
:10768C00C1F80401580704D5106B4FF0E021C1F884
:10769C000801190704D5506B4FF0E021C1F80C011B
:1076AC00DB068FD5926B4FF0E023C3F8102189E7EE
:1076BC009B000091DAB21B0703D5082A03D0044BB8
:1076CC00ACE7044BAAE7044BA8E700BF6487002093
:1076DC00070000C0070000400700008080F835104C
:1076EC0080F8362080F83730704700BF2DE9F04F16
:1076FC001E46531C85B090F8AAB09BB281460F462B
:10770C00924600938B19DDF838809BB200F0A2FDF5
:10771C00002837D0002E33D0BBFA8BF301255B0940
:10772C00039398F80000002300EA0501084610E0D6
:10773C00002938D112F0FF051FFA8CF307F101076D
:10774C0002D108F101080125B3421ED098F80010AF
:10775C002940F41A03F1010C6A00C9B2A4B2002842
:10776C00E6D00029E6D10022F91A89F8AAB00092D5
:10777C0089B252464846264600F0BCFC002CD0D1BB
:10778C0089F8AAB005B0BDE8F08F88B999F8A9308E
:10779C00002BF5D10446039BB91B89F8AA300023B2
:1077AC0000933346E4E799F8A9201AB12646B8E7C6
:1077BC000024D8E71E46EEE72DE9F04782B01F46BD
:1077CC000B448246BDF8289014469BB2884602EBC7
:1077DC0009060B9DB6B2009600F03CFD90B1B9F1D4
:1077EC00000F0FD007F10709C9F3CC092246013469
:1077FC0000953B46A4B2414650464D44FFF776FFF8
:10780C00A642F3D102B0BDE8F08700BFBDF800C0BE
:10781C00CDF800C0FFF7D0BF2DE9F04383B01F4671
:10782C00CB188046BDF8289014469BB20E4602EB4E
:10783C000905ADB2009500F00DFD80B1B9F1000F56
:10784C000DD04FF00009224601343B463146A4B21C
:10785C004046CDF8009000F04DFCA542F3D103B0AA
:10786C00BDE8F0832DE9F0411E4684B0CB1880466C
:10787C00BDF828700D469BB214460393D3199BB2E6
:10788C000093039B00F0E6FC10B904B0BDE8F08156
:10789C0000232246294640460093334600F02AFC3A
:1078AC00012FF2D9023F0134BFB2A4B257B900275D
:1078BC0033462246294640460A9704B0BDE8F041BB
:1078CC0000F018BC012322462946404600933B4653
:1078DC0000F010FC012322463C4400934046039BDD
:1078EC00A4B2591E3B4689B200F004FCDFE700BF8E
:1078FC0003682DE9F043064683B090F850900024BD
:10790C0090F8515093F8118000E033681B7C2A46A4
:10791C00F76C002113FB04FC0134304601354FEAAF
:10792C00CC0CEDB217FA8CFCCDF800C001F044F889
:10793C00E3B2994501D9A845E7D803B0BDE8F08377
:10794C000268002190F85030127CC06C03FB02F2EC
:10795C00D20005F061BB00BF00B583B00190FFF70A
:10796C00C7FF019803B05DF804EB01F05FB800BFEE
:10797C00836C00B583B080F851101B680190984758
:10798C000198836C5B6803B05DF804EB184700BF8B
:10799C0090F8AB20034612B90021FFF7E9BF02684B
:1079AC00002100B590F850C083B0127CC06C0CFB69
:1079BC0002F20193D20005F02FFB019B0021184627
:1079CC0003B05DF804EBFFF7D3BF00BF10B504465E
:1079DC0082B0FFF78DFF94F8513094F85000226874
:1079EC000344517CDBB2994214D994F8AB1031B9F1
:1079FC0020461946FFF7BCFF012002B010BD127CD7
:107A0C000021019300FB02F2E06CD20005F004FBB4
:107A1C00019BEDE7204601F009F8002002B010BDF3
:107A2C0010B50446FFF7B4FF2046FFF7CFFF002840
:107A3C00FAD101462046BDE81040FFF799BF00BFC0
:107A4C000346082201481A70704700BF4C9A002068
:107A5C0030B585B004460D46094900931346094AD2
:107A6C0000F0F6FF0DF10F00FFF7EAFF064B0146A1
:107A7C009DF80F202046009500F040FD05B030BD6C
:107A8C00F5650000FD630000D95F0000405A40BA64
:107A9C0080B27047002070470A46112108B5034692
:107AAC0092F800C0104683F800C092F801C083F829
:107ABC0001C092F802C083F802C092F803C083F8A8
:107ACC0003C092F804C083F804C092F805C083F890
:107ADC0005C092F806C083F806C092F807C083F878
:107AEC0007C092F808C083F808C092F809C083F860
:107AFC0009C092F80AC083F80AC092F80BC083F848
:107B0C000BC092F80CC083F80CC092F80DC083F82F
:107B1C000DC092F80EC083F80EC092F80FC083F817
:107B2C000FC092F810C083F810C0FFF7AFFF844667
:107B3C0013211046A3F812C0FFF7A8FF84461521A5
:107B4C001046A3F814C0FFF7A1FFD88208BD00BFF0
:107B5C00012B08D0022B03D043B9104480B27047DC
:107B6C00801A80B27047084480B27047401A80B2C5
:107B7C00704700BF012B08D0022B03D043B9084437
:107B8C0080B27047401A80B27047801A80B270473A
:107B9C00104480B2704700BF2DE9F04F87B0064605
:107BAC000C4690F8808090F881B005920FE096F822
:107BBC008520002A35D004EB0803039AAC420BF164
:107BCC00010B4FF00008A3EB020736D3FCB296F87A
:107BDC0082204FFA8BFAB6F87E904FFA88F1A2EB1E
:107BEC00080596F8883003925246EDB2B6F87C0040
:107BFC002746AC4228BF2F46FFF7BCFF04904846EF
:107C0C00FFF7A6FF059A002AD1D00093024696F8FA
:107C1C0086C03B460499304686F8AAC000F06AFA42
:107C2C00C9E70093024696F887C03B460499304654
:107C3C0086F8AAC000F05EFABDE786F8803086F8B8
:107C4C0081A007B0BDE8F08F2DE9F04F90F890209F
:107C5C00002385B08167072A80F884300E7840F2C3
:107C6C005881A2F108040131E4B281674FF0FF336F
:107C7C0090F8915080F8844093402A1926EA030624
:107C8C005FFA82FE4FFA86FABEF1070F80F882A0E7
:107C9C000B7843FA04F30CD9AEF108024F1CC4F173
:107CAC0008045FFA82FE8767E4B24A783946A2403C
:107CBC0013434FF0FF3290F8927080F884E0AA40A2
:107CCC0023EA020390F8AA2080F88620B2FA82F206
:107CDC00520980F887205AB280F88320039207EB70
:107CEC000E0291F800C0D4B24CFA0EFC072C0ED93F
:107CFC00CEF1080201F1010E083CD2B2C0F878E0D6
:107D0C004978E4B201FA02F2714642EA0C0C90F89E
:107D1C00938080F8844008EB040B91F800E05FFA44
:107D2C008BFB4EFA04FEBBF1070F0ED9C4F108020F
:107D3C004C1CABF1080BD2B2846749785FFA8BFB11
:107D4C0001FA02F2214642EA0E0E90F8942080F8D5
:107D5C0084B002EB0B0491F80090E4B249FA0BF9F1
:107D6C00072C0BD94D1CCBF1080B083C5FFA8BFB95
:107D7C008567497801FA0BF141EA09094FF0FF31A7
:107D8C0080F88440BAF1000F02EB010401FA02F210
:107D9C00E4B229EA02024FF0010909FA04F4A2EB59
:107DAC0004024FFA82FB40F3B08008EB010201FAA7
:107DBC0008F8B940013FD2B22EEA0808FFB22CEA0B
:107DCC00010109FA02F2044609FA07F9D21A90F8ED
:107DDC008830A1EB0901B0F87C00A2EB080249B293
:107DEC0052B2FFF7C7FEA4F87C000746B4F87E0039
:107DFC00FFF7AEFE0246A4F87E00032B00F2A9802A
:107E0C00DFE803F0898F9902C6F10103411C03449A
:107E1C0089B29AB2039BFB189BB20091204639465B
:107E2C0000F018FA002870D0002294F884304FF03B
:107E3C00FF38DDF80CA0A4F8802094F88E00A16F18
:107E4C00C2180E78D2B21E41072A0CD9C3F108030E
:107E5C0001F1010C083ADDB2C4F878C04B78D2B20B
:107E6C006146AB401E4394F88F3008FA00F084F85A
:107E7C00842003EB020C26EA00060D785FFA8CF0E6
:107E8C001541F6B207280BD901F1010CC2F1080219
:107E9C000838D2B2C4F878C0497801FA02F2154316
:107EAC0008FA03F384F8840025EA0305EDB20022F6
:107EBC0031462046FFF770FE012229462046FFF787
:107ECC006BFE94F88420A76F531CC2F1080039781C
:107EDC00A2F1070EDBB207F101091141C0B2072B69
:107EEC000A4606D9C4F878905FFA8EF37A78824005
:107EFC000A43D20784F88430D9D494F981205245AE
:107F0C009BDB94F8863084F8AA30584605B0BDE85F
:107F1C00F08F1446AAE60399F31941189BB289B263
:107F2C007BE7039B3118C3F101007B1C89B23844F9
:107F3C009BB287B271E7C6F101017B1C39449BB23D
:107F4C008FB20399C1F10100511C104489B282B265
:107F5C0063E701463B4660E7036FFF2903F1170314
:107F6C000FD860292FD9B0F8A0201344587818B92D
:107F7C0070470344587860B31A788A42F9D1981C38
:107F8C007047B0F8A220134410B51A460C460021D5
:107F9C001046FFF77BFD022103441046FFF776FDE8
:107FAC00844202F10402F2D81A889AB152BA92B2FF
:107FBC0005E09A781344188842BA92B210B19442F0
:107FCC00F7D1D81C10BD4029D0D9B0F89E2013444D
:107FDC00CCE77047104610BD30B5044690F88800C9
:107FEC0083B00D4603280BD8DFE800F02C23021ACF
:107FFC00616F2046CDE900238847009A019B121A35
:10800C0019462046A4F87C50A4F87E20FFF7A4FF64
:10801C0020B101462046FFF717FE80B203B030BDF9
:10802C00616F2046CDE9002388470544DDE9002334
:10803C00E6E7616F2046CDE9002388472D1ADDE97C
:10804C000023DDE7616F2046CDE900238847009AC5
:10805C00019B0244D4E700BF014B4367704700BF4C
:10806C00A5570000036F8B4226D003468C3000B519
:10807C0083B01967CDE90013FFF70EFD009ACAB162
:10808C00019BB3F8992093F8A510A3F8A62089B109
:10809C00012942F3072C52B20FD093F9980093F9AF
:1080AC00961001448A42B8BF83F8A610604501DAE5
:1080BC0083F8A70003B000BD704793F99B1093F9A8
:1080CC009C008A42B8BF0A46604583F8A620F1DAC4
:1080DC00EEE700BF00B59DF804C0D0F844E0CDF841
:1080EC0004C0B0F856C0A2EB0C02F4465DF804EBE9
:1080FC0092B26047944690F8A42000B59DF804E035
:10810C0002B103B900BD012B05D0BEF1020F29D07D
:10811C00BEF1030F57D01EF0010F26D0B0F860202F
:10812C008A42EFD8B0F862208A42EBD96344B0F8A7
:10813C006420B0F866E09BB263454BD2E64548D963
:10814C000EF1FF339BB29A42DCD2944538BF944671
:10815C009E4594BFCCEB0E02CCEB03024FF0010E0C
:10816C0093B225E00131C91A89B2B0F86420624596
:10817C00C8D8B0F866206245C4D90B44B0F860206A
:10818C00B0F862E09BB28B4228D28E4525D90EF115
:10819C00FF339BB29A42B5D2914238BF11469E45ED
:1081AC0094BFC1EB0E02C1EB03024FF0000E93B271
:1081BC006246D0F848C0CDF804E0DCF808E0F4469C
:1081CC005DF804EB60470CF10102D21A1FFA82FC35
:1081DC00A4E79446E645B6D800BD11468E45D9D8DD
:1081EC0000BD00BF00B54FF0000C83B0CDF800C04F
:1081FC00FFF780FF03B000BD00B54FF0010C83B05A
:10820C00CDF800C0FFF776FF03B000BD10B5B0F895
:10821C0064E082B096450BD8B0F866E0964507D975
:10822C00B0F860C08C4503D8B0F862308B4201D8EE
:10823C0002B010BD4FF0000C0123CDF800C0FFF7C9
:10824C0059FF02B010BD00BF032928BF012180F8DF
:10825C00AA107047B0F864C010B5BDF808E0B0F8CB
:10826C006640F4452CBF4FF0000C4FF0010C7245EA
:10827C0094BF4FF0000E4FF0010E944217D9BEF18F
:10828C00000F04D1BCF1000F01D1002010BDB0F8DB
:10829C006020B0F862409A422CBF002201228C422E
:1082AC000CD9994294BF104642F0010010BDBEF1AA
:1082BC00000FEAD0BCF1000FE7D0E8E7994294BF79
:1082CC00002002F0010010BD2DE9F0474FF0010C29
:1082DC0002F0070490F8AA600CFA04FC9DF82050F8
:1082EC00012E5FFA8CFC40F28C804FF0000E066879
:1082FC0022F00702367C06FB02F24FF6F8761640A7
:10830C000E44C16C3144002D5BD15A1E90B206282C
:10831C0043D9A846AA462C466EF30705C1466EF310
:10832C00070A6CF30708A3F108066CF307096EF350
:10833C000F256EF30F2A6CF30F286CF30F29C6F37D
:10834C00CC066EF317456EF3174A6CF317486CF3B3
:10835C00174901366EF31F656EF31F6A6CF31F68C5
:10836C006CF31F690A461068083201342843A7B21F
:10837C0080EA0800BE4242F8080C52F8040C40EAAD
:10838C000A0080EA090042F8040CECD8F600B6B2F8
:10839C009E420ED09B1B31445A1E92B201320A44AB
:1083AC000B784EEA03038CEA030301F8013B8A4283
:1083BC00F6D1BDE8F0874FEA4E0E4FEA4C0C002B7D
:1083CC00F7D00A780134013B4EEA020214F007049C
:1083DC009BB28CEA02020A70EDD190F8AA20B0F898
:1083EC005250012A294404D94FF0010C002BE8D13A
:1083FC00DFE79646E3D04FF0010CE646002BE0D1C8
:10840C00D7E7E6467FF473AF4FF0000C6FE700BF81
:10841C009DF800C0CDF800C0FFF75CBE10B5B0F8F9
:10842C006E1082B0B0F86A300446B0F86C2000913F
:10843C00B0F86810FFF70EFF18B984F8A40002B06A
:10844C0010BDB4F868300121B4F8602084F8A41091
:10845C009A42B4F8622038BFA4F86030B4F86A309D
:10846C009A42B4F8642088BFA4F86230B4F86C3037
:10847C009A42B4F8662038BFA4F86430B4F86E3071
:10848C009A4288BFA4F8663002B010BD0021B0F843
:10849C005C20836DA0F86010A0F862204366FFF7A3
:1084AC00BDBF00BF90F850C001684FEACC0210B5B8
:1084BC00A0F854200B7CDB00A0F8523090F851301F
:1084CC004FEAC30E9C44A0F856E04C7CE31ADB0048
:1084DC009BB2A445C8BF1A460023B1F814C0CC8A7D
:1084EC00194672446EF30F036CF30F0162F31F43D2
:1084FC0064F31F41C0E9163110BD00BF38B54364A9
:10850C0001230025C16480F8AB304FF48071049BCB
:10851C000446A0F8A91080F8502080F8515080F83B
:10852C00855080F8A55005671A6883649047A26C43
:10853C00054B2046C4E91A33536898472046FFF789
:10854C008BFD84F8885038BD0000FFFF19B10A2953
:10855C0001D0084670474FF6FF707047002380F833
:10856C002630704700B5D0F810E00A4600232021D1
:10857C00F4465DF804EB604700B5D0F810E0134604
:10858C000A461721F4465DF804EB604700B583B04A
:10859C008DF807100DF107020121FFF7EDFF03B075
:1085AC0000BD00BF00B5D0F80CE00A460023152131
:1085BC00F4465DF804EB604700B5D0F80CE00A46D1
:1085CC0000231621F4465DF804EB604700B5D0F8A3
:1085DC000CE013460A461721F4465DF804EB60479D
:1085EC0000B50023D0F80CE01821F4461A465DF8CB
:1085FC0004EB604700B50023D0F80CE01921F446D9
:10860C001A465DF804EB604770B50C4682B006461E
:10861C001546FFF7E5FF237843B91BE0612B304685
:10862C0001D1FFF7C9FF14F8013F9BB155F8041BAA
:10863C002378C9B2632B8DF8071010D0642BEDD1C1
:10864C000DF1070201213046FFF7C0FF14F8013F7E
:10865C00002BEBD13046FFF7CDFF02B070BD30469A
:10866C00FFF7A0FFDFE700BF70B5054682B00C46F0
:10867C0094F800C0BCF1190F15D8BCF1170F2AD80B
:10868C000DF107024FF0010128464FF0000317D1FE
:10869C00637802348DF80730FFF798FF94F800C028
:1086AC00BCF1190FE9D9BCF1FE0F4FF02901284696
:1086BC0019D1627802348DF8072000F0C1F9D7E7A0
:1086CC00BCF1140F61460ED962780234EE688DF855
:1086DC000720B047CCE7002361462846EE681A46CF
:1086EC000134B047C4E702B070BD00BF30B50D46D1
:1086FC00143983B00446052924D8DFE801F00B2097
:10870C0014030B0B01212046CDE90023FFF72AFFB0
:10871C00DDE90023D4F810E029462046F44603B0E6
:10872C00BDE830406047012100922046FFF71AFF58
:10873C0000992046FFF72AFF012003B030BD00212D
:10874C000092F2E70020F8E70E292DE9F04F804661
:10875C0085B0154600F0AC800F290CD00B2903D046
:10876C00002005B0BDE8F08F002A40F0AF805949D9
:10877C00FFF77AFF98E09B46FFF732FF98F822400C
:10878C0075219BF8066040469BF805302F46F60095
:10879C0004EB8304F6B2FFF705FF40463146FFF7C2
:1087AC000BFFF11D40464C4EC9B2FFF705FF5B466F
:1087BC005FFA84FB1D79D9461C686A1E04F10C0A09
:1087CC00D2B2CDE900B50AEBC20A251DCDE9027380
:1087DC0015214046FFF7E6FE494640462F1FFFF79E
:1087EC00EBFE09F101014046B346C9B2FFF7E4FEC6
:1087FC005C214046FFF7D6FEB44617F8012BACF1CE
:10880C00200342F300010433520803F8081C6345AB
:10881C00F7D1AF4203F1010C2C46EED12F4A2021A7
:10882C004046FFF7D3FE15214046FFF7BBFE09F18A
:10883C0002014046C9B2FFF7BFFE09F103014046F1
:10884C00C9B2FFF7B9FE5C214046FFF7ABFE05F15C
:10885C00040C14F8012BABF1200342F30001043398
:10886C00520803F8081C5B45F7D1644503F1010B72
:10887C00EFD10835194A2021404609F10409FFF7C8
:10888C00A5FE55455FFA89F9A2D1DDE90273DDE950
:10889C0000B5013F0BEB850517F0FF075FFA85FB71
:1088AC0088D14046FFF7A6FE012005B0BDE8F08F49
:1088BC00FFF796FEC1214046FFF774FE294640465D
:1088CC00FFF77AFE4046FFF795FEEDE70449FFF708
:1088DC00CBFEE9E71C80002034E4002010E40020EB
:1088EC00248000200A2910B5044612D00D2906D088
:1088FC00092916D1114900F029F8012010BDA2B99F
:10890C000F49FFF7B1FE236801209B7C84F82230CD
:10891C0010BD00F021F820460A49FFF7A5FE012002
:10892C0010BDBDE81040FFF70FBF0749FFF79CFED5
:10893C0023680120DB7C84F8223010BD2C800020C1
:10894C00B87F0020D07F0020C47F002001608B7C8A
:10895C0080F82230704700BF38B5002328214569C4
:10896C0004461A46A8470023142120461A46E568F7
:10897C00A847204601224B2100F062F823682046CC
:10898C0029211A7900F05CF8204600224B2100F0D6
:10899C0057F82368204629211A7900F051F820460F
:1089AC0001224B2100F04CF82368204629215A79EA
:1089BC00BDE8384000F044B830B583B084688DF819
:1089CC0005101946069D6B468DF8062001228DF880
:1089DC0004100F210095A04703B030BD00B5002353
:1089EC00D0F808E00921F4461A465DF804EB60471C
:1089FC0000B50023D0F808E00A21F4461A465DF8C9
:108A0C0004EB604700B5D0F808E00A4600230B21C0
:108A1C00F4465DF804EB604700B5D0F808E00A4670
:108A2C0000230E21F4465DF804EB604700B50023EB
:108A3C00D0F808E01021F4461A465DF804EB6047C4
:108A4C0000B5D0F814E00023F4465DF804EB604761
:108A5C0003614FF0FF33C362036343638363C363F8
:108A6C00A0F840300023C0E9021203604FF60071F9
:108A7C00FF2280F826308361009BA0F8231080F839
:108A8C0028204361FFF7AABFEFF3108272B6437F31
:108A9C0033B9017F012907D0032911D00123437772
:108AAC000AB962B670477047DFF868C0DCF800108E
:108ABC00F9B1164943610B68086083615861EDE7B1
:108ACC0000B5DFF854E01249DEF800C0BCF1000F2D
:108ADC0016D043610B68836158614FF0E0234FF06F
:108AEC00805C0860C3F804CD0123437702B962B6F9
:108AFC0000BD064BCCF800001860C0E90511CDE7AD
:108B0C00C0E905CCCEF80000E7E700BF5096002086
:108B1C0048960020449600204C96002070B5EFF348
:108B2C00108272B60C4C206880B10C4E0025436943
:108B3C00236073B19D6102B962B68368457798472B
:108B4C00EFF3108272B620680028F0D102B962B639
:108B5C0070BD3360EFE700BF4C96002048960020B4
:108B6C00FFF7DCBF0449054A4968054B19601368D7
:108B7C0001331360704700BF001000E044E3002095
:108B8C0040E30020704700BF704700BF704700BF34
:108B9C00704700BF70B51A4C1A4D2368AB4202D017
:108BAC00194AD16829BBA369AB4202D0164AD169D4
:108BBC00C9B9236BAB4202D0134AD16A69B9A36C11
:108BCC00AB4209D0104AD16B31B101211B680F485F
:108BDC00D163BDE87040184770BD01211B680C487B
:108BEC00D1629847EBE701211B680A48D16198478D
:108BFC00DFE701211B6804F10800D1609847D2E738
:108C0C00C0920020A00C00200041084010930020CE
:108C1C00F8920020E092002038B5064CA4F16005D3
:108C2C0054F8083C2046183CDB689847AC42F7D116
:108C3C0038BD00BF10930020036870B5164688B08D
:108C4C00002B50D000229A600122DA60324C05468B
:108C5C0004A81C1951F8083B241102935B6898472F
:108C6C002E4904EB4403DB0003F10800CA580193BE
:108C7C000844D26800909047DDF808C0019B274952
:108C8C00009841F803C02649DCF80830029104A989
:108C9C009847029B04A8DB6898472B68032021495E
:108CAC001E6098602B7920480B550B784A78DFF8BA
:108CBC008CC09342C0F828C228BF13468878CA7863
:108CCC00834228BF0346934228BF1346174C4FF0EC
:108CDC00E0214FF08060012284F87A30C1F80C0159
:108CEC00104608B070BD124AD36E43F44053D3669D
:108CFC000122104B1A60104A1346026040329C68E5
:108D0C00002CA3D0103393420360F8D100231A46F1
:108D1C000360104608B070BD00BFF7BFC0920020C2
:108D2C00A00C0020C88700200090002000E400E088
:108D3C0000C00F400040084000410840A5680000FA
:108D4C000268002A32D01A4B1A49D3181B1103EBB4
:108D5C00430210B5D20082B00446019302F1080020
:108D6C008B5808440092DB689847009A12481149C6
:108D7C00019B88500021226801209160D060FF2067
:108D8C000E4AD0541378507892F802C0834228BF10
:108D9C000346D0780A4A634528BF6346834228BFFE
:108DAC00034682F87A30216002B010BD704700BFD4
:108DBC0000BFF7BFC0920020A00C0020C887002085
:108DCC0000E400E0074B0020DFF824C0064A074906
:108DDC00C3F800C0C3F818C0C3F830C0C3F848C00B
:108DEC0003F0DAB8C0920020D48700202969000073
:108DFC00A00C0020084601F0B1BF00BF2DE9F041E6
:108E0C000C46D1B1EAB180468F1800250E4E04E015
:108E1C0001F0A4FFBC4205440CD0D8F8003014F883
:108E2C00010B1B68B342F3D0014640469847BC4245
:108E3C000544F2D12846BDE8F0810D462846BDE830
:108E4C00F0811546F6E700BF056B0000044B0228C5
:108E5C0088BF0346D3F800C01846DCF80430184726
:108E6C00B487002000B9704715490A68FAB1DFF8D9
:108E7C0058C0D31700B58CFB02ECDFF850E09444DB
:108E8C00C3EB2C43DFF848C00CFB132244F2A71CA5
:108E9C000EFB03F30CFB0233002B0FDA6FF00042D6
:108EAC009A180A60B2FBF0F300FB132000BD054AD0
:108EBC00B2FBF0F30A6000FB132070471A46F0E790
:108ECC004096002042CE0C1F5F0B4E83ECF4FFFF4C
:108EDC001DF301002A284AD8264B70B51B7806468C
:108EEC00E3B9254B9B5DFF2B2AD0244A02EB0612DB
:108EFC0091680A6802F44050B0F5805F31D01C06CE
:108F0C0020D41F4C2360236AD80704D401F0B6FF89
:108F1C00236AD907FAD51A4B586A70BD184C194DEB
:108F2C0001E001F0ABFFA36C1B06FAD4AB6C13F0A1
:108F3C008003F6D10F4A13700F4B9B5DFF2BD4D1DE
:108F4C00002070BD0F4C03F07F032360236ADA0707
:108F5C0004D401F093FF236ADB07FAD5094B586A56
:108F6C0070BD22F480521C060A60EBD4C9E70020C5
:108F7C00704700BF55E4002080120020740E0020C2
:108F8C0000400C4000800C40A94AAA4B90422DE9AD
:108F9C00F047A94CD3F814E09969D4F80CC000F24E
:108FAC00088103F1437303F5F4530333A3FB00234C
:108FBC00DB0D03EB830303EB830202F2B63240F2C8
:108FCC0027639A4228BF1A469C4BA3FB0232D20855
:108FDC00203A984D0CF01F04D5F88030944243F0A1
:108FEC00C003C5F880300BD22CF01F0C924C4CEA0D
:108FFC00020CC4F80CC02368002BFCDA0CF01F0424
:10900C001EF0007327D18E4D2E698E4DB54300F0A6
:10901C00FA8081F4805576464FF4805716F0605FE5
:10902C0006D02EF0605E4EEA030E824BC3F814E0BD
:10903C0015F4405F07D021F440517E4D3943A961AE
:10904C00AB6C1B07FCD44EF0007E7A49C1F814E0DF
:10905C008B6C9F06FCD47C49884200F2DF80012691
:10906C0035460EE0082D0CD1042E00F2918001360D
:10907C00022506FB00F38B4200F2C3805B008B429F
:10908C0006D8013506FB05F300FB03F38B42E9D947
:10909C00771E05F1FF384FEA872A8EEA87276B493E
:1090AC0059186B4B99427CD9DFF8E4916C236948D1
:1090BC006349B0FBF5F0684DB0FBF6F00E68354037
:1090CC004D4508D043F400534FF480550D600B60B0
:1090DC000B68002BFCDA57490B6903F00703434577
:1090EC0004D0C1F810808B6CDE03FCD417F4E05F65
:1090FC000BD02EF4E05E0AF4E0534E4943EA0E0E18
:10910C00C1F814E08B6C9D07FCD4544D544945199F
:10911C008D4239D8534BED09A3FB05352D0B6B1E36
:10912C001B028EEA030111F4407F07D02EF4407E1F
:10913C0003F440733F4943EA0E034B613D494B69CD
:10914C0023F000734B618B6C9B06FCD4464BA24204
:10915C00A3FB00134FF0FF314FEA9343B0FBF5F53F
:10916C00B1FBF3F34149086041490D6041490B6083
:10917C0008D22CF01F0C30494CEA0202CA600B6872
:10918C00002BFCDABDE8F0874FF440730425C8E7E8
:10919C00771E2E494FF007084FEA872A59188EEA96
:1091AC008727294B99421CD8DFF8E89036233248A0
:1091BC007EE7324B984201D80E220AE7304B984298
:1091CC0028D9304A904227D9821A2F4B120AA3FB76
:1091DC000232D20902EB820202EB820202F2E2427A
:1091EC00EDE6A3F182532948DFF8AC90A3F589335F
:1091FC007E3BA3FB01310B0D03FB00F043EA090995
:10920C0056E7012544E71F468EF0C0560D464FF039
:10921C00C05303E70F22DCE61222DAE601260346EE
:10922C004FF0000A77464FF00008354637E700BF8D
:10923C00001C4E0E00C00F40000008401F85EB5173
:10924C0000800D4040300080FFB19F26808D5B0078
:10925C00FF7EF64D00643F4D7F3001807FD1F008DA
:10926C007F17B42C9F10E50083DE1B431087002072
:10927C000C870020ECA0002000B29F26FF0A6B1B7D
:10928C0000A4781F0046C32323B24C00001BB70078
:10929C006C200080362000800020008000B97047D0
:1092AC002DE9F84F01218146224C234E234D54E8E1
:1092BC00003F3268286844E80013002BF7D120499E
:1092CC004B684FF47A7BDFF87CA01B1A01270BFB51
:1092DC0002F8DAF80020A2FB03235B4594BF984404
:1092EC00D84454E8003F3268286844E80073002BE7
:1092FC00F7D14B68DAF800C01B1A0BFB02F2ACFB7F
:10930C0003C3B3F57A7F94BFD21802F57A72A2EB3D
:10931C000802B2F57A7F08D3B9F1010F08F57A7813
:10932C0009F1FF39DDD1BDE8F88F01F0A7FD044943
:10933C00D7E700BF48E3002044E3002040E30020CF
:10934C00001000E0ECA00020362812D802010C4BD3
:10935C0003EB00109B58C268D3F804C01CEA020F40
:10936C0003D039B1C3F884207047836829B9054A02
:10937C001A607047C3F888207047034A1A60704718
:10938C00740E00203830010038F0010036280BD85C
:10939C00064B020103EB00109A58C36892681A42FC
:1093AC0014BF01200020704700207047740E00206D
:1093BC00362831D802011B4B012903EB00109B58B6
:1093CC0000B55A68D0E902EC12D0042910D022EA78
:1093DC000C025A60C9B102291FD003294FF01502A3
:1093EC000CBF114B114BCEF8003043681A6000BD16
:1093FC0042EA0C0201295A6007D040F63803CEF835
:10940C000030436815221A6000BD38231522CEF8AF
:10941C00003043681A6000BD7047054BCEF8003031
:10942C00EFE700BF740E0020383001003800010057
:10943C0038F0010010B4134A0020134B0121134CD7
:10944C00DFF84CC0C2F8F032C2F8F402C2F8B8101F
:10945C00C2F8A000C2F8A440C2F8B0105369DB07F0
:10946C00FCD551619CF80030DB07EFD4136805493B
:10947C0043F0010313600B68DB07FCD462B610BC2D
:10948C00704700BF00802A400504012401000F0032
:10949C0000812A4010B5DFF840E04FF6FF7C0C4805
:1094AC000EF17E04A0F58053002203E0834202F10A
:1094BC00010203D2198802336145F7D12EF8022F2D
:1094CC00A64500F58050EDD1024B01221A7010BD5B
:1094DC0000107C6057E40020EEA0002041F2BB039A
:1094EC00984238D81D4B10B51B7882B05BB38208FC
:1094FC001B4BDFF874C0A3FB0213D11A03EB51030F
:10950C0018495B09C3EB831E1C46A2EB0E033CF807
:10951C0013C059184FEA4C0C0A030CEB013CBCEB82
:10952C00013F15D900F0030EFF204EEA840E1346BE
:10953C0002321B88D9B21B0A8E4508BF18469445C7
:10954C00F5D802B010BD0190FFF7A4FF0198CEE74B
:10955C00FF2002B010BDFF20704700BF57E4002071
:10956C0005411004C0070600F0A0002030B583B000
:10957C0072B6334B40F20645324C9C610224DC61DE
:10958C000024C3F8A040C3F8F0528518C3F8F44285
:10959C00C3F8F842C3F8FC424FF47024C3F8A4405B
:1095AC000124C3F8B04020F01F03BFF34F8F4FF0DE
:1095BC00E024C4F85C3F20339D42FAD8BFF34F8FB0
:1095CC00BFF36F8F1E4D6B69DC07FCD50123DFF8F1
:1095DC007CC094B220F07F406B6144F47024C5F8D9
:1095EC00F0C242F2012CC5F8F4C2C5F8BC30C5F883
:1095FC00A000C5F8A440124CC5F8B03001E05B06E1
:10960C000AD4636913F00105F9D04123636103B0F7
:10961C00BDE83040FFF70EBF082A0DD842B10A480A
:10962C00CDE9001200F0C0F9DDE9001211442A4620
:10963C00034B40205861E4E7A2F108050822EEE74D
:10964C0000802A40F05AF05A80812A4032041808CF
:10965C0000B5864672B6294B022129480022986132
:10966C004FF47020D96140F20641C3F8F012012189
:10967C00C3F8F422C3F8F822C3F8FC22C3F8A020E4
:10968C00204AC3F8A4000EEA0202C3F8B010BFF3DC
:10969C004F8F02F1200302F580514FF0E02C8B42EA
:1096AC002CBF0121802102EB41118B42CCF85C2FA5
:1096BC001A4603F12003F8D1BFF34F8FBFF36F8F1E
:1096CC000E4A5369D907FCD501200F490F4B4FF4B3
:1096DC00702C50610EEA0303C2F8F0120749C2F86D
:1096EC00A030C2F8A4C0C2F8B0004B69DB07FCD5AF
:1096FC0001235DF804EB4B61FFF79CBE00802A4010
:10970C00F05AF05A00F0FFFF2004180800F0FF0098
:10971C0041F2BB03984200F28E80484B2DE9F04792
:10972C001B78C2B00E460546002B00F08180AB08BA
:10973C00434F05F00305A7FB0327DA1B07EB520782
:10974C00404A7F0945EA8705C7EB8717DF1B3E4B6D
:10975C0032F81740FB1860004FEA033800EB033077
:10976C00B0EB033F68D94246FF21134602321B88F7
:10977C005FFA83FC1B0AAC4508BF19468242F4D33E
:10978C008E4244D0B4F5006F44D302AC4FF48072D7
:10979C00FF21204603F040FC08F1020208F580533B
:1097AC002A48934294BF01234FF40063424603EBD3
:1097BC00C72318184000134602321B888242D9B2C4
:1097CC004FEA13236354F6D10DF1070966550DF2D8
:1097DC00071A00254C464046FFF73AFF14F801CF14
:1097EC0002220DF1060108EB4500631EBCF1FF0FD0
:1097FC00A3EB090306D043EA0C230135ADF8063080
:10980C00FFF7B4FE5445E9D10E4B23F8175042B084
:10981C00BDE8F08702A945EA0625022201340D8035
:10982C00FFF7A4FE074B23F8174042B0BDE8F087C2
:10983C00FFF730FE7BE77047FF21A1E757E40020DC
:10984C0005411004F0A00020C007060000003E30C7
:10985C0062B170B505460C468E182046013415F8D9
:10986C00011BFFF755FFA642F7D170BD704700BF33
:10987C00704700BF36285CD8DFF808C1000170B50E
:10988C005CF80030DFF800E173455BD052D8B3F1DF
:10989C00844F55D0AEF5804E734549D1344E60445B
:1098AC00344CDFF8E8C0C4F8B4C2D0E9015CC0683D
:1098BC004FF0E02E4FF00054042ACEF8104137D868
:1098CC00D3F814E02EEA000EC3F814E04FF0050EA6
:1098DC00C5F800E0DCF800E04EF4803ECCF800E087
:1098EC00D3F804C02CEA000CC3F804C0DFF8A0C005
:1098FC005CF822C090FAA0F2B2FA82F246F822107A
:10990C0022D0D9690F2A21EA0001D96120DC52004A
:10991C004FF0030ED9680CFA02FC0EFA02F221EA9F
:10992C00020242EA0C02DA6098615A6902435A61F7
:10993C0070BD7047DFF85CE07345F9D10E4EAEE7B1
:10994C000E4EACE70E4EAAE7DA690243DA61EBE79A
:10995C00103A4FF0030E196952000CFA02FC0EFA81
:10996C0002F221EA020242EA0C021A61DCE700BFB1
:10997C00E88A002000900020E88B0020688A0020F4
:10998C00688B0020740E0020008000422100000033
:10999C002C04002000C0004208B5FDF725F8FDF7A7
:1099AC0093FA01F06BFAFAE7844641EA000313F0EC
:1099BC0003036DD1403A41D351F8043B40F8043BCA
:1099CC0051F8043B40F8043B51F8043B40F8043B8D
:1099DC0051F8043B40F8043B51F8043B40F8043B7D
:1099EC0051F8043B40F8043B51F8043B40F8043B6D
:1099FC0051F8043B40F8043B51F8043B40F8043B5D
:109A0C0051F8043B40F8043B51F8043B40F8043B4C
:109A1C0051F8043B40F8043B51F8043B40F8043B3C
:109A2C0051F8043B40F8043B51F8043B40F8043B2C
:109A3C0051F8043B40F8043B403ABDD2303211D3CC
:109A4C0051F8043B40F8043B51F8043B40F8043B0C
:109A5C0051F8043B40F8043B51F8043B40F8043BFC
:109A6C00103AEDD20C3205D351F8043B40F8043BCC
:109A7C00043AF9D2043208D0D2071CBF11F8013BCA
:109A8C0000F8013B01D30B8803806046704700BF90
:109A9C00082A13D38B078DD010F003038AD0C3F19F
:109AAC000403D21ADB071CBF11F8013B00F8013B81
:109ABC0080D331F8023B20F8023B7BE7043AD9D340
:109ACC00013A11F8013B00F8013BF9D20B78037015
:109ADC004B7843708B7883706046704702F00CBCF7
:109AEC0002F012BC01F1FF3C70B566464FF0000E5F
:109AFC0001E00EF1010EB0FBF2F402FB1403092B92
:109B0C0003F1370598BF03F130059042204606F863
:109B1C00015FEED201EB0E0300225A70BEF1000F72
:109B2C0011D0481C70440CF102021CF8014F10F8C3
:109B3C00015DA1EB0C03521A8CF80050013B047030
:109B4C0073449A42EFDB084670BD00BF72B6EFF368
:109B5C000583524CC4F884301EF0040F0CBFEFF395
:109B6C000882EFF309824FF0E0234D4DD3F8280D16
:109B7C00D3F82C1DC4E92201D3F8341DD3F8383D99
:109B8C00C4E924139369A83444F8103CD36944F80D
:109B9C000C3C00F0CDF804ED020A01F08FFA0B2317
:109BAC0044F8040C4FF0FF323E4844F8283C2B6834
:109BBC00202104355A4042F30003013903EA000323
:109BCC0083EA5202F7D1A542F1D1344BC3F8A82055
:109BDC00BFF34F8F4FF0E0233149334AC3F8701F66
:109BEC00C3F8702FBFF34F8FBFF36F8F2F4A022430
:109BFC002F48D36E2F4943F44053D3660460D36986
:109C0C002D4823F07F0343F04003D3610B6883425C
:109C1C0040D8274D00204FF0E0234FF0FF32286052
:109C2C000121C5F8080125480C460E46C5F800016F
:109C3C00C5F80811C3F88021C3F88421C3F8882122
:109C4C00C3F88C21C3F8902101E000F071F9D5F82C
:109C5C000C31002BF9D04F2CC5F80C6104F1010428
:109C6C00F3D9174B022017494FF00042C1F84001BD
:109C7C005A63D5F80C313BB9134814490C4A0163AB
:109C8C00D2F80C31002BFAD04FF0E023104AC3F875
:109C9C000C2DFEE7FFF778F9BBE700BF00FF27208C
:109CAC0080FF27202083B8EDA0FF272000C00F40A5
:109CBC000040084010870020803DCD0B009F240001
:109CCC0000900D4000002E4000800F40F100AD0BC5
:109CDC000400FA05094A08B50346106823B1034489
:109CEC0007498B4201D8136008BD03F07BFA0C22A4
:109CFC0003464FF0FF301A6008BD00BFD08700202C
:109D0C0000002820002070474FF0FF30704700BF44
:109D1C004FF4005300204B60704700BF0120704788
:109D2C004FF0FF30704700BF30BFFDE7FFF70EBFAD
:109D3C00124AD2F880305B07FBD5D2F8803010483D
:109D4C00C3F30B230F4990ED007A07EE903A91ED97
:109D5C00006AB8EE477A0C4AF8EEE77A0B4BD2ED74
:109D6C00006A77EEC77A93ED007AB8EE477A67EE21
:109D7C00867A87EEA60A37EE400A704700810D40BE
:109D8C00B8A00020C0A00020C4A00020BCA00020CF
:109D9C00836B70B586460E4610461BB1536843F470
:109DAC000043536072B6DEF8342042B31B4B106094
:109DBC00D3F8B02132421ED1194C656805E06268B7
:109DCC00A2EB050CBCF5166F0BD2D3F8402142F474
:109DDC008042C3F84021D3F8B811D3F84021520483
:109DEC00EDD5314007D10D4ACEE90201D2F8B031A0
:109DFC003343C2F8B031CEF8340062B670BD0749B7
:109E0C00CEE90202D1F8B0313343C1F8B031CEF80B
:109E1C003000CEF8340062B670BD00BF00002E409A
:109E2C00001000E070B5056B95B12B46002403E0E3
:109E3C001B680134012B0CD05A681206F8D5036349
:109E4C0006462CB12846B36B2D689847013CF9D1D6
:109E5C0070BD00220023C0E90C23F1E700B501BB63
:109E6C00DFF8A0C0234B0021234A4FF0010E4FF026
:109E7C0001109960C3F800E0CCE902314FF0800C7E
:109E8C00C3F804C0C2F8BC01D2F8B0311B4843EA95
:109E9C000E03C2F8B0310160D2F8B031002BFBD107
:109EAC0000BD0904164BDFF85CC04FF0010E41F009
:109EBC0080019860104A596000F58051C3F800E0A9
:109ECC00D96000F50051CCF84830196100F54051CB
:109EDC0000F58040596100219861CCF84C10D2F803
:109EEC00B03143F48033C2F8B031D2F8B031002B2A
:109EFC00FBD1B7E74093002000002E40789E002055
:109F0C006093002000000020074901220B7882405A
:109F1C0023EA02030B7033B9044AD2F8483123F018
:109F2C008003C2F84831704760E4002000002E40E6
:109F3C002DE9F047A64C82B0D4F84461F107C4F87F
:109F4C0044614CD5D4F8AC31002B43D0A14DA24F79
:109F5C00DFF8B882C4F8AC31D5E90A20D4F8403126
:109F6C0043F40053C4F84031D4F840319B04F5D588
:109F7C00D4F840314FF0011123F40053C4F84031B0
:109F8C00C4F8B411D4F8B43113F00113FAD191B26E
:109F9C0084463B60B1F5086F00F03A8100F2958081
:109FAC0040F2023E714500F0928100F2A4808229B9
:109FBC0000F0E181B1F5817F00F0B381802940F0A0
:109FCC009580864802210380FFF748FFD4F8AC3116
:109FDC00002BBFD17E4AD2F8BC31002B42D1720685
:109FEC0016D57B4BD3F8AC21C3F8AC21D3F8BC21EC
:109FFC00C3F8BC21D3F8B041002CFBD14FF0FF3299
:10A00C00C3F8B421D3F8843100F040FD744B1C60CC
:10A01C00F40103D5734B1B6803B19847B00103D50A
:10A02C00714B1B6803B19847710708D5684BD3F87F
:10A03C00843113F4007345D06C4B01221A70644BBD
:10A04C00D3F848311A060AD5330608D5684A13786E
:10A05C002BB1013BDBB21370002B00F06D8202B010
:10A06C00BDE8F0875C49C2F8BC310868034240F097
:10A07C0098815B4A12681340B1D01C0C554D1FFAE5
:10A08C0083F810D094FAA4F7B7FA87F705EBC7104A
:10A09C004030FFF7C7FE012303FA07F7BC43F1D1A9
:10A0AC00B8F1000F9BD0012798FAA8F4B4FA84F405
:10A0BC0005EBC41007FA04F4FFF7B4FE38EA040801
:10A0CC00F2D18CE7494A1370B9E742F2212E71455F
:10A0DC005AD049D8B1F5106F00F0A28042F2210C91
:10A0EC00614503D1010C072900F08C814FF001135D
:10A0FC00C4F8C0316AE7B1F5A06F00F0CA80A1F5D1
:10A10C00D0610129F2D83B4B59680029EED01FFAD7
:10A11C008CFE120C03E019690C330029E6D0B3F85D
:10A12C0000C09445F7D1B3F802C0F445F3D14FEA1F
:10A13C00122C000CBCF1030F00F0CB811B89834265
:10A14C0028BF0346B2F5007F9A4640F09A81274B10
:10A15C001B78002B40F0EE81274952462748DFF848
:10A16C009C90FFF721FC9EE142F22133994214D0DE
:10A17C004FF6C0039942B9D183B2FF2BB6D843F442
:10A18C006E4363F30F0CBEE780B230B91C4B120C5C
:10A19C0019681C4B19601C4B1A700023C5F84880B9
:10A1AC00EB64C8F808300123C8F800308023C8F8E5
:10A1BC0004304FF00113C4F8BC31D4F8B03143F47F
:10A1CC008033C4F8B031D4F8B031002BFBD1FDE6AC
:10A1DC0000002E4000000020789E002070A000207F
:10A1EC007C9E00203CE4002040E4002069E4002038
:10A1FC006AE4002044800020282200600000202017
:10A20C0044E3002038E4002067E400204093002061
:10A21C00B34B0121B3481B780370FFF71FFED5E643
:10A22C00AF49120C01930A70AF4AC4F8C821AF4A67
:10A23C00C4F8CC21AE4AC4F8D02100F029FC80220D
:10A24C000199AC4802F0E8FEAB498022019BA9645D
:10A25C004A60AA4AEB64C5F8A02002F13C428B602C
:10A26C0002F56C2202F56F72C5F8E02001220A603B
:10A27C004FF00112C4F8BC21D4F8B02142F4803262
:10A28C00C4F8B0219E4A3B60D2F8B031002BFBD110
:10A29C009CE69949EB648B600123A9640B608023D5
:10A2AC004B604FF001139649C4F8BC31D4F8B0316F
:10A2BC0043F48033C4F8B031D1F8B031002BFBD16A
:10A2CC00130C5B0643F08073C1F854317EE610F03A
:10A2DC00780F7FF40BAF00F07F028A4B000653F827
:10A2EC0022104CBF41F4803141F0010143F822109F
:10A2FC000021814BE96499600121AB6419608021D4
:10A30C007F4A59604FF00113C2F8BC31D2F8B0311A
:10A31C0043F48033C2F8B031D2F8B031002BFBD10A
:10A32C0054E610F0780F7FF4E1AE00F07F02754B2D
:10A33C00000653F822104CBF21F4803121F00101AA
:10A34C0043F8221000216C4BE96499600121AB6445
:10A35C00196080216A4A59604FF00113C2F8BC3170
:10A36C00D2F8B03143F48033C2F8B031D2F8B03106
:10A37C00002BFBD12AE610F078037FF4B7AE00F087
:10A38C007F01604A000652F82110564A138036D5D8
:10A39C00C90301D50123137002215248FFF75EFD5A
:10A3AC0014E60020086058490C88486842F22101E4
:10A3BC008C427FF45EAE80B200287FF45AAE5349D3
:10A3CC00534C03C9A18086284FEA11412060A1712A
:10A3DC007FF44FAE72B64F48017841F0080101701E
:10A3EC00D2F848110D0605D480200143C2F844016F
:10A3FC00C2F8481162B6484A5021117039E6CB07B1
:10A40C00CAD5C7E74049EB60444BC1E900200122A3
:10A41C00AB601A60424A5A603C4A9A60D4F8B01158
:10A42C0041F00101C4F8B01102F58051D96002F578
:10A43C000051196102F5405102F5804259619A614F
:10A44C002F4AD2F8B031002BFBD12B49EB648B6037
:10A45C000123A9640B6048F280034B604FF0011399
:10A46C00C2F8BC31D2F8B03143F48033C2F8B03109
:10A47C004FF48033224A3B60D2F8B031002BFBD131
:10A48C00A4E5B2F5E06F7FF468AE264B1B78002B89
:10A49C004ED12549DFF8949052464846FFF784FA8E
:10A4AC00072389F8013029F01F0309EB0A02BFF3D7
:10A4BC004F8F4FF0E021C1F8703F20339A42FAD809
:10A4CC00BFF34F8FBFF36F8F18485146FFF7C6FC91
:10A4DC007CE50B78834228BF03469A463DE600BFD5
:10A4EC0068E4002070A000200200CC00C80002002C
:10A4FC000200C80080000020409300205DCFC6B849
:10A50C0000002E40C0012E4000950020709E0020BF
:10A51C0030E4002060E400206AE400206093002016
:10A52C008000070069E400208C22006000002020DD
:10A53C000449AFE7044910E60320FFF7E5FC08F0F7
:10A54C0077FC00BF282200608C2200602DE9F043CC
:10A55C00841E83B0022C02D903B0BDE8F083124DE7
:10A56C0090460F46C60105EBC0143C220021019019
:10A57C00201D994602F050FDB8FA88F239045209B0
:10A58C0041EA42710122A951C4F83890A260B9F194
:10A59C00000FE1D00549019B9A400B681A430A60F1
:10A5AC0003B0BDE8F08300BF000000207C9E0020BB
:10A5BC002DE9F043A0F1020E83B0BEF1020F02D9D7
:10A5CC0003B0BDE8F0839146C201124F884602F1F8
:10A5DC00400605463C220021F4190193201D02F08F
:10A5EC001BFDB9FA89FC4FEA0842019B4FEA5C1C3F
:10A5FC0042EA4C72BA510122A363A260002BDFD055
:10A60C00054905F110000B6882401A430A6003B03B
:10A61C00BDE8F083000000207C9E002012044FF067
:10A62C00010C816042F08002C0F800C0C36101F5EA
:10A63C00805C01F54053426001F5005201F5804108
:10A64C00C0F80CC08161C0E904237047831E022B43
:10A65C0000D9704700F1100C064B0A4603EBC010F2
:10A66C0000B54FF0010E0EFA0CF15DF804EBFFF79C
:10A67C008FBB00BF40000020831E022B00D9704707
:10A68C004FF0010C034B0A460CFA00F103EBC0101F
:10A69C00FFF77EBB0000002040687047144B0A2275
:10A6AC00DFF850C0D3F8200220F07F4000EB80038D
:10A6BC0000B55B0085B0604538BF18466946FFF7AA
:10A6CC0011FADFF834C06B4600226046197801326B
:10A6DC00013341B10A2A20F8021FF7D116228CF857
:10A6EC00002005B000BD52008CF8002005B000BD64
:10A6FC0000441F4080969800BC8C002000F0E6BA05
:10A70C0000F0B4BA00F01ABB00F06ABB00F044BB16
:10A71C0070B5164D4FF0E02415494FF40032154E2C
:10A72C0005EB401582B001EB4021C4F88C210346A7
:10A73C00328828460191FFF771FF019933880B4449
:10A74C00BFF34F8FC4F85C1F20318B42FAD8BFF394
:10A75C004F8FBFF36F8F03202946FFF78DFF4FF408
:10A76C000033C4F80C3102B070BD00BF80930020E0
:10A77C008000202048E40020264B1A884368C3F34D
:10A78C000E43D21A002AF0B5C46983B028DD2248E2
:10A79C00224D01782D78CBB2DFF894C0A942204D20
:10A7AC0009D01CF803100F4635F811100E46C1F5F0
:10A7BC0000718A421AD90133002125F81420082B84
:10A7CC00184D88BF0B4625F8141098BF19460CF885
:10A7DC000340154B017019680A441A6003B0F0BDB0
:10A7EC00204603B0BDE8F040FFF792BF0F4906EBDF
:10A7FC0047200192084401EB4421FFF7D5F8019A58
:10A80C0009492046B31825F817300B6813440B6020
:10A81C00E7E700BF48E400205BE400205CE4002094
:10A82C008CA000209CA0002088A00020800020206C
:10A83C00ACA00020224B1A78002A3FD102F0FF0373
:10A84C00204A1278002A39D01F4A1288002A35D0A3
:10A85C001E49C2F5006210B5087884B01C4901EBA2
:10A86C0040141C4901EBC0212046CDE90223019183
:10A87C00FFF7D4FEDDE901120A44BFF34F8F4FF00E
:10A88C00E020039BC0F8701F20318A42FAD8019354
:10A89C00BFF34F8FBFF36F8F04202146FFF7D6FE17
:10A8AC000A480021084B027819800132019BD2B270
:10A8BC00032A98BF1346037004B010BD704700BF45
:10A8CC0066E4002068E400204AE4002065E40020EF
:10A8DC0080940020801020202DE9F04F87B0049048
:10A8EC00002900F0BF8000235F4C604F4FF001093E
:10A8FC00DFF890A15E4E029303915E4B5E4A1D7889
:10A90C003B8802EB451284F800900192002B40F03A
:10A91C00A58098461D469B460198FFF7BDFE10F09A
:10A92C00800000F08B80BFF34F8F9AF8003084F8D2
:10A93C0000B00DB9D6F80080002B7BD13368A3EBA7
:10A94C000803782B00F283804C4B1B78002B71D0C2
:10A95C0000F094FA3B88012584F80090002BDBD0A2
:10A96C0044491A46C3F500600D78039900EBC520E5
:10A97C00DFF814B19142584417D20593DDE9032155
:10A98C000192FFF711F8019A4FF04041059B9B1A79
:10A99C003B803B4BC3F88410BFF34F8F02980023CE
:10A9AC001044237007B0BDE8F08F0499FEF7FCFF4C
:10A9BC0000230BEBC5214FF400620198FFF72EFE2C
:10A9CC000BEBC521BFF34F8F01F1200201F50063A2
:10A9DC00934294BF012340234FF0E02201EB431339
:10A9EC00C2F8701F20318B42FAD1BFF34F8FBFF3E7
:10A9FC006F8F04200199FFF729FE1E4A137801334B
:10AA0C00DBB2042B28BF002313703B88039AD11AA6
:10AA1C00029A1A4403910292049A1A440023049253
:10AA2C00174A3B80C2F88430BFF34F8F2370002944
:10AA3C007FF463AF029807B0BDE8F08F4FF400626B
:10AA4C000C4B8AF800001D7813463A808DE70123E1
:10AA5C0002988AF8003007B0BDE8F08F1A46C3F5AB
:10AA6C00006082E70846E6E766E400204AE400203E
:10AA7C0044E3002065E400208094002068E400207A
:10AA8C0000002E4063E4002080102020704700BF9F
:10AA9C002D4B002180222D4870B51B7800242C4EA4
:10AAAC008B420CBF40234FF400732A4D33802B8014
:10AABC0002F0B2FA284A2146284B14704FF48072E7
:10AACC0027481C8002F0A8FA264A1021264B0220A7
:10AADC00C2E90044C2E90244244AC3E900441470A8
:10AAEC00234AC3E90244234B1C70234614602246BC
:10AAFC00FFF75EFD204B224631880320FFF726FD31
:10AB0C002346012229880420FFF752FD20460134F8
:10AB1C00FFF7FEFD082CF9D1184B00214A221848EA
:10AB2C00184C0460C3F88410C3F88020D3F8482173
:10AB3C00154942F08072C3F8482121B1134A1378A9
:10AB4C0043F00103137070BD69E400208094002071
:10AB5C0048E400204CE4002065E400204AE4002096
:10AB6C00809300208CA000209CA000205BE400209F
:10AB7C0088A000205CE400208984000000002E40A6
:10AB8C003CE4002045850000000000006CE400203F
:10AB9C002DE9F84F4FF400324FF0E023C3F88C212D
:10ABAC002B4B1C78002950D082468B46E4B20027F0
:10ABBC00DFF8B490274B5046274AABEB07081B78BD
:10ABCC00A34204F1010437D0092C244B244928BF9B
:10ABDC0000241E5D39F8163031F8165003EB46216F
:10ABEC00ED1A1144A8452A4617D21E4C424650462F
:10ABFC00FEF7DAFE236839F816105846A3EB0B0360
:10AC0C0088443B4429F8168023604FF0E0234FF42E
:10AC1C000032C3F80C21BDE8F88FFEF7C5FE114ACF
:10AC2C002F4430461368AA445B1B1360084A147007
:10AC3C00FFF76EFDBB45BDD84FF0E0234FF400325B
:10AC4C003846C3F80C21BDE8F88F0846DDE700BF95
:10AC5C005CE400205BE4002080002020ACA00020FD
:10AC6C008CA0002088A000209CA000200B4B0C4A3C
:10AC7C0012781978D3B28A420DD0013309480A4AA6
:10AC8C00092B0A4928BF0023C35C31F8131002EBCF
:10AC9C004323585C70474FF0FF3070475BE4002053
:10ACAC005CE40020ACA00020800020209CA00020B0
:10ACBC00054B186800B1704700B583B0019000F0E7
:10ACCC00DDF8019803B000BD88A000202DE9F84FF5
:10ACDC00144E154D33782A78934220D0DCB2DFF82D
:10ACEC005090DFF850B0DFF85080104F0134082C32
:10ACFC00A24601D90024A24619F80400DBF8003062
:10AD0C0038F8102037F81010521A9B1ACBF8003074
:10AD1C00FFF7FEFC86F800A02B78A342E6D1BDE835
:10AD2C00F88F00BF5CE400205BE400209CA00020B6
:10AD3C00ACA0002088A000208CA0002000B583B01F
:10AD4C0001210DF10700FFF723FF18B19DF8070053
:10AD5C0003B000BD4FF0FF30FAE700BF084B00B561
:10AD6C0083B01B788DF8070033B101210DF107007A
:10AD7C00FFF7B2FD03B000BD03F0FF0003B000BD50
:10AD8C0068E40020034B1B780BB1FFF7A5BD03F063
:10AD9C00FF00704768E400202DE9F04100240D4EBF
:10ADAC0001230D4DA0460D4F33703B782846A3422E
:10ADBC0005D0FFF771FC030658BF08F50068013495
:10ADCC002035042CF1D1BFF34F8F00234046337054
:10ADDC00BDE8F08166E400208094002065E400204A
:10ADEC00204B1B7813B1204B1A8802B970471F4BAC
:10ADFC00C2F500621E481F4930B51B7883B01E4C4B
:10AE0C0000EB431001EBC321012305462370002303
:10AE1C00CDE90012FFF702FCDDE900120A44BFF392
:10AE2C004F8F4FF0E023C3F8701F20318A42FAD8BD
:10AE3C00BFF34F8FBFF36F8F04202946FFF706FC3B
:10AE4C000A49002208480B7802800133DBB2042B3C
:10AE5C0028BF13460B70BFF34F8F074B1A7003B00C
:10AE6C0030BD00BF68E400204AE4002065E4002007
:10AE7C00809400208010202066E400202E4B2DE9C9
:10AE8C00F0411E7886B1DFF8C88098F800305BB9C5
:10AE9C000123F10788F8003040D4B20727D40023EF
:10AEAC0088F80030730701D4BDE8F081234B1A6891
:10AEBC00002AF9D0EFF30582002AF5D1EFF31085C3
:10AECC0072B61868002830D01D4C217800292CD17E
:10AEDC000122227042691A60002A2AD0916105B9B8
:10AEEC0062B600258368457798472570DCE7154BDB
:10AEFC001B78002BD3D0144F002557F8044F236830
:10AF0C0020461B69984710B163699B6898470D4BA5
:10AF1C0001351A78EBB29A42EFD8C0E7FFF7C8FEBA
:10AF2C000028BAD0AFF30080B7E7002DBCD162B6D1
:10AF3C00BAE7064B1A60D2E76CE400204496002076
:10AF4C0052E4002053E400201C9300205096002073
:10AF5C0054E4002010B500234FF470440F224FF43A
:10AF6C00806EA0F88C411946A0F88E214FF46044F5
:10AF7C00A0F890310A46B0F8883148F2B82C43F06A
:10AF8C00F003A0F8883101EB4103013100EB4313CE
:10AF9C0004299C80A3F806E05A841A865A805A81A8
:10AFAC00A3F80EC05A82DA825A83DA83EBD1B0F856
:10AFBC00883143F00F03A0F88831B0F8883143F49E
:10AFCC007063A0F8883110BD374B384A996F3848F8
:10AFDC0041F47F0170B5996741F20106D3F88010F6
:10AFEC0045F6C05543F226040A43C3F88020FFF708
:10AFFC00B1FF00F58040FFF7ADFF00F58040FFF793
:10B00C00A9FF00F58040FFF7A5FF0022A0F5031073
:10B01C004FF00F0E114600EB42134FEA421C013267
:10B02C009981042A5981A3F80EE09E82DD8020F8D4
:10B03C000C1019829C81EED100221E484FF00F0E8D
:10B04C0041F20106114645F6C05543F2260400EBC9
:10B05C0042134FEA421C01329981042A5981A3F808
:10B06C000EE09E82DD8020F80C1019829C81EED1BE
:10B07C00002211480F2641F20105114645F6C05435
:10B08C0043F2260E00EB42134FEA421C0132998127
:10B09C00042A5981DE819D82DC8020F80C101982F3
:10B0AC00A3F80CE0EED170BD00C00F40000003FC13
:10B0BC0000C03D4000001E4000401E40074A506A40
:10B0CC00936A19468446506A936A9942F9D1844529
:10B0DC00F7D1DB0B43EA4040704700BF00400D4006
:10B0EC0008B5D0E900325BB1BAB10F4BA3FB021328
:10B0FC00DB0803EB4303B2EB83030AD1012008BD49
:10B10C00094BA3FB0213DB0803EB4303B2EB8303F2
:10B11C0001D0D21A4260F02AF0D802F063F81C2257
:10B12C00034600201A6008BDABAAAAAA30B583B0AA
:10B13C0060B3044621B11D46B2FA82F35B09A2B991
:10B14C00206818B362680AB3164B174902FB03F365
:10B15C00B1EBB30F1AD3A368FBB900232360636070
:10B16C00A360E360012003B030BD0193069BC0E9EE
:10B17C000012C360FFF7B4FF60B1002DF2D062681B
:10B18C0001992068A56001F047FFEBE702F02AF86F
:10B19C0016230360002003B030BD002101F03CFFFA
:10B1AC00DBE700BFABAAAAAA555555150000000055
:10B1BC00B0EE407B17EE903A1B4A23F000439342CB
:10B1CC001AD91A4A934202D930EE400B704700B597
:10B1DC0085B0684600F01CF900F0030001289DEDD5
:10B1EC00000B9DED021B12D002280AD090B9012051
:10B1FC0000F0B6F805B000BD9FED091B002000F073
:10B20C00AFB8012000F0ACF8B1EE400BF2E700F063
:10B21C000FF8EFE700F00CF8B1EE400BEAE700BFD7
:10B22C000000000000000000FB21E93FFFFFEF7F62
:10B23C0010EE903A23F00043B3F1795F2DED028BC1
:10B24C002ED2FDEEC07B17EE903A002B65D020EE8F
:10B25C00007B9FED352B9FED363B9FED374B9FEDE4
:10B26C00385B9FED396B9FED3A8BA7EE082BA7EE61
:10B27C00023BA7EE034BA7EE045BA7EE056B26EE95
:10B28C00076B21EE401BB6EE005BA7EE061BB7EE7C
:10B29C00000B97EE051BBDEC028B30EE410B70479B
:10B2AC009FED212B20EE007B9FED213B9FED224B50
:10B2BC009FED235B9FED246B9FED258B264AA7EE1C
:10B2CC00082B9342A2EE073BA3EE074BA4EE075BC1
:10B2DC00A5EE076B26EE076BD3D9204A934217D8FD
:10B2EC00B7EE005B0020A3F5001141EC140B35EE1A
:10B2FC00445B21EE401BB6EE003BA7EE061B97EE1F
:10B30C00034BBDEC028B34EE414B35EE440B7047D6
:10B31C00B6EE075BB5EE024BEBE7B7EE000BBDEC00
:10B32C00028B7047AFF30080C4B1B4BD9EEE213EDA
:10B33C00AD529C804F7E92BE9015CB19A001FA3E67
:10B34C007751C1166CC156BF4C5555555555A53F37
:10B35C00D43888BEE9FAA8BD3233D33F0000E93FA8
:10B36C0010EE903A23F00043B3F1795F04D2FDEE76
:10B37C00C07B17EE903A5BB320EE007B9FED162B53
:10B38C009FED173B9FED184BA7EE023B9FED185B13
:10B39C00A3EE074B9FED186BA4EE075BA5EE076BB6
:10B3AC0020EE075B30B99FED164BA7EE064BA4EED3
:10B3BC00050B70479FED144B26EE456BB6EE003B2C
:10B3CC00A1EE036B96EE071BA5EE041B30EE410BB2
:10B3DC00704700BFAFF300807CD5CF5A3AD9E53D1A
:10B3EC00EB9C2B8AE6E55ABE7DFEB157E31DC73EAA
:10B3FC00D561C119A0012ABFA6F810111111813F06
:10B40C00495555555555C5BF495555555555C53FC4
:10B41C002DE93048B0EE407B17EE904AA04B24F05B
:10B42C00004199428AB06ED99E4B99421CD8002C8F
:10B43C009FED8B6B40F3F28030EE467BA3F51B2324
:10B44C00A3F5F06399426FD09FED875B37EE456BA8
:10B45C0037EE467B37EE457B80ED006B80ED027B53
:10B46C0001200AB0BDE830888F4B9942054668D957
:10B47C008E4B994251D84FEA215C10EE10BAACF2C7
:10B48C00164CA1EB0C535A4643EC172B9FED784B03
:10B49C00BDEEC75B0AA8B8EEC55B37EE457B27EE61
:10B4AC00047BBDEEC76B8DED045BB8EEC66B37EE5F
:10B4BC00467B8DED066B27EE047B8DED087B03211F
:10B4CC0030ED027BB5EE407BF1EE10FA0B4601F14C
:10B4DC00FF31F5D0764A019202220092294662464B
:10B4EC0004A800F0F5F8002CBBDA95ED006B95ED97
:10B4FC00027BB1EE466BB1EE477B85ED006B85EDC3
:10B50C00027B4042ADE70022002380ED000BC0E936
:10B51C00022300200AB0BDE8308830EE407B80ED7D
:10B52C00027B80ED007BF4E79FED535B9FED546B4A
:10B53C0037EE467B37EE456B37EE467B37EE457B79
:10B54C008AE7039100F0BAF8B6EE007B9FED4E5BF4
:10B55C00A0EE057BFDEEC77B9FED436B17EE900ACB
:10B56C009FED3F4B1F28B8EEE75B0399A5EE440B0C
:10B57C0025EE067B30EE476B1ADC4E4B421E53F821
:10B58C0022308B4214D085ED006B30EE460B30EE42
:10B59C00470B002C85ED020BBFF663AFB1EE466B8B
:10B5AC00B1EE400B85ED006B85ED020B404258E788
:10B5BC0016EE903AC3F30A53C3EB1153102BE2DD92
:10B5CC00B0EE404B9FED2E6B9FED2B3BA5EE464B0B
:10B5DC0030EE447BA5EE467B95EE037B34EE476B59
:10B5EC0016EE903AC3F30A53C3EB2153312B04DC10
:10B5FC00B0EE440B85ED006BC7E79FED256BB0EE0D
:10B60C00440B9FED253BA5EE460B34EE407BA5EE9F
:10B61C00467B95EE037B30EE476BB4E7264B30EE62
:10B62C00067B99420ED09FED105B37EE056B37EE23
:10B63C00467B37EE057B80ED006B80ED027B4FF097
:10B64C00FF300EE79FED0C5B9FED0D6B37EE067B2D
:10B65C0037EE056B37EE467B37EE057BEBE700BF2D
:10B66C0000004054FB21F93F3163621A61B4D03DB4
:10B67C0000000000000070417370032E8A19A33B78
:10B68C000000601A61B4D03D83C8C96D305FE43FDF
:10B69C000000002E8A19A33BC14920259A837B39CF
:10B6AC00FB21E93F7BD90240FB213941FFFFEF7FB2
:10B6BC00CC170020F4110020FB21F93F10EE901A5A
:10B6CC0053EC102B21F0004343EC102B704700BFC0
:10B6DC002DE9F04F2DED088BADF5157D1C46039330
:10B6EC008B46C34BA69912F1140F53F82150814687
:10B6FC0004F1FF38C0F26C82BE49D31E81FB0301FA
:10B70C00DB17C3EBA10304930133A3EB8303DB002F
:10B71C00D31815EB080106931DD4049BA79801318F
:10B72C00A3EB08039FEDAC6B19441CAA0AE050F87C
:10B73C00234007EE904A0133B8EEE77B8B42A2EC34
:10B74C00027B08D0002BF2DAB0EE467B01338B4241
:10B75C00A2EC027BF6D1002DC0F2BF82039BB8F1A4
:10B76C00000F6CAF404605EB030CC0F2A782039BA5
:10B77C001CAE06EBC306DC0009EBC3019FED967B08
:10B78C0032464B46B3EC025B32ED026B8B42A5EEBC
:10B79C00067BF7D101306045A7EC027B06F1080669
:10B7AC00ECD107AB9FED8E9B9FED8F8B0DF1200A9B
:10B7BC0003EB8503069805934C440AEB85076CAEA6
:10B7CC000095CDF81CB00DEBC503002D93ED6C0B63
:10B7DC004FEAC50215DDB318514620EE097B33ED57
:10B7EC00025BB0EE406BBDEEC77BB342B8EEC77BDD
:10B7FC00A7EE486BBDEEC66B37EE050BA1EC016AEC
:10B80C00EBD1CDE9010200F0C3FAB0EE40ABB4EEDF
:10B81C00000B2AEE000B00F037FBB2EE007B019818
:10B82C00A0EE47ABBDEECABB0028B8EECB7B029AAC
:10B83C003AEE47AB71DD691EC0F118035AF821E0EE
:10B84C004EFA03FC0CFA03F3AEEB030EC0F1170B2C
:10B85C001BEE103A4EFA0BFB6344BBF1000F0BEEE0
:10B86C00103A4AF821E000F3C780B5EE40ABF1EE98
:10B87C0010FA63D1009B9D420FDD4FEA850C0AEB59
:10B88C0085030021964653F8042DBB4241EA020180
:10B89C00F9D17246002940F01281009B013B05F161
:10B8AC00010C5AF82330002B40F00781059B012135
:10B8BC00964653F8042D0131002AFAD072462944D9
:10B8CC00049B03EB050E039B1D44A79B0DF5DC7B32
:10B8DC0003EB8E0E1CAB03EBC50593449EED017A76
:10B8EC00B8EEC77BB8F1000FA5EC027B0EF1040E8D
:10B8FC009FED397B09DB2A464B46B3EC025B32EDFC
:10B90C00026BA342A5EE067BF7D10CF1010C8C4522
:10B91C00ABEC027BE2DD0D4655E700F0B480B6EEF1
:10B92C00007BB4EEC7ABF1EE10FA80F23E81B5EEBF
:10B93C0040ABF1EE10FA4FF0000B9BD0069CB0EE32
:10B94C004A0B60420195D946009DDDF81CB000F011
:10B95C001FFA9FED256BB4EEC60BF1EE10FA019BAE
:10B96C00C0F2BE819FED1E7B20EE077BBDEEC77B38
:10B97C001834B8EEC75BA5EE460BBDEEC00B0694B3
:10B98C0010EE102AB7EE000B4AF823205C1C17EEC1
:10B99C00103A06984AF8243000F0FAF9002C80F29C
:10B9AC00AA80A69B022B00F3CF81002B00F3D4813D
:10B9BC0007D19FED097BB9F1000F40F0A2818BED0F
:10B9CC00007B1BEE103A03F007000DF5157DBDEC66
:10B9DC00088BBDE8F08F00BF0000000000000000E5
:10B9EC00000000000000703E0000000000007041EC
:10B9FC00E4110020ABAAAA2A0133002D0BEE103A59
:10BA0C0040F38F8151464FF0000E51F8043B3BBB85
:10BA1C000EF1010E7545F8DC9E4600280BDD012861
:10BA2C0000F0BB80022806D1691E5AF82130C3F3FE
:10BA3C00150C4AF821C0BBF1020F7FF416AFB7EE1C
:10BA4C00000B30EE4AABBEF1000F3FF40EAFCDE968
:10BA5C00010200F09DF9DDE901023AEE40AB04E78A
:10BA6C00C3F1807341F8043C6FF07F4C04E00B6829
:10BA7C00ACEB030341F8043B0EF1010E7545F6DC0B
:10BA8C004FF0010EC9E76B1E5AF823304FEAE35B07
:10BA9C00BBF1000F7FF7E9AE1BEE103A002D03F15E
:10BAAC0001030BEE103AADDCBBF1020F7FF4DDAEFF
:10BABC00B7EE007B37EE4AABD7E6614600E7D946D6
:10BACC00DDE9063B6C1EA3F118025AF82430009DE8
:10BADC00069243B907AB634453F8041D013C183A72
:10BAEC000029F9D006920698B7EE000B00F050F939
:10BAFC00002CFFF656AF9FEDA05B0AF104036EA974
:10BB0C0003EB840301EBC4016CAEE20033ED017A6C
:10BB1C005345B8EEC77B27EE007B20EE050B21EDDD
:10BB2C00027BF3D144A916448C462746002090464C
:10BB3C00002D9FED937B0FDB934AB646002307E065
:10BB4C00B2EC025BBEEC026B9D42A5EE067B03DB06
:10BB5C00984203F10103F3DA013F7B1CACEC027B4E
:10BB6C0000F10100A6F10806E2D1A69B022B424689
:10BB7C0059DC002B31DC7FF424AF9FED817B01F18C
:10BB8C000803434433ED026B994237EE067BF9D13F
:10BB9C00B9F1000F3FF413AFB3E0691E5AF821302E
:10BBAC00C3F3160C4AF821C045E71BEE103A002DE2
:10BBBC0003F101030BEE103AC8BF4FF0020B3FF735
:10BBCC0021AFB7EE007B37EE4AAB4FF0020B4CE6E1
:10BBDC0000216FF0170304919AE50B46B3EC027B3E
:10BBEC009FED676B1A4412ED025B1346083A9142C3
:10BBFC0036EE056BF7D1B9F1000F79D18BED006BF7
:10BC0C0037EE467B64B10122B3EC026B01329442F5
:10BC1C0037EE067BF8DAB9F1000F01D0B1EE477BB5
:10BC2C008BED027BCDE6A69B032B7FF4CAAE002CDA
:10BC3C0000F08F808D1895ED006B2B46284630ED6B
:10BC4C00027BB0EE465B884236EE076B37EE467BE6
:10BC5C0080ED006B37EE057B80ED027BEFD1012C84
:10BC6C0077D095ED006B01F1080033ED027BB0EE5F
:10BC7C00465B984236EE076B37EE467B83ED006BE6
:10BC8C0037EE057B83ED027BEFD19FED3D7B831877
:10BC9C0001F1100233ED026B9A4237EE067BF9D1BB
:10BCAC0091ED005B91ED026BB9F1000F2CD18BED96
:10BCBC00005B8BED026B8BED047B82E69FED307BA2
:10BCCC00431C634587ED007B00F1020005D0604505
:10BCDC0087ED027B07F11007F2D1039BDC0060E5D6
:10BCEC00BDEEC00B1C4610EE102A4AF82320FAE6D3
:10BCFC00B1EE465B37EE467B8BED005B002C82D1C0
:10BD0C008CE7B1EE477B5AE6B1EE455BB1EE466B84
:10BD1C00B1EE477B8BED005B8BED026B8BED047B07
:10BD2C004FE6012807D002287FF4BEAECEF31503F0
:10BD3C004AF82130B8E6CEF31603BBF1020F4AF8ED
:10BD4C0021307FF492ADB3E6A69B032B7FF439AE82
:10BD5C0044A99FED0B7BA3E79DED447BB9F1000F4C
:10BD6C0005D000224FF00043CBE9002356E7002218
:10BD7C000023CBE9002353E7000000000000703ED5
:10BD8C000000000000000000800200200000000005
:10BD9C0053EC102BC3F30A5C00B51946BCF1000F31
:10BDAC002BD123F00041114326D09FED297B344940
:10BDBC0020EE077B884253EC172B42DBC3F30A5C63
:10BDCC001946ACF1360C4CF2503E70451CDC60440C
:10BDDC0040F2FE7C604517DC002825DC10F1350FA5
:10BDEC0029DB36306FF31E519FED1B7B41EA00536C
:10BDFC0043EC102B20EE070B00BD40F2FF7EF44508
:10BE0C00E1D130EE000B00BD002B9FED157B04DB68
:10BE1C009FED130B27EE000B00BD9FED137B9FEDE9
:10BE2C00100B27EE000BF7E76FF31E5141EA00539E
:10BE3C0043EC102B00BD002B9FED0D7B01DA9FED29
:10BE4C000E7B9FED0B0B27EE000B00BDAFF30080BC
:10BE5C000000000000005043000000000000903C77
:10BE6C009C7500883CE4377E9C7500883CE437FE6A
:10BE7C0059F3F8C21F6EA50159F3F8C21F6EA581C4
:10BE8C00B03CFFFF0000000000B583B08DED000B4F
:10BE9C0001990098C1F30A52A2F2FF33132B25DC4F
:10BEAC00002B45DB3A4A1A4101EA020C5CEA000C11
:10BEBC0021D09FED357B9DED006B36EE077BB5EE0B
:10BECC00C07BF1EE10FA0BDD4FF4801040FA03F357
:10BEDC000B4413EA210338BF0B4623EA020100206E
:10BEEC000B46024643EC102B03B000BD332B06DD92
:10BEFC00B3F5806F2AD09DED000B03B000BDA2F20C
:10BF0C0013424FF0FF3C2CFA02F21042F3D09FED9B
:10BF1C001E7B9DED006B36EE077BB5EEC07BF1EE24
:10BF2C0010FADDDD002984461CDB2CEA0200D7E781
:10BF3C009FED157B30EE077BB5EEC07BF1EE10FA72
:10BF4C00CEDD002907DB00200146C9E79DED007B13
:10BF5C0037EE070BD1E721F0004108430FD14FF02A
:10BF6C000041BDE7142B0DD04FF0010EC3F134038B
:10BF7C000EFA03F39C44604588BF7144D5E705492C
:10BF8C000020ADE70131D0E79C7500883CE4377E9A
:10BF9C00FFFF0F000000F0BF03460846194600F0F3
:10BFAC0033BE00BF53B94AB9002908BF00281CBFD3
:10BFBC004FF0FF314FF0FF3000F09CB9ADF1080CA1
:10BFCC006DE904CE00F006F8DDF804E0DDE90223AB
:10BFDC0004B070472DE9F04782B00646DDF828E042
:10BFEC000846B4460D46002B4ED18A4214466DD9F4
:10BFFC00B2FA82F242B1C2F12003954026FA03F361
:10C00C0094401D4306FA02FC260CA7B2B5FBF6F1D0
:10C01C004FEA1C4306FB115543EA054301FB07F0AD
:10C02C00984209D9E31801F1FF3580F00381984259
:10C03C0040F20081023923441B1A1FFA8CFCB3FB1B
:10C04C00F6F006FB10334CEA034C00FB07F3634598
:10C05C000AD914EB0C0C00F1FF3580F0ED80634530
:10C06C0040F2EA80A444023840EA0140ACEB030CF5
:10C07C000021BEF1000F04D02CFA02F30022CEE90D
:10C08C00003202B0BDE8F0878B4209D9BEF1000F37
:10C09C0001D0CEE900610021084602B0BDE8F0876E
:10C0AC00B3FA83F1174600294DD1834202D3B24231
:10C0BC0000F20F81B6EB070C60EB030301201D4669
:10C0CC00BEF1000FDDD0CEE900C5DAE7002A00F0A2
:10C0DC0098801A46B4FA84F3002B40F0AF800B1B07
:10C0EC00270CA6B20121B3FBF7F54FEA1C4007FB66
:10C0FC00153340EA034306FB05F8984507D9E318C6
:10C10C0005F1FF3002D2984500F2E8800546A3EB1A
:10C11C0008031FFA8CFCB3FBF7F007FB10334CEA57
:10C12C00034C06FB00F3634508D914EB0C0C00F12F
:10C13C00FF3602D2634500F2CE803046ACEB030CE6
:10C14C0040EA054095E7C1F120058B4022FA05FC39
:10C15C004CEA030C00FA01F426FA05F3E84002FA63
:10C16C0001F943EA04084FEA1C4206FA01FAB0FB53
:10C17C00F2F71FFA8CF602FB17004FEA184444EA58
:10C18C00004407FB06F0A0420AD91CEB040407F19B
:10C19C00FF3380F09C80A04240F29980023F6444BF
:10C1AC00241A1FFA88F3B4FBF2F002FB104443EAA2
:10C1BC00044300FB06F69E4209D91CEB030300F175
:10C1CC00FF3480F082809E427FD90238634440EA7B
:10C1DC000740A0FB09749B1BA3423E46A04664D3B8
:10C1EC0061D0BEF1000F0AD0BAEB060263EB080374
:10C1FC0003FA05F5CA401543CB40CEE900530021A4
:10C20C003FE7730843EAC1734A08190C41EA02413B
:10C21C004FEAC67C9BB2B2FBF4F02646A0462746FA
:10C22C001F2243EA0143B1FBF4F1A3EB080341EAFB
:10C23C00004158E72946FFE6284615E71A46C3F1A0
:10C24C0020019C4026FA01F320FA01F190400343AF
:10C25C00270C06FA02FCB1FBF7F0A6B207FB10158F
:10C26C00190C41EA054100FB06F58D423BD96118DA
:10C27C0001D28D4220D8491B0138B1FBF7F501954D
:10C28C0005FB06F8019D9BB207FB151143EA014320
:10C29C00434526D2E31805F1FF31C6D24345C4D23B
:10C2AC00A91E2344C1E7BA459BD2B7EB090664EB40
:10C2BC000C040138A04694E7651B29440238B1FBF5
:10C2CC00F7F5019505FB06F8DCE720467FE71F46EE
:10C2DC0066E70846F4E6A44402382FE7023D2344FF
:10C2EC0015E70199A1E7491BB1FBF7F5019505FB92
:10C2FC0006F8C7E7704700BF024B0146186800F00C
:10C30C000BB800BF408A0020024B0146186801F0B0
:10C31C0013B900BF408A00202DE9F04F01F10B0248
:10C32C00162A85B0804624D8102900F2AB8000F084
:10C33C00C9FA022518211022B74C2144A1F108009A
:10C34C004E68864200F062817268F168B46822F02F
:10C35C0003023244E1608C60516841F001014046B7
:10C36C00516000F0B5FA06F10804204605B0BDE8AE
:10C37C00F08F32F0070200F18580914200F282804A
:10C38C00019200F09FFA019AB2F5FC7FC0F0BA81DD
:10C39C00570A7FD0042F00F27281970907F13905F3
:10C3AC002BB207F1380CDB009B4C2344A3F108069D
:10C3BC005B689E4207D10DE00028DF6880F2138194
:10C3CC00BE4207D03B46596821F00301881A0F285A
:10C3DC00F2DD6546236991498B4200F0F1805E687D
:10C3EC0026F00306B11A0F2900F391818B4800291E
:10C3FC00C4E9040080F27981B6F5007F676880F0AB
:10C40C001981F10801310FFA81FC76090121B14043
:10C41C0054F83C0098600F4304EBCC010839D96008
:10C42C00676044F83C30C360AB1001269E40BE42AE
:10C43C0036D83E4206D125F0030576003E4205F182
:10C44C000405FAD004EBC50A04EBC507A946F96844
:10C45C000EE0486820F0030EAEEB020CBCF10F0F9F
:10C46C000B46C96800F31881BCF1000F80F22D81D6
:10C47C008F42EED109F1010919F0030F07F10807FA
:10C48C00E5D17FE10C23C8F800300024204605B02C
:10C49C00BDE8F08F4FF4007340254FF03F0C83E75D
:10C4AC00A768796821F0030393429A4603D3991A3B
:10C4BC000F2900F387805A495A4E096810311144EC
:10C4CC000820CDE9011200F0C1FE01994B1E034476
:10C4DC004542834630681D40B0F1FF3F18BF2946E6
:10C4EC004046019100F056FE411C0546DDE9011263
:10C4FC0000F02B8107EB0A0C844500F224814A4B97
:10C50C00186800EB01090BF1FF3EC3F8009000F036
:10C51C008981306801301BBFA5EB0C0C09EB0C00BA
:10C52C003560186015F00700814600F04881C0F1B5
:10C53C0008000544CDE901236B1803EA0E015844A9
:10C54C00401A00EA0E06314640469B4600F022FE99
:10C55C00421CDDE9012300F09581401B304440F082
:10C56C0001011868A56000EB0609A7426960C3F8D1
:10C57C00009017D0BAF10F0F40F25E81AAF10C01B6
:10C58C0021F0070C796801F0010141EA0C01796096
:10C59C00052607EB0C01BCF10F0FC1E9016600F297
:10C5AC0063816968214B1E684E4538BFC3F8009003
:10C5BC001F4B1E684E4501D2C3F800902F46C6E0B3
:10C5CC00676831E7BD1841F0010142F001027A6061
:10C5DC004046A560696000F07BF907F1080420462D
:10C5EC0005B0BDE8F08F9A6801931944D760BA6022
:10C5FC004A6842F0010240464A6000F069F9019B2A
:10C60C0003F10804204605B0BDE8F08FCE68B142B6
:10C61C007FF49AAE0235DDE6E8800020F080002041
:10C62C00849800202C8A0020549800207C980020AC
:10C63C0080980020B6F5206F4FEA56207CD3142842
:10C64C0000F2D38000F15C0109B25B30C90004EB4D
:10C65C00010C6158ACF1080C8C4503D1A8E0896839
:10C66C008C4504D0486820F00300B042F7D8D1F8CC
:10C67C000CC0C3E9021CCCF80830CB60D4E6142FF4
:10C68C0072D9542F00F2BA80170B07F16F052BB239
:10C69C0007F16E0CDB0087E69D1842F001025A6030
:10C6AC009E68864AF1608E60C4E90455C5E9022291
:10C6BC004CF001026A60404643F80EC0019300F052
:10C6CC0007F9019B03F10804E0E69E441C46DEF8E2
:10C6DC00043043F00103CEF8043054F8083F4046D0
:10C6EC00D9608B6000F0F4F8D0E61E4440467268C6
:10C6FC00019342F00102726000F0EAF8019B03F131
:10C70C000804C3E6D508691C09B2C90014E69D18D3
:10C71C0042F001025A60694A0193C4E90455C5E923
:10C72C00022241F001026A604046995100F0D0F8B3
:10C73C00019B03F10804A9E6B00900F1390109B223
:10C74C003830C90083E7A74263D0A768796821F025
:10C75C0003009042A0EB020102D30F293FF732AF46
:10C76C00404600F0B5F890E607F15C052BB207F1F6
:10C77C005B0CDB0018E6514651F808398B428A46AF
:10C78C0040F09A8015F0030F05F1FF35F3D1636883
:10C79C0023EA0603636076009E423FF681AE1EB923
:10C7AC007EE6760009F104091E42FAD04D4649E6B0
:10C7BC008010012606FA00F00743676059E7CDE9BF
:10C7CC0002236B1803EA0E01ABEB010606EA0E0618
:10C7DC0031464046019300F0DDFC431C019B04BF35
:10C7EC004E461846DDE90223B7E6542827D8300B0D
:10C7FC0000F16F0109B26E30C90028E7B7F5AA7FC6
:10C80C0027D8D70B07F178052BB207F1770CDB0093
:10C81C00CAE52B4B186800EB01090BF1FF3EC3F87E
:10C82C00009076E615EA0E0F7FF473AEA5685144BE
:10C83C0041F001016960B5E601236B6090E7B0F54A
:10C84C00AA7F25D8F00B00F1780109B27730C90026
:10C85C00FDE640F254539F4224D8930C03F17D051E
:10C86C0003F17C0CEB009FE507F108014046CDE994
:10C87C00012300F061FEA568029B6968D3F8009063
:10C88C00019A8FE6A9F108010BEB0100002664E682
:10C89C0040F2545188420BD8B00C00F17D01C90014
:10C8AC007C30D4E64FF47E737F254FF07E0C7BE515
:10C8BC004FF47E717E20CAE663686CE7F08000203E
:10C8CC0054980020014800F0BDBC00BF4C980020DB
:10C8DC00014800F0B9BC00BF4C980020002900F0C2
:10C8EC009F802DE9F04383B00C4600928046FFF701
:10C8FC00E9FF009901F10B03162B60D81023994224
:10C90C0060D854F804EC2EF003029A42A4F1080506
:10C91C0065DAB348806805EB020C6045DCF804600E
:10C92C0000F0908026F0010060444068C0076CD491
:10C93C0026F00306901983424CDD1EF0010F0FD137
:10C94C0054F8080C281A0746406820F003000644E7
:10C95C001644B34240F3EF801618B34240F3C9803B
:10C96C004046CDE90023FFF7D7FCDDE9002306465E
:10C97C00002800F0178154F8041C21F0010129440F
:10C98C00A0F1080C614500F0AE80043A242A00F2B4
:10C99C00CE80132A00F29C8003462246116819604F
:10C9AC005168596092689A602146404600F0C4FD77
:10C9BC004046FFF78DFF304603B0BDE8F08333F0FF
:10C9CC0007039CD50C23C8F800300026304603B072
:10C9DC00BDE8F0830246DCE90201C1608860696849
:10C9EC00D01A0F2801F0010105EB02061BD81143E8
:10C9FC006960736843F0010373604046FFF768FF9A
:10CA0C002646304603B0BDE8F0831EF0010FA7D1D7
:10CA1C0054F8080C281A0746406820F003009BE7DE
:10CA2C001146FFF779BC19436960E91840F0010021
:10CA3C004860736843F0010308317360404600F0AE
:10CA4C007BFDDAE726F00306B01803F1100C604505
:10CA5C0080F28B801EF0010F82D154F8080C281A3A
:10CA6C000746406820F0030006441644B445B1461E
:10CA7C003FF772AF3E46F96856F8080F043A242A7D
:10CA8C00C160886000F2A580132A40F2A080216862
:10CA9C00B9606168F9601B2A00F2A480083407F1C0
:10CAAC0010022168116061685160A1689160F918E9
:10CABC00A9EB03024A4D42F00102A9604A607A6870
:10CACC0002F00102134340467B60FFF701FF98E739
:10CADC0023680360636843601B2A3BD804F1080297
:10CAEC0000F108035AE750F8041C21F003010A4432
:10CAFC0075E7043A3D46F96855F8080F242AC160D9
:10CB0C00886020D8132A1CD92168B9606168F96043
:10CB1C001B2A3DD8083407F11002216811606168A6
:10CB2C005160A16891602C4632463D4657E721463C
:10CB3C0000F0E0F938E7DCE90201043AC1608860F2
:10CB4C00D8E72A46E9E721462846009300F0D2F9B7
:10CB5C00009BE8E7A3688360E368C360242A25D0C0
:10CB6C0004F1100200F1100318E71D4A1D449560F2
:10CB7C00C21A42F001026A6054F8042C02F001025D
:10CB8C001343404644F8043CFFF7A2FE264638E720
:10CB9C00A1683961E1687961242A10D0103407F159
:10CBAC001802BAE74046FFF793FE0EE723690361CC
:10CBBC006169416104F1180200F11803EEE6226983
:10CBCC00BA616269FA61183407F12002A5E73246AE
:10CBDC0067E721463046009300F08CF9009B66E72E
:10CBEC00E8800020A1683961E1687961242A03D0CA
:10CBFC00103407F1180254E72269BA616269FA61CC
:10CC0C00183407F120024CE713460A46014602206D
:10CC1C0000F0FABB024B0344587800F00800704750
:10CC2C00500D0020024A0349034800F0C9B800BF68
:10CC3C00348A00202DDD0000F08400200C4B41686C
:10CC4C00994210B5044601D003F0E8F9A168094BEC
:10CC5C00994202D0204603F0E1F9E168064B994273
:10CC6C0004D02046BDE8104003F0D8B910BD00BF79
:10CC7C0088980020F0980020589900202DE9F8435E
:10CC8C00314A324C3249DFF8DC90DFF8DC80314F2E
:10CC9C001160002504232946082204F15C00C4E934
:10CCAC0003352D4EA560C4E90055C4E905556566EC
:10CCBC0000F0B2F904F15800C4E90749C4E9098746
:10CCCC00E66200F0BBFA2946244B6367082204F1A4
:10CCDC00C400C4E91A55C4E91E552567C4F8CC50E4
:10CCEC00C4F8805000F098F904F1680304F1C00016
:10CCFC00C4F88430C4E92298C4E9247600F09EFA82
:10CD0C00174BC4F8DC30294604F596700822C4E9A8
:10CD1C003455C4E93855C4F8D850C4F83451C4F863
:10CD2C00E85000F079F904F1D003C4E93D87C4F868
:10CD3C00F09004F59470C4F8FC60C4F8EC30BDE8D5
:10CD4C00F84300F07BBA00BFC099002088980020FF
:10CD5C0035A90000D9AB0000FDAB000009000100B3
:10CD6C001200020075AB000099AB000010B5044630
:10CD7C000A4800F067FA636B23B9094B094A1B6830
:10CD8C00626323B1BDE81040044800F05DBAFFF7C0
:10CD9C0075FFBDE81040014800F056BA50980020CD
:10CDAC00C09900204DA90000014800F04BBA00BF0B
:10CDBC0050980020014800F047BA00BF509800205E
:10CDCC002DE9F8430746884616464FF0000975686A
:10CDDC00013D11D4B468A389012B08D9B4F90E30E4
:10CDEC0001332146384602D0C04749EA0009013DCB
:10CDFC006B1C04F16804EED13668002EE7D148466E
:10CE0C00BDE8F8830CB430B5144B0D1E1C689DB0F6
:10CE1C001FDB14BF01220022AA1A114B059300211B
:10CE2C0021AB1B91029006900492079202A9209AC2
:10CE3C000193204601F0A4F8431CBCBF8B23236054
:10CE4C0015B1029B00221A701DB0BDE8304002B033
:10CE5C0070478B2323604FF0FF30F5E7408A0020AA
:10CE6C000802FFFF10B50C46B1F90E1000F07CF96A
:10CE7C00002803DB236D0344236510BDA38923F431
:10CE8C008053A38110BD00BF2DE9F0411F46B1F9BD
:10CE9C000C301646DA050C4605460BD423F48053A9
:10CEAC00A381B4F90E103B4632462846BDE8F0414A
:10CEBC0000F082B90223B1F90E10002200F03EF905
:10CECC00B4F90C30EAE700BF10B50C46B1F90E10FE
:10CEDC0000F034F9B4F90C30421C0EBF23F480532B
:10CEEC0043F480532065A38110BD00BFB1F90E102F
:10CEFC0000F012B9884270B531D98B1883422ED903
:10CF0C00032A00EB02011DD941EA030C1CF0030FAC
:10CF1C001D4618D14FEA920C0CF1FF36A1EB8C0494
:10CF2C008C4653F804ED4CF804EDA445F9D1C6EB4E
:10CF3C00867301EB830105EB830CACF1040304391C
:10CF4C0002F0030252B102F1FF3C6FEA0C0C9C445C
:10CF5C0013F8012D01F8012D6345F9D170BD032A99
:10CF6C0050D941EA00039B074ED10F2A51D922F028
:10CF7C000F0301F1100601F1100C103B203100F1F0
:10CF8C00100E19445CF8104C4EF8104C5CF80C4C1C
:10CF9C004EF80C4C5CF8084C4EF8084C5CF8044C01
:10CFAC004EF8044C0CF1100C8C450EF1100EE9D11E
:10CFBC00F11812F00C0F034402F00F0503F11003EB
:10CFCC0025D025F0030CACF1040426461A1F1C19BD
:10CFDC008C465CF804EB42F804EFA242F9D1043120
:10CFEC0004333144334405F00302002AB6D0013A2D
:10CFFC000132013B0A4411F801CB03F801CF9142F5
:10D00C00F9D170BD0346F0E7013A0346F0E72A4632
:10D01C00EBE703461546D4E730B58407864603464E
:10D02C0006D0A2B303F8011B980702F1FF32F8D126
:10D03C00032A26D95FFA81FC0CEB0C2C0F2A0CEB83
:10D04C000C402AD922F00F0C9C44C3E90000C3E920
:10D05C00020010336345F8D112F00C0F02F00F04EC
:10D06C0017D04FEA940C0CF1FF351A4603EB8C0CDD
:10D07C0042F8040B6245FBD1043304F0030203EBCA
:10D08C00850322B11A4403F8011B9A42FBD1704666
:10D09C0030BD2246002AF5D1F9E71446E1E700BF7E
:10D0AC0010B504460843830701D1032A19D8A446B6
:10D0BC0001F1FF3E07E01EF8011F03F8011B501E93
:10D0CC0031B19C4602466346002AF4D1204610BD7D
:10D0DC0094440028FAD003F8011B6345FBD1204689
:10D0EC0010BD0B46A44618681946A0F1013323EA7B
:10D0FC00000313F0803F01F10403D9D1043A032A51
:10D10C004CF8040BEFD81946D2E700BF014B93F84B
:10D11C0010027047D887002038B5074C002305460D
:10D12C0008462360FCF7F0FD431C00D038BD236893
:10D13C00002BFBD02B6038BD809E002038B58C4670
:10D14C00084C114605461A46604600232360FCF73E
:10D15C00E7FD431C00D038BD2368002BFBD02B60AF
:10D16C0038BD00BF809E002038B58C46084C114657
:10D17C0005461A46604600232360FCF7C3FD431C9A
:10D18C0000D038BD2368002BFBD02B6038BD00BF0E
:10D19C00809E002038B5074C0023054608462360C6
:10D1AC00FCF798FD431C00D038BD2368002BFBD046
:10D1BC002B6038BD809E002038B58C46084C11463B
:10D1CC0005461A46604600232360FBF73FFE431CCE
:10D1DC0000D038BD2368002BFBD02B6038BD00BFBE
:10D1EC00809E0020014B1868704700BF408A0020C9
:10D1FC0070B50E4E0E4DAE4208D0761BB610002404
:10D20C0055F8043B01349847A642F9D8094E0A4D0B
:10D21C0005F016FEAE4208D0761BB610002455F869
:10D22C00043B01349847A642F9D870BD98200060A1
:10D23C0098200060A420006098200060704700BF18
:10D24C00704700BF704700BF704700BF082802D16D
:10D25C004FF48050704708B5FFF7C4FF16230360E6
:10D26C004FF0FF3008BD00BF80EA0102844612F087
:10D27C00030F4FD111F0030F32D14DF8044D11F0C3
:10D28C00040F51F8043B0BD0A3F101329A4312F076
:10D29C00803F04BF4CF8043B51F8043B16D100BF4F
:10D2AC0051F8044BA3F101329A4312F0803FA4F1E0
:10D2BC0001320BD14CF8043BA24312F0803F04BF67
:10D2CC0051F8043B4CF8044BEAD023460CF8013BD4
:10D2DC0013F0FF0F4FEA3323F8D15DF8044B70477E
:10D2EC0011F0010F06D011F8012B0CF8012B002ABC
:10D2FC0008BF704711F0020FBFD031F8022B12F0AB
:10D30C00FF0F16BF2CF8022B8CF8002012F47F4F65
:10D31C00B3D1704711F8012B0CF8012B002AF9D16D
:10D32C00704700BF0000000000000000000000007B
:10D33C0030B490F800F020F007016FF0000C10F002
:10D34C00070491F820F040F048804FF000046FF093
:10D35C000700D1E9002391F840F000F1080082FAAF
:10D36C004CF2A4FA8CF283FA4CF3A2FA8CF34BBB7A
:10D37C00D1E9022382FA4CF200F10800A4FA8CF2F3
:10D38C0083FA4CF3A2FA8CF3E3B9D1E9042382FAC1
:10D39C004CF200F10800A4FA8CF283FA4CF3A2FAD6
:10D3AC008CF37BB9D1E9062301F1200182FA4CF20E
:10D3BC0000F10800A4FA8CF283FA4CF3A2FA8CF375
:10D3CC00002BC6D0002A04BF04301A4612BAB2FA97
:10D3DC0082F200EBD20030BC7047D1E9002304F09C
:10D3EC000305C4F100004FEAC50514F0040F91F8D1
:10D3FC0040F00CFA05F562EA05021CBF63EA05036E
:10D40C0062464FF00004AAE7F0B51D4C83B0054608
:10D41C002068019116461F46FFF714FF194A01991F
:10D42C00136823B35A6820681F2A23DC4DB9541C97
:10D43C0002325C6043F82210FFF706FF002003B0B5
:10D44C00F0BD03EB820E0124CEF88860D3F888611E
:10D45C00944046EA040C022DC3F888C1CEF808713A
:10D46C00E5D1D3F88C512543C3F88C51DFE7064B3B
:10D47C001360D7E7FFF7E8FE4FF0FF30DFE700BFA0
:10D48C00CC870020B4960020B8960020F8B506464C
:10D49C0008200C46FFF7DAFE07463046FFF712FA73
:10D4AC00224A93685D6825F00305A5F111031C1B46
:10D4BC003C44B4FBF7F4013C07FB04F4A74208DC42
:10D4CC0000213046FFF766FE184A93682B449842B9
:10D4DC0004D03046FFF7FCF90020F8BD614230461D
:10D4EC00FFF758FE0130114A0DD0114993682D1BDE
:10D4FC0045F001055D600B6830461B1B0B60FFF7A8
:10D50C00E7F90120F8BD00213046FFF743FE074A3A
:10D51C009268831A0F2BDCDD43F001035360054B3B
:10D52C0003491B68C01A0860D3E700BFE8800020DD
:10D53C00549800202C8A0020002965D02DE9F04158
:10D54C000C460746FFF7BEF954F804EC7D49A4F1EC
:10D55C00080C2EF001030CEB03028D685068954209
:10D56C0020F003000EF0010600F08B8015185060BF
:10D57C006D6805F00105A846AEBB54F8084CACEB41
:10D58C00040C2344DCF8084001F1080E74456BD000
:10D59C00DCF80C50E560AC60B8F1000F00F08C804A
:10D5AC0043F00100CCF804001360B3F5007F35D2D2
:10D5BC00DA0848685C090132012312B2A340034324
:10D5CC004B6051F83200CCF8080001EBC203083B69
:10D5DC00CCF80C3041F832C0C0F80CC03846BDE86D
:10D5EC00F041FFF775B985B9034401F1080E906855
:10D5FC00704543F001047AD0D268C2609060CCF8D8
:10D60C0004404CF80330D0E770474EF00102B3F5FC
:10D61C00007F44F8042C4CF80330C9D3B3F5206FC9
:10D62C004FEA53204AD2980900F1390212B200F1A4
:10D63C003804D20088188A580838904203D15FE029
:10D64C009268904204D0516821F003019942F7D8B6
:10D65C00D068CCE90220C0F808C03846C2F80CC02B
:10D66C00BDE8F041FFF734B9A5BB1844D2E9022359
:10D67C00D3609A6040F00103CCF804304CF8000001
:10D68C00ACE7184446B954F8083CACEB030C18440E
:10D69C00DCE90223D3609A6040F00103CCF804303B
:10D6AC00294BC1F808C01B68834297D8274B3846D2
:10D6BC001968FFF7EBFE91E7034498E714280FD99C
:10D6CC00542824D8180B00F16F0212B200F16E042A
:10D6DC00D200AFE743F00101CCF8041013607DE7F2
:10D6EC0000F15C0212B200F15B04D200A2E7C1E9C6
:10D6FC0004CCCCE902EECCF804404CF803306DE7D6
:10D70C00A4100123A3404C6823434B60A1E7B0F560
:10D71C00AA7F07D8D80B00F1780212B200F1770477
:10D72C00D20087E740F25452904206D8980C00F190
:10D73C007D0200F17C04D2007CE74FF47E727E24E3
:10D74C0078E700BFE8800020308A00208498002011
:10D75C0082B049B15AB16BB113780B601278101EBC
:10D76C0018BF012002B0704701A9002AF3D110465E
:10D77C0002B070476FF00100F4E700BF30B5436CA6
:10D78C0083B005460C4653B153F8240088B10268A7
:10D79C0043F824200023C0E9033303B030BD212219
:10D7AC00042102F029FE034668640028ECD1002015
:10D7BC00F3E7012101FA04F35A1D92002846019364
:10D7CC0002F01AFE0028F2D0019B44608360E1E76E
:10D7DC0031B1436C4A6853F82200086043F82210B8
:10D7EC00704700BF2DE9F0410E6917460D461C46E7
:10D7FC0001F114024FF0000E11688BB207FB0343CA
:10D80C004FEA134C090C07FB01CC0EF1010E9BB235
:10D81C0003EB0C43764542F8043B4FEA1C44EBDC2B
:10D82C003CB1AB68B34207DD05EB860301365C61A6
:10D83C002E612846BDE8F081696801318046FFF70A
:10D84C009DFF0746B0B12A69023205F10C01920026
:10D85C000C30FCF7A9F8D8F844306A6853F8221059
:10D86C00296043F822503D4605EB860301365C6186
:10D87C002E61DEE7024B03483A46BA2102F09CFDCA
:10D88C006C16002080160020B0F5803F034636BF92
:10D89C00030400201020B3F1807F3CBF1B02083032
:10D8AC00B3F1805F06D3B3F1804F0FD29A0012D43C
:10D8BC00033070471A01B2F1804F00F1040006D218
:10D8CC009B0108D45B00F3D4202070471A46002A31
:10D8DC00FBDB013070470230704700BF036859070B
:10D8EC0008D0DA071FD499072AD55B0803600122F8
:10D8FC00104670479AB282B91B0CDAB2B2B1102240
:10D90C00190701D104321B09990714D0D90701D486
:10D91C0001325B08036010467047DAB24AB11A074D
:10D92C0017D10422EFE700221046704718221B0A79
:10D93C00E6E70822FBE7590707D502329B08E9E71F
:10D94C009B080222036010467047DB0804D120229A
:10D95C00CEE7DB080322DDE70332DBE738B5436CA7
:10D96C0004460D464BB15868B0B102685A600022AB
:10D97C000123C0E90323456138BD2122042102F0B3
:10D98C003BFD034660640028EDD1094B0948002299
:10D99C0040F2451102F010FD1C220121204602F03C
:10D9AC002BFD0028F1D001220223C0E90123DEE780
:10D9BC006C160020801600202DE9F04F0F691569B8
:10D9CC00AF4285B00E46904605DB2A4643463D469F
:10D9DC00884617461E46D8F80830D8F80410EC19BB
:10D9EC00A342B8BF0131FFF7C9FE8446002800F0FE
:10D9FC009C80143000EB840E704505D20346002148
:10DA0C0043F8041B9E45FBD8143606EB870296425E
:10DA1C007CD208F1140707EB8505A5EB080308F188
:10DA2C001508A845A3F11503CDE902E44FEA930AC2
:10DA3C008CBF002401249146E34605E0090C34D147
:10DA4C00B14500F104005ED956F8041B8AB2002AD5
:10DA5C00F4D0CDE90090B8468646002358F8041B54
:10DA6C00DEF800001FFA81F94FEA114C81B202FB7B
:10DA7C000911000C194402FB0C0000EB114089B297
:10DA8C0041EA004145454EF8041B4FEA1043E5D8E6
:10DA9C00DDE90090002C4FEA8A0208BF0022024404
:10DAAC00536056F8041C090CCAD00368CDF80090DA
:10DABC008846BC46864600221946BCF8009008FBF6
:10DACC00092909EB11499BB243EA09434EF8043B7F
:10DADC005CF8043BDEF800101B0C8AB208FB032335
:10DAEC0003EB194365454FEA1342E6D8002C4FEA85
:10DAFC008A02DDF8009008BF00220244B145536051
:10DB0C0000F10400A0D8DDE902E4DC46002C02DCC4
:10DB1C0005E0013C03D05EF8043D002BF9D06046D3
:10DB2C00CCF8104005B0BDE8F08F034B03486246BB
:10DB3C004FF4B17102F040FC6C16002080160020EE
:10DB4C00F8B512F00303144607462FD10E46A41065
:10DB5C002AD03D6C002D32D004F0010364103BB987
:10DB6C002868B8B1054604F001036410002BF7D007
:10DB7C002A4631463846FFF71FFF36B17B6C716879
:10DB8C0053F82120326043F8216074B106462868AE
:10DB9C000028E7D12A4629463846FFF70DFF002317
:10DBAC00286003600546DEE73046F8BD013B0F4AAE
:10DBBC0052F823200023FFF715FE0646C7E7012184
:10DBCC003846FFF7DBFD054640B1012340F27122D8
:10DBDC00C0E90432002338640360BDE7044B0548F8
:10DBEC002A4640F2451102F0E7FB00BF74120020F8
:10DBFC006C160020801600202DE9F0470D4691464A
:10DC0C002E69AB68496806EB6216741C9C42074689
:10DC1C004FEA621804DD5B009C4201F10101FADC61
:10DC2C003846FFF7ABFD844600284FD0B8F1000F03
:10DC3C0000F114000BDD08F105010CEB810103462A
:10DC4C00002243F8042B8B42FBD100EB880029699E
:10DC5C0005F1140319F01F0803EB810E2ED0C8F147
:10DC6C00200902464FF0000A196801FA08F141EA4E
:10DC7C000A0142F8041B53F8041B9E4521FA09FAC9
:10DC8C00F2D8AEEB0503153B23F0030305F11502A7
:10DC9C00964538BF0023043340F803A0BAF1000FB7
:10DCAC0000D134467B6C6A68CCF8104053F82210D3
:10DCBC002960604643F82250BDE8F087043853F8D9
:10DCCC00042B40F8042F9E45F9D8EAE7034B04488F
:10DCDC0062464FF4EF7102F06FFB00BF6C16002030
:10DCEC008016002003690A6900B5B3EB020E12D14D
:10DCFC0000F1140C14310CEB820301EB820101E0F6
:10DD0C009C4508D253F8040D51F8042D9042F7D0DD
:10DD1C0003D24FF0FF3E704600BD4FF0010E70462F
:10DD2C0000BD00BF2DE9F04F17460A693B69A2EB15
:10DD3C000308B8F1000F83B00C4615D1143107F16C
:10DD4C00140505EB830501EB830302E0994280F097
:10DD5C00858053F8046D55F8042D9642F6D080F06A
:10DD6C008A804FF0010805E0FBDB3B464FF00008D2
:10DD7C000F461C467968FFF701FD002800F08680ED
:10DD8C003A692669C0F80C8007F1100107F11408F4
:10DD9C00834600F1140704F1140008EB820E94463C
:10DDAC0000EB86060023B946C2460A46019450F899
:10DDBC00041B52F8045F8CB21FFA85F8A8EB040818
:10DDCC00090C9844C1EB154101EB28411FFA88F866
:10DDDC0048EA0144864249F8044B4FEA2143E6D80D
:10DDEC00A146019C301B1538153420F00300A642C7
:10DDFC0038BF00200AEB00010431C4198E4562467D
:10DE0C000846DC4698BF23461AD9A7EB0A07043408
:10DE1C00C61950F8045B13FA85F82B442D0C05EB4E
:10DE2C0028459BB243EA05498645C6F800904FEA5F
:10DE3C002543EDD80EF1FF335B1A23F00303234483
:10DE4C00B9F1000F04D153F8041D013A0029FAD09E
:10DE5C006046CCF8102003B0BDE8F08F0021FFF72E
:10DE6C008DFC844658B101220023C0E9042360468E
:10DE7C0003B0BDE8F08F3B4627461C467AE7074BBC
:10DE8C000748624640F2372102F096FA0246034BED
:10DE9C00034840F2452102F08FFA00BF6C160020B7
:10DEAC00801600202DE9F043894683B0012157EC00
:10DEBC00106B9046FFF762FC0446002846D0C7F36F
:10DECC000A55C7F313030DB143F480130193331EAA
:10DEDC0015D101A8FFF702FD019B636101212030E0
:10DEEC00216115B3A5F233450544C0F13500C9F8DD
:10DEFC000050C8F80000204603B0BDE8F083684627
:10DF0C000093FFF7EBFCDDE9002328B1C0F1200101
:10DF1C0003FA01F10A43C340002B0CBF012102217B
:10DF2C006261A3612161002DDCD104EB8103A0F2BD
:10DF3C003240C9F800001869FFF7A6FCC0EB41108D
:10DF4C00C8F80000204603B0BDE8F083034B04483A
:10DF5C00224640F20F3102F02FFA00BF6C1600205F
:10DF6C008016002049B1FF2A02D80A7001207047A0
:10DF7C008A2303604FF0FF3070470846704700BF9C
:10DF8C002DE9F04F2DED028BD1B00C460791904648
:10DF9C000993824602F076F9036811931846FFF74D
:10DFAC00C7F908221090002120A8FFF735F8A389A3
:10DFBC00180603D52369002B01F06E8000239FED1A
:10DFCC00728BCDE92533CDE9143327AA0D93249216
:10DFDC00174612931393059345462C466C4BD3F876
:10DFEC00CC61FFF793F820AA034600921AA92246A7
:10DFFC005046B047002800F09880C0F28E801A9AE4
:10E00C00252A034601D01C44E8E7B4EB0508064674
:10E01C0040F08F8000234FF0FF328DF85F309B462D
:10E02C00069301342378049201349946A9F1200314
:10E03C005A2B00F2AF80DFE813F0FE02AD00AD000A
:10E04C00FA02AD00AD00AD00DD02AD00AD00A802DE
:10E05C00B702AD00B302C002AD00BC025B005B00B6
:10E06C005B005B005B005B005B005B005B00AD007A
:10E07C00AD00AD00AD00AD00AD00AD002101AD00B7
:10E08C009C01AC03210121012101AD00AD00AD00CB
:10E09C00AD00A803AD00AD000803AD00AD00AD00B0
:10E0AC007302AD006103AD00AD009807AD00AD008B
:10E0BC00AD00AD00AD00AD00AD00AD002101AD0077
:10E0CC009C018701210121012101ED0387016C00D5
:10E0DC00AD000804AD00F8033D0413046C00AD0062
:10E0EC0073026A008303AD00AD00FB07AD006A004C
:10E0FC00A9F13003002214F8019B02EB820203EB1E
:10E10C004202A9F13003092BF5D906928EE7237848
:10E11C008AE723784BF0200B86E70822002120A801
:10E12C00FEF77AFF01231C4458E7B4EB05080646BA
:10E13C0010D02599269B013143440729C7E9005883
:10E14C002693259117DC0837059B43440593002E35
:10E15C007FF460AF269B002B41F00383079B9B89C8
:10E16C0003F04003002B41F0CF86059851B0BDEC75
:10E17C00028BBDE8F08F079924AA504601F022FFCC
:10E18C000028EBD127AFDFE7000000000000000003
:10E19C00D8870020B9F1000FDCD00023CDE90B3378
:10E1AC0001228DF8DC908DF85F3008930A9204936D
:10E1BC000E9337AD0292269A1BF08403904600F022
:10E1CC0005819DF85F1009B3DDF894C000260CF1B1
:10E1DC00010101200132786007290DF15F00CDE9C2
:10E1EC002512386000F33E8408377EB1DDF894C008
:10E1FC000CF1010118A80232386007294FF0020017
:10E20C00CDE92512786000F320840837802B00F0CC
:10E21C006583049B0A995E1A002E00F3E8801BF4B8
:10E22C00807F40F021810A9B7B601A44259B3D60D6
:10E23C000133072B2692259300F3BC8308371BF080
:10E24C00040F05D0069B02995D1A002D00F318846B
:10E25C00DDE9053102988142ACBF5B181B180593B0
:10E26C00002A40F0778300232593089B1BB1089963
:10E27C005046FFF761F927AF2546AEE6099B0733F9
:10E28C0023F00703B3EC028B9FEDA17BB0EEC86BC0
:10E29C00B4EE476BF1EE10FA099300F33986B4EE45
:10E2AC00488BF1EE10FA81F14685B9F1610F01F05E
:10E2BC007A83B9F1410F01F07084049B013301F0B2
:10E2CC007F82B9F1670F18EE903A4BF4807801F029
:10E2DC00F584B9F1470F01F0F1840023089318EE8F
:10E2EC00903A002BC1F20885B0EE487B0026A9F1CC
:10E2FC004103252B01F2DD81DFE813F0A50CDB09CE
:10E30C00DB09DB09700ADD0ADB09DB09DB09DB0948
:10E31C00DB09DB09DB09DB09DB09DB09DB09DB09D1
:10E32C00DB09DB09DB09DB09DB09DB09DB09DB09C1
:10E33C00DB09DB09DB09DB09DB09DB09A50CDB09E4
:10E34C00DB09DB09700ADD0A1BF0200F40F0DE85CB
:10E35C00099A1BF0100F52F8046B41F01C861BF04D
:10E36C00400F099201F08E8046F3C038434636B216
:10E37C001FE2B9F1430F03D01BF0100F00F06586BC
:10E38C000822002122A8FEF747FE099A37AD126831
:10E39C0022AB2946504603F015F80A90013001F0E3
:10E3AC00AE850A9B23EAE3730293099B269A0433F6
:10E3BC0009930023CDE90B338DF85F300893049358
:10E3CC000E931BF0840390467FF4FBAE0699029EDD
:10E3DC008E1B002E00F321849DF85F1000297FF422
:10E3EC00F3AE049B0A995E1A002E7FF718AF4A49C8
:10E3FC00259B0F91102E27DD39464FF0100837461C
:10E40C002E462546079C04E0103F102F01F1080111
:10E41C0016DD013340481032072BC1E90008CDE965
:10E42C002532F1DD24AA2146504601F0CBFD00280F
:10E43C0040F09882103F102FDDE9253227A9E8DC47
:10E44C002C4635463E460F4601330F99396032440F
:10E45C00072BCDE925327E6000F364841BF4807FAA
:10E46C0007F108073FF4DFAEB9F1650F40F3AC825A
:10E47C00B5EE408BF1EE10FA40F05283259B274904
:10E48C003960013301320121072B269225937960E3
:10E49C0000F37F870837199B0D998B4280F2EB8430
:10E4AC00109B11991A44C7E90013259B269201333E
:10E4BC00072B259300F3D38508370D9B5D1E002D8C
:10E4CC007FF7BDAE1449259B0F91102D40F3978714
:10E4DC00A146DDF81C8010260C4604E00837103DE0
:10E4EC00102D40F38B8701331032072BC7E9004600
:10E4FC00CDE92532F2DD24AA4146504601F062FDF9
:10E50C00002840F02F82DDE9253227AFE7E700BF76
:10E51C00FFFFFFFFFFFFEF7FC88000201C170020CC
:10E52C00DDF8248058F8045B00238DF85F30002D53
:10E53C0000F0A185B9F1530F00F037871BF01003E1
:10E54C000B9340F03287049B002BC1F2FC801A46DF
:10E55C000B99284601F09CFE9DF85F30089000282E
:10E56C0001F04884089A521B0A9222EAE272029243
:10E57C000BB1013202920B9BCDF8248004930E93C5
:10E58C000C9308934FF0730915E6099B53F8042B71
:10E59C000692002A80F27584069A099352420692DA
:10E5AC0023784BF0040B3FE52B238DF85F30237859
:10E5BC003AE523784BF0800B36E5214611F8019BA8
:10E5CC00B9F12A0F01F09084A9F13003092B98BFFF
:10E5DC00002201F2DD8211F8019B02EB820203EBB7
:10E5EC004202A9F13003092BF5D942EAE2730493F4
:10E5FC000C461BE5504601F045FE43681393184644
:10E60C00FEF796FE15900646504601F03BFE8268DA
:10E61C0023781492002E3FF407AD002A3FF404AD8A
:10E62C001278002A3FF400AD4BF4806BFCE42378A5
:10E63C004BF0010BF8E49DF85F202378002A7FF45F
:10E64C00F3AC20228DF85F20EEE41BF0200F4BF092
:10E65C00100000F02884099B073323F007031A46A7
:10E66C00596852F8083B099200228DF85F20049AF1
:10E67C00002A18DB53EA010220F4906B15D1049A9E
:10E68C009AB910F001031A46029300F073863023F6
:10E69C008DF83F31049B0A92CDE90B330E9308930E
:10E6AC000DF23F1587E520F4806B50AD03F00702A7
:10E6BC00DB0843EA4173C908303253EA01062846A5
:10E6CC0005F8012DF2D11BF0010F00F01582302A54
:10E6DC0000F012823023049905F8013C023850AB4B
:10E6EC001B1A99424FF00002B8BF1946CDE90B2214
:10E6FC0008920A93054602910E925CE51BF0200FDE
:10E70C004BF0100121D1099B1A1D099B04981B6821
:10E71C004FF0000840458DF85F801E4659DB21F014
:10E72C00800B002B40F08C850992002840F0E98387
:10E73C00CDE90B000A900E900290089050AD3AE58E
:10E74C001BF0200F00F0BE835946099B073323F0C2
:10E75C00070200238DF85F30049BD2F8048052F836
:10E76C00086B0992002B35DB56EA080321F0800B6D
:10E77C0031D1049B002B40F0C483CDE90B330A93B9
:10E78C000E930293089350AD15E523784BF0080BCC
:10E79C004AE41BF0200F4BF0100300F07A83099A27
:10E7AC00073222F007029B46536852F8086B099215
:10E7BC009846002BC0F2C282049A002A0BDB56EA60
:10E7CC0008032BF0800B06D1002A00F0418730267D
:10E7DC0007E009928B460A2E78F1000380F0BF8285
:10E7EC003036049A9DF85F308DF83F61012AB8BF2E
:10E7FC000122029201220A920DF23F15002B01F028
:10E80C006D83029B013302930023CDE90B330893F4
:10E81C000E93D0E42378682B03BF63784BF4007B12
:10E82C0001344BF0400BFFF7FFBB099A1BF0200F94
:10E83C0002F1040300F08883126805991160C9176E
:10E84C00516009932546FFF7C8BB23786C2B03BF97
:10E85C0063784BF0200B01344BF0100BFFF7E4BB4B
:10E86C00099A049E52F8041B002047F63003864296
:10E87C00ADF860308DF85F000B46C0F2DB832BF0F7
:10E88C00800545F0020B002940F0D683002E00F0E5
:10E89C00E686099230230122CDE90A210E918DF8EA
:10E8AC003F3102960DF23F154FF078098E460891D4
:10E8BC000C91A5E31BF0200F40F02583099A1BF067
:10E8CC00100F52F8043B41F05E831BF0400F00F038
:10E8DC00E9859BB2099258460021C5E6069B029930
:10E8EC005E1A002E7FF795AC8B49259B0F91102E4D
:10E8FC0024DD38464FF010082F4619462546864C25
:10E90C0004E0103E102E00F1080013DD013110322E
:10E91C000729C0E90048CDE92512F2DD079924AAA0
:10E92C00504601F04FFBE8B9103E102EDDE92512E0
:10E93C0027A8EBDC2C460B463D46074601330F99C6
:10E94C0039603244072BCDE925327E6000F36385B4
:10E95C0008375EE4079924AA504601F033FB0028DF
:10E96C003FF481AC089B002B3FF4F8AB0899504660
:10E97C00FEF7E2FD079B9B8903F04003FFF7F2BB18
:10E98C00109B11991A44C7E90013259B2692013359
:10E99C00072B259300F3068707F108010028C1F225
:10E9AC001E810D980D6001330244072BCDE92532F1
:10E9BC00486046DD079924AA504601F003FB002865
:10E9CC00D0D1269A27AF3AE40D98259B012802F165
:10E9DC00010203F1010307F1080140F364810120F6
:10E9EC00072BCDE925323D60786000F32C8210981E
:10E9FC00119E01330244072BC1E90060CDE9253299
:10EA0C0000F32D8208310D98B5EE408BF1EE10FA23
:10EA1C0000F1FF3600F05F81013301353244072BE2
:10EA2C00CDE925320D604E6000F349810831129812
:10EA3C00486001330244072B1CA8CDE9253208603D
:10EA4C00B8DC01F10807FFF7FABB07990F9324AA6A
:10EA5C00504601F0B7FA002884D1269A0F9B27AFB5
:10EA6C00FFF7D4BB07990F9324AA504601F0AAFADA
:10EA7C0000287FF477AF269A0F9B27AFFFF7B5BB23
:10EA8C00102D259B41F3D580A046DDF81C90234C1E
:10EA9C00102604E0103D102D07F1080715DD013399
:10EAAC001032072BC7E90046CDE92532F2DD24AA46
:10EABC004946504601F086FA00287FF453AF103DCA
:10EACC00102DDDE9253227AFE9DC21464446884686
:10EADC0001332A44072BC7E90085CDE925327FF79E
:10EAEC00B7AB079924AA504601F06CFA00287FF4C2
:10EAFC0039AF269AFFF7ACBB049950AA521B91422E
:10EB0C004FF00003B8BF1146CDE90B3308930A92BE
:10EB1C0002910E93FFF74FBBC8800020540E0020CB
:10EB2C001998002840F300840B9B0D998B42A8BFC9
:10EB3C000B46002B98460ADD1A44C7E90053259B67
:10EB4C0026920133072B259300F3B48708370B9ECD
:10EB5C00B8F1000FA8BFA6EB0806002E00F3AB829D
:10EB6C000B9B1BF4806F03EB050940F0CA82199BC9
:10EB7C000D998B4203DB1BF0010F00F07D85109982
:10EB8C0011980A44C7E900012599269201310729F9
:10EB9C00259100F39B8708370D996E18A6EB090693
:10EBAC00CD1AAE42A8BF2E46002E0BDD259BC7F812
:10EBBC00009001333244072B7E602692259300F39C
:10EBCC00D3870837002EA8BFAD1B002D7FF737ABBE
:10EBDC00B949259B0F91102D40F31184A146DDF806
:10EBEC001C8010260C4604E00837103D102D40F315
:10EBFC00058401331032072BC7E90046CDE92532D5
:10EC0C00F2DD24AA4146504601F0DCF900287FF4DD
:10EC1C00A9AEDDE9253227AFE7E72599102E40464E
:10EC2C0040F361870F943A46A846079CA34D1F46B4
:10EC3C0004E0103E102E02F1080216DD01311030F6
:10EC4C0010230729CDE9251015605360F1DD24AAA6
:10EC5C002146504601F0B6F900287FF483AE103EF1
:10EC6C00102EDDE9251027AAE8DC3B460F9C174641
:10EC7C002A464546904601F1010C3218BCF1070FAB
:10EC8C00CDE925C2C7F800807E6000F336839DF87D
:10EC9C005F100837002940F0F880002B3FF4B9AA28
:10ECAC000B46FFF7A5BA1BF0010F7FF498AE0120BD
:10ECBC00072BCDE925323D6078607FF7B8AE079918
:10ECCC0024AA504601F07EF900287FF44BAEDDE912
:10ECDC00253227A9ABE60D9801287FF7A8AE11289D
:10ECEC0075480F9040F3B783A046079F1025044644
:10ECFC0004E00831103E102E40F3AC830133103287
:10ED0C00072BC1E90045CDE92532F2DD24AA3946AD
:10ED1C00504601F057F900287FF424AEDDE9253286
:10ED2C0027A9E7E7079924AA504601F04BF90028D8
:10ED3C007FF418AE269A27AFFFF771BA2D238DF802
:10ED4C005F30049B764268EB4808002BFFF643AD1E
:10ED5C000A2E78F100032BF0800BFFF441AD0294E6
:10ED6C00CDF8289050A9DDF8509008974FF0000C82
:10ED7C000BF4806426E016EB0803514843F10003C2
:10ED8C00A0FB032020F0030202EB90029B1AF31A63
:10ED9C004B484FF0CC32B646474602FB03F268F1C3
:10EDAC00000800FB0822A3FB0063BEF10A0F13440A
:10EDBC004FEA560677F10007294646EAC3764FEA32
:10EDCC0053082DD33E4D16EB080343F10003A5FB6E
:10EDDC00032020F0030202EB90029B1AF31AA3FB10
:10EDEC00053268F1000005FB00225B0843EAC273A0
:10EDFC0003EB8303A6EB430330330CF1010C01F856
:10EE0C00013C4D1E002CB6D099F800306345B2D1B0
:10EE1C00BCF1FF0FAFD00A2E78F1000380F0B38362
:10EE2C000499029CCDF8509050AB5A1B9142B8BF3C
:10EE3C001146DDF82890089F9DF85F30CDF834C05E
:10EE4C000A920291DAE4079924AA504601F0BAF822
:10EE5C0000287FF487ADDDE9253227A9C7E507999E
:10EE6C0024AA504601F0AEF800287FF47BADDDE912
:10EE7C00253227A9C7E51BF0010F3FF4E0A9FFF7E6
:10EE8C000FBB09932378FFF7CFB81E460023FFF77B
:10EE9C009EB9099A0432099909920E684FEAE678EC
:10EEAC009B46434685E4099B1A1D099B09921B68E6
:10EEBC000021FFF7D9BB00BFC8800020540E0020F2
:10EECC00CDCCCCCC099A1BF0100052F8043B41F08D
:10EEDC0057801BF0400100F0A8818DF85F009BB2B9
:10EEEC0004994FF0000841451E46C0F2A9812BF051
:10EEFC00800B002B40F0A481049B0992002B3FF463
:10EF0C003CAC00266CE45846FFF7A5BB5B4646E4D8
:10EF1C00B5EEC08BF1EE10FA2BF0800B00F11E83D6
:10EF2C009DF85F30B9F1470FCCBFA44DA44D002B19
:10EF3C0040F052870322CDE90B3308930A920493D5
:10EF4C000E930292FFF737B91BF0100F40F07C8242
:10EF5C001BF0400F40F0A7831BF4007F00F074827D
:10EF6C00099A0599126811706BE4964E1BF0200FEC
:10EF7C0000F07D81099B073323F007031A4658687C
:10EF8C0052F8083B09921BF0010140F05C81049A95
:10EF9C008DF85F10002AC0F28B8153EA00022BF42B
:10EFAC00906B00F0948103F00F02B25C8DF83F215E
:10EFBC001B0943EA0073020953EA10100DF23F15C6
:10EFCC000BD003F00F001B09305C05F8010D43EA70
:10EFDC000273120953EA0200F3D1049A50AB4FF0BA
:10EFEC00000E5B1B9A42CDE90BEEB8BF1A460A9392
:10EFFC000292CDF820E0CDF838E000293FF4DBA8F0
:10F00C00029BDDE925C2023302931BF08403904678
:10F01C00614604D1069E0298361A002E06DCBEF11B
:10F02C00000F3FF4E5A80226FFF7D1B80223F5E55F
:10F03C00654E9BE74BF0020B0992634E03F00F02F7
:10F04C000221B25C4FF07809B0E7099B1B688DF880
:10F05C00DC30012302930A9337ADFFF7A6B9079969
:10F06C0024AA504600F0AEFF00287FF47BAC269A11
:10F07C0027AFFFF722BA049B0895062B28BF06235F
:10F08C0002930A932B460495CDE90B334F4DCDF8E3
:10F09C0024800E93FFF78FB840215046FDF73CF9C2
:10F0AC00079B18601861002800F06087079A4023BE
:10F0BC005361FEF783BF102E259B40F32E874448E7
:10F0CC00DDF81C800F9039464FF01009074604E01C
:10F0DC000831103E102E40F32B8201331032072BD7
:10F0EC00C1E90079CDE92532F2DD24AA414650462A
:10F0FC0000F068FF00287FF435ACDDE9253227A944
:10F10C00E7E70D9BDDF83880CDF83CB0EB180493A5
:10F11C000C9BDDF81CB00B94002B4E463946DDF8E9
:10F12C005090159F0E9531DDB8F1000F40F32B81F7
:10F13C0008F1FF382598139B01303A440728C1E9A0
:10F14C0000372692259000F39F800831049B99F894
:10F15C0000009D1B8542A8BF0546002D0CDD25989F
:10F16C0001302A440728C1E900652692259000F356
:10F17C005E8199F800000831002DACBF441B044699
:10F18C00002C14DC06440C9B002BCDDCB8F1000FDA
:10F19C00CEDCDDE90D35EB189E42CDF850900B9C82
:10F1AC00DDF83CB0B1460F4628BF9946DFE4102C81
:10F1BC002598074B2BDD10250A9310E0E016002054
:10F1CC00DC16002000170020EC160020141700207D
:10F1DC00C8800020103C102C01F1080116DD013014
:10F1EC00AE4B10320728C1E90035CDE92502F1DD1F
:10F1FC0024AA5946504600F0E5FE00287FF4B2AB35
:10F20C00103C102CDDE9250227A9E8DC0A9B0B60D9
:10F21C00013022440728CDE925024C6000F35883C5
:10F22C0099F8000008310644ADE71BF4007840F073
:10F23C00328204998DF85F8000291E46BFF657AEC6
:10F24C000992FFF7C8BA53EA000237D030228DF882
:10F25C00602000228DF85F20049A8DF86190002ABE
:10F26C0023DB2BF4906242F0020B02219BE6099AFD
:10F27C001BF0100F52F8043B099214D11BF0400FF5
:10F28C000DD09BB200207EE624AA5946504600F0D1
:10F29C0099FE00287FF466AB269A27A956E71BF443
:10F2AC00007F40F0F58100206DE64BF0020B02214F
:10F2BC0003F00F022BF4806BB25C77E6049B002109
:10F2CC008B428DF85F10C0F241812BF4906B049A45
:10F2DC00002A00F0CB80012A33788DF83F31B8BF7B
:10F2EC000122002302920122CDE90B3308930A92EA
:10F2FC000E930DF23F15FEF75EBF07990F9324AAEC
:10F30C00504600F05FFE00287FF42CAB9DF85F1098
:10F31C00269A0F9B002900F0AC801E46DDF894C0A5
:10F32C00034627AFFEF753BF259B5D493960013378
:10F33C0001320121072B26922593796000F37C8101
:10F34C00083700287FF41CAB0D990BF001030B431D
:10F35C003EF475AF109B11991A44C7E90013259B15
:10F36C0026920133072B259300F31C8207F1080129
:10F37C00FFF717BB049B0A93CDE90B330E9308934D
:10F38C0050ADFEF718BF0C9B013B09F1FF390C93F4
:10F39C00D0E6079924AA504600F014FE00287FF40A
:10F3AC00E1AA269A27AFFFF776B80822002122A8F7
:10F3BC001B95FDF731FE049B002B7DDB0026029490
:10F3CC00CDF82080344698460EE037A9504601F01F
:10F3DC00F9FF411C204400F09484404509DC06F1FF
:10F3EC00040600F0008504461B9A925922AB002AB1
:10F3FC00EBD10A94DDF82080029C6AE04C46013384
:10F40C000F9939602A44072B7D60CDE925327EF7B0
:10F41C0015AFFFF7CFBA079924AA504600F0D2FDDA
:10F42C0000287FF49FAA269A27AFFEF7F2BE24AAE3
:10F43C005946504600F0C6FD00287FF493AA99F86F
:10F44C000000269A27A997E6099A05991268116077
:10F45C00FFF7F7B9444601330F9808603244072B85
:10F46C00CDE925324E607FF7E1AA28E4049BFFF733
:10F47C0084B9002B00F00981DDF894C00B4627AF4E
:10F48C00FEF7B6BE1BF4007F16BF46F3C0184FEA5A
:10F49C00E67876B24346FFF78CB900BFC8800020EF
:10F4AC001C1700201BF4007100F0F980DBB20992EC
:10F4BC0058460021FFF7D8B822AB009300231BAAB3
:10F4CC001946504601F0A6FF0A90013000F019844D
:10F4DC001B950A9B002B00F09F80632B00F34C8143
:10F4EC000023089337AD0822002122A8FDF794FDD4
:10F4FC000A9E22AB00931BAA33462946504601F0C4
:10F50C0089FF864240F042850A9A0023AB5422EAD6
:10F51C00E27202929DF85F20049312B1029A0132BA
:10F52C000292CDE90B33CDF824800E93FEF743BE47
:10F53C000F4601330F9939603244072BCDE9253240
:10F54C007E6000F323810837FFF70ABB33788DF810
:10F55C003F312BF4806B0DF23F153EE52D238DF8DA
:10F56C005F30B9F1470F4FF000030893049340F359
:10F57C00E6800322964D0A92CDE90B330E930423B9
:10F58C000293FEF718BE159A1399AD1A2846FDF78B
:10F59C0087FD99F801300BB109F101098D4A16EB81
:10F5AC00080343F10003A2FB030727F0030000EB61
:10F5BC0097001B1AF31A4FF0CC3168F1000803FBCB
:10F5CC0001F102FB0811A3FB023001445B0843EA82
:10F5DC00C1764FEA510816EB080343F10003A2FB76
:10F5EC00031020F0030101EB90015B1AF31AA3FB4B
:10F5FC00023168F100005B0802FB001243EAC2739F
:10F60C0003EB8303A6EB4303303305F8013C4FF0C7
:10F61C00010C013DFFF7F8BB9DF85F30CDF824805D
:10F62C00003B18BF012302930A9B0493CDE90B33D3
:10F63C000E930893FEF7BFBD079924AA504600F01D
:10F64C00C1FC00287FF48EA91998269A27AF78E67A
:10F65C009DF85F3002920A9250ADFFF7CFB8049B31
:10F66C000992CDE90A330E930C93029350AD4FF0EF
:10F67C0078099E460893C3E46E18A6EB0906CD1ACA
:10F68C00AE42A8BF2E46FFF79DBA27AFFEF7C1BD0D
:10F69C00DBB2002077E48DF85F10DBB220E4099236
:10F6AC005846FEF7E1BF099A059912681180FFF7D9
:10F6BC00C8B822AB01931BAB0093B0EE470B049A76
:10F6CC0019AB022150468DED027B00F065FF9DEDDC
:10F6DC00027B05461BF0010F40F05582229B5A1B02
:10F6EC00199B0D92D81C0B93C0F20182049999427C
:10F6FC00C0F20B819A4200F392820B9B0A931BF48B
:10F70C00806F03D00B9B002B00F32D830A9B23EA05
:10F71C00E373C34602934FF0670900230E930C93D7
:10F72C000BF00201002E00F0CA804FF02D0E8DF868
:10F73C005FE0029B01330293002304935DE40322F8
:10F74C00254D0A9218E72846FDF7F2FD9DF85F302B
:10F75C000A9020EAE0720292002B3EF40CAFFEF706
:10F76C0008BF079C24AA2146504600F02BFCA38915
:10F77C0003F04003FEF7F6BC591C5046FCF7CCFDD9
:10F78C000546002800F0F6830890ACE6079924AAF9
:10F79C00504600F017FC00287FF4E4A8269A27AF07
:10F7AC00FFF7DEB9079924AA504600F00BFC00289D
:10F7BC007FF4D8A8DDE92532199827A9FFF7EEB810
:10F7CC0000230893062304934BF48078FEF787BD3F
:10F7DC00E0160020CDCCCCCCDC160020049B0133F1
:10F7EC000D93022122AB01931BAB0093B0EE470BA0
:10F7FC0019AB0D9A50468DED027B00F0CDFE0D9BA2
:10F80C0029F0200CBCF1460F9DED027B054600EB68
:10F81C00030100F09880B5EE407BF1EE10FA00F099
:10F82C00D882229B994288BF4FF0450C40F2CF8280
:10F83C0030205A1C22921870229B8B42F9D35B1BEE
:10F84C000D93BCF1470F199B0B9356D0BCF1460F8F
:10F85C0000F08F800B9B8DF87090013B002B19935F
:10F86C00C0F24C812B22092B8DF8712000F34F81B3
:10F87C0030228DF872200DF17302303302F8013B07
:10F88C001CABD31A12930D9B129A012B1A440A9299
:10F89C0040F341820A9B109A13440A930A9A2BF460
:10F8AC00806343F4807B22EAE2720023CDE90B33C0
:10F8BC000E93029234E7049B0D93032192E79DF87B
:10F8CC005FE0BEF1000F7FF434AF0496FFF795BBF9
:10F8DC0024AA5946504600F075FB00287FF442A834
:10F8EC0099F80000269A27A906444CE4199B0B931F
:10F8FC004B1BBCF1470F0D933BD10B9B0333C0F259
:10F90C00F680049B0B9A93420FDA0B9B013BA9F1F7
:10F91C000209002B8DF870901993A3DA0B9B2D2202
:10F92C00C3F101038DF87120A2E70D9B0B9A934252
:10F93C0000F375811BF0010F0B9B00F0B282109A43
:10F94C0013440A93DBE62B78302B00F06182199B71
:10F95C001944B5EE407BF1EE10FAC7D0229B8B42D6
:10F96C00FFF466AF5B1B0D93BCF1470F199B0B9318
:10F97C00C3D00B99049A0BF00103002943EA02034C
:10F98C0040F3CF82002B40F01A820B9B0A934FF06E
:10F99C0066091BF4806F40F0E8810A9B23EAE3734D
:10F9AC00C3460293B9E647F63003ADF86030049BCA
:10F9BC00632B4BF0020B00F35C8118EE903A002B9A
:10F9CC00C0F23B81B0EE480B19A800F0B1FCB4EECC
:10F9DC00007B20EE077BB5EE407BF1EE10FA40F099
:10F9EC00408201230026199337AD0896AE4804993E
:10F9FC00B3EE004B2B4606E0B5EE407BF1EE10FA71
:10FA0C0000F00F82114627EE047BFDEEC76B4A1EF9
:10FA1C0016EE90CA10F80CE0B8EEE65B9C4637EE9A
:10FA2C00457B03F801EB0029E6D1B6EE005BB4EEA2
:10FA3C00C57BF1EE10FA08DCB4EE457BF1EE10FA62
:10FA4C001ED116EE902AD2071AD5CDF888C013F81D
:10FA5C00011C90F80FC08C451A460AD14FF0300E9D
:10FA6C0002F801EC229A511E229112F8011C6145F8
:10FA7C00F6D0392916BF0131817AC9B202F8011CBE
:10FA8C00199A5B1B0D93B9F1610F02F1FF331993B6
:10FA9C0000F01F8250214FF04109002B8DF870109F
:10FAAC00C0F20E822B22092B8DF871202FDC0DF168
:10FABC007202E2E6079924AA504600F083FA002865
:10FACC007EF450AF269A27AFFFF741B8079924AAC6
:10FADC00504600F077FA00287EF444AF199B269A22
:10FAEC0027AFFFF759B8DFF8CC81FFF7C4B80B9BF1
:10FAFC00A9F10209013B8DF8709019930B9A2D23F3
:10FB0C008DF87130C2F101030832BFF6B1AE0DF1C0
:10FB1C007F0CDFF8A4E162461046AEFB0312D2085C
:10FB2C0002EB8201A3EB41013031632B00F8011C85
:10FB3C00134600F1FF32EFDC303302F8013C831E38
:10FB4C00634580F0C8810DF1710213F8011B02F8B6
:10FB5C00011F6345F9D103F5A0736B44CC3B1B1A11
:10FB6C001CAA9B1A12938EE6079924AA504600F001
:10FB7C0029FA00287EF4F6AE199D0D9B269A5D1B82
:10FB8C0027AFFFF71FB8049B4FF0470CE918E0E6CE
:10FB9C0000230C460493FEF749BA45F63003ADF842
:10FBAC006030049B632B4BF0020B62DC18EE903A36
:10FBBC00002B42DBB0EE480B19A800F0B9FBB4EEF9
:10FBCC00007B20EE077BB5EE407BF1EE10FA01D105
:10FBDC000123199300263548089637AD07E74642AE
:10FBEC00103033480F9052DA1027804603E008316A
:10FBFC00103E102E4BDD01331032072BC1E900876C
:10FC0C00CDE92532F3DD079924AA504600F0DAF944
:10FC1C0000287EF4A7AEDDE9253227A9E8E70D9B85
:10FC2C00109A9A180B9B0A92002B79DD4FF06709FA
:10FC3C00AFE6DFF88080FEF74BBF0023089337ADAB
:10FC4C002D26B1EE487BB0EE470B19A800F070FBE7
:10FC5C00B4EE007B20EE077BB5EE407BF1EE10FAA4
:10FC6C0004BF01231993B9F1610F3FF4BFAE0F48E4
:10FC7C00BDE6049B5046591CFCF74EFB054600287C
:10FC8C0000F03D8108904BF48078FEF728BB0133DF
:10FC9C000F9808603244072BCDE925324E6000F3F3
:10FCAC0002810831FEF77DBEEC1600200017002003
:10FCBC00C8800020540E0020CDCCCCCC049A002A55
:10FCCC0000F0D480002BC0F22481B0EE487B0026DB
:10FCDC0022AB01931BAB0093B0EE470B19AB049A0C
:10FCEC00022150468DED027B00F056FC00239DED69
:10FCFC00027B05460893EDE42D26B1EE487BFEF71A
:10FD0C00F6BA079B9B890022089243F04003079A9E
:10FD1C009381FEF727BE1BF0010F3FF4BFADB9E591
:10FD2C00C3F101031A4422EAE273C3460A92029316
:10FD3C004FF06709F1E418EE903A13F000432BF002
:10FD4C00800B0B9300F09A802D238DF85F30B9F166
:10FD5C00470F4FF000030893049340F3F8800322FD
:10FD6C00944D0A9208E44FF0670914990B78FF2B15
:10FD7C0000F0F88000200B9A0E90844603E00130CE
:10FD8C000131FF2B09D0934207DAD21A4B78002BA2
:10FD9C00F5D10B780CF1010CF3E7CDE90B201491A4
:10FDAC00CDF838C00C9A0E9B159913440A9A01FB96
:10FDBC0003230A9323EAE373C3460293B0E4109B34
:10FDCC0002EB01094B440A934FF06609E1E55B1B1A
:10FDDC000D93199B0B933DE50023032208930A9284
:10FDEC000493FFF7C9BB049B029CDDF820800A93A7
:10FDFC00FFF76FBBCDF824801BB3049B0A935A1CEE
:10FE0C00029204900E900C904FF07309FEF7D3B948
:10FE1C00B5EE407BF1EE10FA1ED1199B0B931944F1
:10FE2C0066E5002A0491FFF62BAE0499302001EB15
:10FE3C00030C194601F8010B6145FBD11A44531C04
:10FE4C001EE6049B0A930293089B0E930C93049357
:10FE5C004FF07309FEF7AFB90D9BC3F10103199372
:10FE6C0076E500265448089637ADC0E5934273DB1F
:10FE7C00B0EE487B0123049E049329E79DF85F3084
:10FE8C00B9F1470FCCBF4B4D4C4D002B40F0868049
:10FE9C00032204930A920E930C9308930292FEF79A
:10FEAC008AB90A932BE4079924AA504600F08AF8E1
:10FEBC0000287EF457ADDDE9253227A9FEF771BD88
:10FECC002D238DF87130C2F101030832FFF61FAEFD
:10FEDC00EDE57021E1E502231293D4E4CDE90B3377
:10FEEC0008930E93FEF767B9099A63780C4652F89B
:10FEFC00041B099241EAE1710491FEF795B8079A47
:10FF0C00938943F0400393814FF0FF330593FEF741
:10FF1C002CB92D26B1EE487BDAE629490F91FFF773
:10FF2C0008BBC34633B9012302934FF066090A9309
:10FF3C00FFF7F3BB109B03F10109049B4B440A939D
:10FF4C0023EAE37302934FF06609FFF7E6BB032243
:10FF5C001A4D0A92FFF710BB01232D260493B1EE24
:10FF6C00487BB5E600230E930C931BE70C23CAF8D1
:10FF7C000030C9E7079B08909B8943F04003C6E615
:10FF8C005946FEF7C2BB5846FEF78FBF079B9B89AD
:10FF9C0043F04003BBE65B46FEF77DBF00230493B2
:10FFAC000E930C93089303230A9304230293FEF7F6
:10FFBC0002B900BFE8160020EC160020E416002061
:10FFCC00C88000202DE9F0411546926802B32C68D8
:10FFDC0007468846083401E00834C9B16B68581EDE
:10FFEC00002B1146686013DD54F8046C002EF3D01E
:04FFFC00334654F83C
:02000004600199
:10000000082C4146384602F0A1FB431C07D0AA68E1
:10001000921B1146AA6008340029E5D10020002374
:10002000C5E90133BDE8F08170B5002941D006462D
:100030000C4610B1436B002B3ED0FCF7BBFE636E49
:10004000B4F90C20DD0730D4900538D52146304670
:1000500000F04CF8E36A054633B1E1693046984751
:100060000028B8BF4FF0FF35A3891A0639D4216B99
:1000700041B104F14003994202D03046FDF762FAE3
:1000800000232363616C21B13046FDF75BFA002346
:100090006364636E0022DB07A2811ED5A06DFDF7AD
:1000A000D5F8FCF78DFE284670BD002ACED1FCF7AE
:1000B00087FE0025284670BDFCF75EFEBDE7A06DFB
:1000C000FDF7C6F8B4F90C30002BBFD1636ED90729
:1000D000EDD4A06DFDF7BEF8E9E7A06DFDF7BAF825
:1000E000DCE721693046FDF72DFAC0E7B1F90C20B5
:1000F0002DE9F041804610070C4650D4496842F47F
:1001000000630029A38164DDA66A002E44D000218B
:1001100012F48052D8F80050C8F8001065D1E16997
:1001200001234046B047411C02466CD0B4F90C3064
:10013000A66A5B0705D56368D21A236B0BB1E36B24
:10014000D21A0023E1694046B047471CB4F90C308D
:100150004DD1D8F800101D2940D8304ACA40D607E2
:100160003CD52269226023F40062A281D9044FF0B9
:100170000002626003D5D8F80030002B41D0216B1B
:10018000C8F8005041B104F14003994202D0404602
:10019000FDF7D8F9002323630020BDE8F0810E6944
:1001A000002EF9D00D680E6092070CBF4B6900233A
:1001B000AD1B8B600AE02B463246E169676A404618
:1001C000B8470028A5EB0005064406DD002DF2DC4B
:1001D000E2E7E16B002997DCDEE7A38943F0400307
:1001E000A3814FF0FF30BDE8F081226DA1E72269C5
:1001F000226023F40062A281DB044FF000026260FF
:10020000BDD52065BBE7D8F80030002B8ED01D2B64
:1002100001D0162BE1D1C8F80050BDE70100402005
:1002200000B5034683B008B1426B52B3B1F90C007C
:1002300098B14A6ED20701D4820512D518460091B2
:10024000FFF754FF00994A6E0346D00702D48A890B
:1002500092050ED5184603B000BD0346184603B0FC
:1002600000BD886D01930091FCF7F2FFDDE90013FA
:10027000E4E7886D0093FCF7EDFF009B184603B0A0
:1002800000BDCDE90001FCF777FDDDE90031CDE7E8
:1002900000487047B08900200000000001F0FF0115
:1002A000102A2BDB10F0070F08D010F8013B013AA1
:1002B0008B422DD010F0070F42B3F6D1F0B441EAD3
:1002C000012141EA014122F007047FF000070023E9
:1002D000F0E80256083C85EA010586EA010685FA3F
:1002E00047F5A3FA87F586FA47F6A5FA87F68EB999
:1002F000EED1F0BC01F0FF0102F0070232B110F8BC
:10030000013B013A83EA010313B1F8D100207047A1
:1003100001387047002D06BF35460338073815F001
:10032000010F07D1013015F4807F02BF013015F4B1
:10033000C03F0130F0BC0138704700BF4DF804BD2C
:1003400083B08DED000B019ADFF870C022F00043FE
:1003500000216345016025D8DDF800C053EA0C0C8C
:1003600020D0DFF85CC002EA0C0CBCF1000F0AD10F
:100370009FED107B20EE077B8DED007B019A6FF0E7
:10038000350122F00043DDE900BC6FF31E5242F05C
:100390007F5C1B154CF4001CA3F2FE33CDE900BCBE
:1003A0000B4403609DED000B03B05DF804BB704788
:1003B000AFF300800000000000005043FFFFEF7F1C
:1003C0000000F07F00B50B4C2468864685B0E068DD
:1003D0009C460C4652B108490094CDE9011273467F
:1003E0000649624601F028F8F9F7A4FC04490A46D8
:1003F000F2E700BF408A00202017002030170020BD
:100400007C15002010B5A1FB021482B074BBFBF771
:1004100089FF034670B350F8042C22F00302043A1B
:10042000242A10D8132A16D91B2AC0E900441AD945
:10043000242AC0E902440ABFC0E9044400F11001C3
:1004400000F1180108E021460190FCF7EBFD019B4B
:10045000184602B010BD014600221846C1E900222C
:100460008A6002B010BD00F10801F5E7FCF7C0FE9C
:100470000C2303600023184602B010BD2DE9F04F95
:1004800003690C69A34283B0C0F28880013C01F18A
:10049000140500F1140855F8243058F824200133CD
:1004A00008EB84069A4200964FEA840B05EB84071A
:1004B000B2FBF3F63AD300230191C64629469C4687
:1004C00051F8042BDEF800901FFA82FA06FB0A337B
:1004D0004FEA134A120C06FB02A29BB21FFA89FADA
:1004E000AAEB030363441FFA82FCCCEB234C0CEB16
:1004F000194C9BB243EA0C438F424EF8043B4FEA3F
:100500002C4C4FEA1243DBD258F80B3001996BB9EF
:10051000009B043B984504D307E0984504F1FF3461
:1005200003D21A68043B002AF7D004618146FDF724
:10053000DFFB00282EDB01364146002255F8040B74
:10054000D1F800C01FFA80FE1FFA8CF3A3EB0E0354
:100550001344020CC2EB234202EB1C429BB243EA5F
:100560000243AF4241F8043B4FEA2242E6D258F838
:10057000242008EB84036AB9043B984504D307E0C0
:10058000984504F1FF3403D21A68043B002AF7D0DF
:10059000C9F81040304603B0BDE8F08F002003B02A
:1005A000BDE8F08F2DE9F04F93B08DED000B049175
:1005B000816B1C9D069257EC106B0446089341B169
:1005C000C26B4A60012393408B60FDF707F900235B
:1005D000A363B7F10008B4BF012300232B60A34B32
:1005E000BCBF28F00048CDF8048033EA080300F0CF
:1005F00092809DED007BB5EE407BF1EE10FA0DD1BF
:10060000089A012313601D9B13B11D9A984B136028
:10061000984B0293029813B0BDE8F08F10AAB0EE89
:10062000470B11A920468DED027BFDF741FC5FEAE7
:1006300018539DED027B109A834640F08280119BF7
:10064000134403F23241202940F3E281C1F1400119
:1006500008FA01F803F2124126FA01F148EA010111
:1006600006EE101AB8EE466B013B16EE901A4FF0EC
:100670000108A1F1F8719FED772BB7EE081B9FEDF4
:10068000775B9FED784B06EE901A03EE903A36EECC
:10069000416BB8EEE33BA6EE025BB0EE456BA3EE1A
:1006A000046BFDEEC65BB5EEC06BF1EE10FACDED5E
:1006B000055A00F1C0800599D21A162902F1FF3AB5
:1006C00000F2A4806C4B03EBC10393ED006BB4EE1E
:1006D000C67BF1EE10FA00F1A281002A40F3C0843B
:1006E0000027CDE90A178A4400230993049B092BAC
:1006F0003DD8052BC4BF043B0493049BA3F1020324
:10070000CCBF00250125032B33D8DFE813F0FA0115
:10071000F701ED019201089AC8F3130842F20F7332
:1007200058EA060813601BD11D9B002B00F042867F
:10073000524B029308331D9A0298136013B0BDE820
:10074000F08F17EE901AB0EE476BC1F3130141F032
:100750007F51A3F2FF3341F440114FF000088AE7C4
:100760001D9B002B40F06181454B029352E7002313
:1007700004930025E563294620468DED067BFDF7B1
:1007800003F89DED067B0290002800F0B485119AD5
:10079000029BA363002A75DB05990E2972DC364B98
:1007A00003EBC10393ED003B87EE036BBDEEC66B1D
:1007B000029916EE103A303301F8013B4FF0FF3941
:1007C000B8EEC65BA5EE437B0123B2EE044B11E00D
:1007D00087EE036BBDEEC66B013316EE102A4B4558
:1007E00002F13002B8EEC65B01F8012BA5EE437BA7
:1007F00000F0A38427EE047BB5EE407BF1EE10FA07
:10080000E6D1059B013304930D46ECE001230B93E5
:10081000059BBAF1000FBABFC2F101074FF0000A01
:100820000027002B80F2F180059BFF1A5B420993A1
:1008300000230A935AE7B8EEE55BB4EE465BF1EEAF
:1008400010FA3FF438AF05990139059133E700BF3D
:10085000AFF3008061436F63A787D23FB3C8608B5B
:10086000288AC63FFB799F501344D33F0000F07F96
:100870001D1700201C1700204803002060170020CF
:100880006C1700204FF0FF390695CDF83090B8F185
:10089000000F00F0E984DDF8248002F233420121E8
:1008A00020469244BD18FDF75FF80646002F40F041
:1008B0009F82099B002B00F09383B8F1000F40F05A
:1008C00077835946099A2046FDF740F9012383466C
:1008D000099301212046FDF747F80A9B8046002B2B
:1008E00040F04582049B012B40F3AA820120504432
:1008F00010F01F0000F008811B2800F3D582C0F122
:100900001C00054407448244002D05DD59462A4653
:100910002046FDF777F98346BAF1000F05DD414621
:1009200052462046FDF76EF980460B9B002B40F0A7
:100930000082B9F1000F40F3D781099B002B40F0F2
:100940002481059B01330493029F012507E059464A
:1009500000230A222046FCF74BFF0135834641461F
:100960005846FFF78BFD4D4500F1300A07F801AB03
:10097000EDDB029BB9F1000F03F1010209F1FF3930
:100980004FF00003D8BF4FF000099144009359463F
:1009900001222046FDF736F941468346FDF7A8F9C6
:1009A000002840F32083029A02E0914500F026835C
:1009B0004D4609F1FF3915F8013C392BF5D00133CB
:1009C00089F8003041462046FCF708FF5EB1009BE5
:1009D0002BB1B34203D019462046FCF7FFFE314647
:1009E0002046FCF7FBFE59462046FCF7F7FE0023A5
:1009F0002B70089B049A1A601D9B002B3FF40AAED3
:100A000002981D6013B0BDE8F08F9A440A936BE61C
:100A1000C1F1200106FA01F106EE101A22E6059B4B
:100A2000013B059300230B93F2E6AC4B0293033397
:100A300081E601230D93DDE90523134403F1010948
:100A40004E46012E0C93B8BF0126172E40F39C840E
:100A5000012204235B0003F11400B042114602F1AD
:100A60000102F7D9E16320468DED0E7BFCF78CFE89
:100A70000290002800F03F84B9F10E0F9DED0E7B2F
:100A8000A06346D8002D44D00599002940F3F18297
:100A9000934B01F00F0203EBC203CD0593ED006B06
:100AA0004FEA211340F18A838E4A92ED085B03F0EE
:100AB0000F03032187EE054B002B00F0FB81894AD1
:100AC00001E05B100832D80703D45B100832DE0760
:100AD000F7D592ED005B5B1001F1010126EE056B8D
:100AE00000F0E8810832F2E701230D93069B002B0A
:100AF00040F38B81069E0C96B146A6E700230D932A
:100B000099E700230D93F1E71C2005440744824434
:100B1000FAE6119A002AC0F24081059B0E2B00F3E1
:100B20003C816F4B059A03EBC20393ED003B069BA0
:100B3000002B80F2ED82B9F1000F00F3E98240F062
:100B40008682B1EE046B23EE066BB4EEC67BF1EE4B
:100B500010FA494640F27C82029D312305F8013BA0
:100B60002046FCF73BFE059B023304933BE73146EE
:100B700000230A222046FCF73BFE0C9B002B064676
:100B800040F3FA83DDF830900595002F05DD3146FE
:100B90003A462046FDF736F806460A9B002B40F001
:100BA000F6823746029D6B1E4B440A93009B03F06E
:100BB00001030C9341465846FFF760FC31460B9009
:100BC00000F1300A5846FDF793F8414681463A460F
:100BD0002046FDF7ADF8C3680146002B36D10990D9
:100BE0005846FDF785F8099906902046FCF7F6FD72
:100BF000069A002A5AD1049B1BB90C9B002B00F0CB
:100C0000A483B9F1000F43DB0A9BA9469D4209F872
:100C100001AB00F0D782594600230A222046FCF798
:100C2000E7FDBE42834631464FF000034FF00A0213
:100C3000204635D0FCF7DCFD3946064600230A2263
:100C40002046FCF7D5FD4D460746B3E72046FCF7A6
:100C5000C5FDB9F1000F08DB009B03F00102049B06
:100C600049EA030952EA09022ED1594601222046D7
:100C7000FCF7C8FF41468346FDF73AF8002840F3E9
:100C80004183BAF1390F00F024830B9B03F1310A41
:100C900005F801AB059B0096013304933E4691E6AF
:100CA000FCF7A6FD4D460646074683E7B9F1000F5F
:100CB000C0F28483049B49EA03090C9B53EA0909A7
:100CC00000F07C83002A9FDDBAF1390F00F0018328
:100CD0000AF1010305F8013BDCE700BF6C170020B7
:100CE0004803002020030020049B022B7FF725AE41
:100CF000B9F1000F40F0008241464B4605222046E4
:100D0000FCF776FD014680465846FCF7F1FF484562
:100D100040F3F281029D312305F8013B4146204614
:100D2000FCF75CFD059B02330493002E7FF457AE65
:100D300059E641465846FCF7DBFF0028BFF6F9ADFF
:100D4000594600230A222046059DFCF751FD099BC8
:100D5000013D8346002B7FF40AAF0C9B002B40F330
:100D6000FE82059BDDF8309004930595ECE51A466C
:100D700001462046FCF7EAFE049B012B804640F327
:100D8000F98100230A93D8F8103008EB830318691F
:100D9000FCF780FDC0F12000A9E50D9B73B9002F81
:100DA00067D1099B002B74D11D461E4691E5119A0F
:100DB000002A03DB05990E297FF7B4AE049B012BB3
:100DC0007FF765AD099B09F1FF384345C0F2778194
:100DD000B9F1000FA3EB080880F2BE82A7EB09036C
:100DE000012120460D93FCF7BFFD3D460D9F0646B1
:100DF000BAF1000F7FF75DAD57453B46A8BF53469C
:100E0000ED1AFF1AAAEB030A53E50021E16320461D
:100E10008DED067BFCF7B8FC9DED067B029000286B
:100E200000F06982029BA363002D40F09F81119A1C
:100E3000AA42C0F27C8201230C93994606936CE689
:100E4000009B002B7FF452AD019BC3F31303002BD7
:100E50007FF44CAD019B23F000431B0D1B05002BC1
:100E60003FF444AD012301350AF1010A0A93184603
:100E70003DE5BAF1000F00F0FE8157453B46099E63
:100E8000A8BF5346FD1AAAEB030A2F46002E3FF4D3
:100E900020AD5946099A2046FCF758FE00238346A8
:100EA00009933D461E4614E51C283FF42DADC0F1C4
:100EB0003C002AE684EE065B0B9B3BB1B7EE006B71
:100EC000B4EEC65BF1EE10FA00F1E081B1EE0C4B2E
:100ED00006EE901AB8EEE66BA6EE054B14EE901AED
:100EE00053EC142BA1F15073B9F1000F00F09B806B
:100EF000DDF814C0484643EC142BB64B029DFDEEC2
:100F0000C53B03EBC00212ED022B13EE902A02F157
:100F1000300E0D9A691CB8EEE36B0E4635EE466B4B
:100F2000002A00F05B81B6EE003B83EE025B35EEFB
:100F3000445BB4EEC65BF1EE10FA85F800E000F316
:100F40002782B7EE001BB2EE043B002518E0013506
:100F50008542BFF62CAF26EE036B25EE035BFDEE5C
:100F6000C64B14EE902AB8EEE42B303236EE426BCC
:100F7000B4EEC56BF1EE10FA01F8012B00F1DF8140
:100F800031EE464BB4EEC54BF1EE10FADFD5029AC6
:100F90000CF1010C02E0914200F097810D4611F82E
:100FA000013D392BF7D001330B70CDF810C01AE595
:100FB000314642462046FCF7C9FD5A4601460646E0
:100FC0002046FCF7FFFC59460D902046FCF706FC36
:100FD000099BDDF834B0B3EB080309937FF471ACDF
:100FE0000123099375E403D11AF0010F7FF4DBAC00
:100FF0004D4619F8013D302BFAD0E3E4059B029AE7
:101000000233049331231370DCE406EE901AB1EE40
:101010000C4BB8EEE66BA5EE064B14EE901A53ECB3
:10102000142BA1F1507343EC142BB1EE046B35EE8D
:10103000466BB4EEC46BF1EE10FA00F35681B1EEDC
:10104000444BB4EEC46BF1EE10FA7FF562AD0021B3
:101050002046FCF7C3FB069B029D5B420493C2E45F
:10106000059B0A939A460023C2F101070B93FFF7F1
:101070003BBB00F00781059A564B524202F00F012C
:1010800003EBC10393ED005B131127EE055B00F04A
:101090007981514A022101E05B100832DD0703D457
:1010A0005B100832D807F7D592ED006B5B1001F1A9
:1010B000010125EE065B3FF4FFAE0832F2E7099B23
:1010C0000A9AA8EB03031A44012120460A92FCF76E
:1010D0004BFCCA4407EB09050646CDF82480002FD7
:1010E0003FF4EFAB57453B46A8BF5346ED1AFF1AF6
:1010F000AAEB030AFFF7E5BB41462046FCF76EFB6F
:10110000069B029D5B420493002E7FF468AC6AE468
:10111000029B5E1C87EE036BBDEEC66B029A16EE59
:10112000103AB9F1010F03F13003B8EEC65B314656
:101130001370A3EE457B7FF447AB37EE077BB4EE2D
:10114000C37B059BF1EE10FA03F1010304939C4667
:1011500008DCB4EE437BF1EE10FA05D116EE103A3E
:10116000DB0701D5029A19E70D463CE40C95A94628
:10117000069589E4009B002B7FF403AEDDE90012A5
:10118000C2F31303002B00F0C4800A91FBE57168E1
:101190002046FCF7F9FA0546002800F0048133697F
:1011A00002339A0006F10C010C30F8F703FC2946D3
:1011B00001222046FCF726FD0746F3E40221B0EEAB
:1011C000474B79E4059B009601333E460493FFF7B5
:1011D000DEBB00BF4803002020030020029A24EE5B
:1011E000022B012882F800E014D0B2EE043B029AF0
:1011F000151826EE036BFDEEC65B15EE902A303215
:1012000001F8012BA942B8EEE54B36EE446BF0D164
:10121000711E0144B6EE005B32EE054BB4EEC64BD8
:10122000F1EE10FA3FF5B3AE35EE425BB4EEC65BBD
:10123000F1EE10FA0DDC119A002AFFF6B0AD059A16
:101240000E2A3FF7ACAD059A03EBC20393ED003BCA
:1012500060E70D46013915F8013C302BF9D00CF14F
:1012600001030493FFF7BFBB109ADDF82480C2F19D
:101270003602FFF714BB099E002E7FF40AAE3D46EE
:10128000FFF727BB0221B0EE475B15E6B9F1000F6F
:101290003FF4BBAE0C9800287FF73BACB2EE043BAA
:1012A000B1EE0C4B013106EE901A25EE035B059B67
:1012B000B8EEE66BA5EE064B14EE901A03F1FF3C78
:1012C00053EC142BA1F1507315E60CF1010C3123F2
:1012D0006AE6A946392309F8013B059B00960133CC
:1012E000029A04933E46FFF763BB029D312305F843
:1012F000013B002134E4334B3348002240F2AF116C
:10130000FFF760F87FF4C4AC1AF0010F7FF4B9ACBA
:10131000BEE4019B23F000431B0D1B05002B3FF493
:1013200031AD012301350AF1010A0A932BE50D9B2A
:10133000002B33D101230C93994606932FE50CF132
:10134000010304930D46FFF74EBBBAF1390FC0D02D
:1013500091453FF79AAC9BE44A46FFF7A0BA049A3E
:10136000022A05DC059A049299460595FFF7ECBA26
:101370000595DDF83090BBE4049A0595022AF8DC67
:10138000994602E4022197E50021E163FFF76BBB78
:101390000CF1010304930D46FFF725BB0D9B06934B
:1013A00099460C930EE5074B07482A4640F2EF2179
:1013B000FFF708F8054B0293FFF72CB9002A3FF717
:1013C00054AC65E46C1600207017002060170020F4
:1013D00030B5044687B05BB110480193D0F8C851CE
:1013E00071B12046A847421C019B10D007B030BD08
:1013F00000F5827309480193D0F8C8510029F0D153
:101400000A46204603A9A847421C019BEED10021B1
:101410008A221960226007B030BD00BFD887002043
:1014200010B582B0049CCDE900344FF0FF3301F0D9
:1014300055FC02B010BD00BF0EB400B582B003ABC6
:10144000DFF81CC053F8042B01930146DCF80000C0
:1014500000F008F802B05DF804EB03B0704700BF7D
:10146000408A00202DE9F04FC5B00DF1500A8346A7
:10147000049116460021082250461C460B93FBF7A8
:10148000D1FDBBF1000F04D0DBF83430002B00F0AD
:101490004987049B5A6EB3F90C30D00740F1418163
:1014A000990400F1A985049943F4005322F40052F1
:1014B0008B814A66930401F1AE80049BB3F90C3032
:1014C0001D0740F1BD80049A1269002A00F0B8801F
:1014D00003F01A020A2A00F0C2800023CDE9193372
:1014E000CDE90E331BAADFF86C980D9318921746BE
:1014F0000793B0464546D9F8CC41FBF70DFECDF831
:1015000000A003462A4612A95846A047002800F02A
:10151000C580C0F2BB80129A252A034601D01D4423
:10152000E9E7B5EB0806044640F0BC800023194605
:101530008DF8433008934FF0FF326B78059205F138
:101540000108039108F101081946A1F120035A2B63
:1015500000F2F280DFE813F0E603F000F000DF03B2
:10156000F000F000F000BF03F000F00007025302AB
:10157000F00012020004F000F1035B005B005B006E
:101580005B005B005B005B005B005B00F000F00059
:10159000F000F000F000F000F000F000F000D801E2
:1015A0009F03F000F000F000F000F000F000F00009
:1015B000F000F000F0001902F000F000F000AA01C5
:1015C000F000FB02F000F000BA05F000F000F000BF
:1015D000F000F000F000F000F000F000F000D801A2
:1015E0006801F000F000F000950368016D00F00064
:1015F0008B03F0007D036A0320036D00F000AA0155
:101600006A005902F000F000FB05F0006A00A1F149
:101610003003002218F8011B02EB820203EB4202A6
:10162000A1F13003092BF5D908928EE798F8003024
:1016300088E7039B43F02003039398F8003081E789
:10164000049D5846294601F05FFA002840F0F687CD
:10165000B5F90C3003F01A020A2A7FF43EAF049960
:10166000B1F90E20002AFFF638AF4A6ED20702D435
:101670009F0540F19087049923463246584601F071
:1016800015F80790079845B0BDE8F08F08220021B3
:101690005046FBF7C7FC01231D442CE7B5EB0806B9
:1016A000044610D01A9B33441A93199B0133072B1D
:1016B000C7E90086199310DC0837079B334407936A
:1016C000002C7FF433AF1A9B002B40F06E87049BF5
:1016D0000022B3F90C30199218E0049918AA584660
:1016E00001F024F878B91BAFE7E7049918AA584627
:1016F00001F01CF8002800F08380099B1BB10999B8
:101700005846FBF71FFF049BB3F90C30049A526E46
:10171000D0077FD55B0600F16687079845B0BDE826
:10172000F08F9F0540F114819D047FF5BCAE9004BD
:101730007FF5C6AE00F071BF0029C4D0002301229E
:101740008DF8AC108DF8433009930A9205932BADB8
:101750000692DDE919C0039C14F084060146624636
:1017600026D1089B069C1C1B002C00F3ED839DF8E2
:10177000433003B300260C960132012301317B6014
:10178000072A0DF14303CDE919213B6000F386835D
:1017900008370C9B63B1013211AB02313B60072A61
:1017A0004FF00203CDE919217B6000F36B8308370A
:1017B000802E00F0EE82059B0A981C1A002C00F384
:1017C00026830A9B3D6001321944072ACDE919217D
:1017D0007B6000F34C830837039B5C0705D5089BAF
:1017E000069A9C1A002C00F36583DDE907320698FF
:1017F0008242ACBF9B181B18079300297FF475AF7A
:1018000000231993099B1BB109995846FBF79AFECF
:101810001BAF6FE69A053FF57DAF049CA06DFBF70B
:1018200019FDB4F90C3075E7039B980640F13C8430
:101830000B9B073323F00702536852F8084B0B92B7
:101840001E46002BC0F23882059A002A07DB039B54
:1018500023F08003039354EA060300F08C840A2CDF
:1018600076F1000380F0F7803034059A9DF843301C
:101870008DF80F41012AB8BF01220692002B00F01B
:10188000AF83069B0133002506930123CDE909535D
:101890000DF20F15DDE91921039B13F084060846AC
:1018A00094463FF45EAF00230C9365E70B9E002344
:1018B0008DF8433056F8043B0993002B00F0558512
:1018C000532900F07284039B13F0100440F06D84E0
:1018D000059A002AC0F2138509982146FEF7DEFC1E
:1018E0009DF84330099D002800F08B86421B0A9228
:1018F00022EAE2720692002B00F00E850132059476
:1019000006920B960994C5E7432903D0039BDD0695
:1019100040F127840822002116A8FBF783FB0B9ACD
:101920002BAD126816AB29465846FFF751FD0A90B9
:10193000013000F04F860A9B23EAE37306930B9B6A
:1019400004330B9300238DF843300993059300E78C
:10195000049DA86DFBF77CFCB5F90C306A6E990408
:101960003FF5A8AD9FE50B9B53F8042B0892002A86
:1019700080F23D83089A0B9352420892039B43F0F6
:101980000403039398F80030DCE5039B43F0100058
:101990009B0640F14E830B9B073323F007031A4647
:1019A000596852F8083B0B9200228DF84320059AA3
:1019B000002AC0F2118320F49062039253EA0102DC
:1019C00000F01E8344AD03F00702DB0843EA4173D5
:1019D000C908303253EA0104284605F8012DF2D136
:1019E000039B13F0010340F09E82059A099344ABD8
:1019F0005B1B9A42B8BF1A460A930692A9E62B23AC
:101A00008DF8433098F800309CE503998E0600F17C
:101A1000A48003990B9A11F0100052F8043B40F097
:101A20002783039911F0400100F0CA848DF8430028
:101A30009BB205990026B1421C4606DB039921F0B2
:101A400080010391002B00F07B850A2C76F10003C6
:101A50000B92FFF409AF039B09970020CDF830B03B
:101A600044A9DDF834B0069003F48067CDF82880EF
:101A700025E00690A319B54843F10003A0FB032C11
:101A80002CF0030202EB9C029B1AE31A4FF0CC32BB
:101A9000A046B64602FB03F266F1000600FB0622F2
:101AA000A3FB0043B8F10A0F13444FEA54047EF13C
:101AB000000E294644EAC3744FEA53062ED3069B10
:101AC000A24A01330693A31943F100031046A2FB77
:101AD000032525F0030202EB95029B1AE31AA3FBF0
:101AE000003266F1000500FB05225B0843EAC27381
:101AF00003EB8303A4EB4303303301F8013C4D1E99
:101B0000002FB7D006989BF800308342B1D1FF2850
:101B1000AFD00A2C76F1000380F0AF8405999DF8D0
:101B20004330CDF834B044AA521B9142B8BF11469D
:101B3000DDE90978DDF830B00A920691002B00F05B
:101B4000EE83069B0133069300230993A2E6039BD1
:101B500043F010019B0640F189820B9B073323F071
:101B6000070200238DF84330059B566852F8084B56
:101B70000B92002BC0F2EE8221F08003039354EA13
:101B800006037FF46CAE059B002B40F0DE840A93C5
:101B90000693099344ADDCE5059C0B99039800225C
:101BA00047F630039442ADF844308DF8432051F8A5
:101BB000043BC0F2D28220F0800040F0020003908B
:101BC000002B00F0E58303F00F0461481B09045D5E
:101BD0008DF80F410B9100F05685022106910DF210
:101BE0000F1503F00F011B09415C05F8011D43EAC5
:101BF0000273120953EA0201F3D144AB5A1B059B4D
:101C00000A929342B8BF1346069A002A00F039851B
:101C1000DDE91921039C023314F08406069308467B
:101C2000944600F0E98200230993B4E50398860600
:101C30003FF5B1AE03990B9ACD0652F8043B00F183
:101C400014850398440640F1C8839BB20B9200218F
:101C5000AAE603990B9A8C0602F1040340F1F08185
:101C6000126807991160C91751600B9342E498F804
:101C700000306C2B00F08F82039A42F01002039226
:101C800060E498F80030682B00F07B82039A42F001
:101C90004002039256E4039A940642F0100300F1C6
:101CA00000820B9A04320B9903930C680B92E6178F
:101CB0003346002BBFF6C8AD2D238DF84330059B6E
:101CC000644266EB4606002BFFF6C9AD039B23F08A
:101CD00080030393C3E55846FEF7DAFA43680F938F
:101CE0001846FBF72BFB0E9004465846FEF7D0FA39
:101CF000826898F800300D92002C3FF423AC002A43
:101D00003FF420AC1278002A3FF41CAC039A42F452
:101D10008062039216E4039B43F00103039398F857
:101D200000300FE49DF8432098F80030002A7FF43B
:101D300009AC20228DF8432004E4039B43F0800388
:101D4000039398F80030FFF7FDBB00BFCDCCCCCC9F
:101D5000EC160020D8870020404610F8011B2A29E5
:101D600000F07784A1F13003092B98BF002200F224
:101D7000178410F8011B02EB820203EB4202A1F16F
:101D80003003092BF5D942EAE27305938046FFF749
:101D9000DCBB089B06981C1A002C7FF70CAD102C9E
:101DA00040F3268438460C95AE4F049D102604E07F
:101DB000103C102C00F1080015DD01321031072A0B
:101DC000C0E90076CDE91921F2DD18AA2946584666
:101DD00000F0ACFC00287FF490AC103C102CDDE946
:101DE00019211BA8E9DC0C9D3B4607460132214422
:101DF000072ACDE919213B607C6000F3A482059B92
:101E00000A981C1A002C07F108077FF7DAAC102C8F
:101E100040F3ED8238461026924F04E0103C102C1F
:101E200000F1080016DD01328E4B1031072AC0E99F
:101E30000036CDE91921F1DD049918AA584600F0C1
:101E400075FC00287FF459AC103C102CDDE91921F9
:101E50001BA8E8DC3B46074601322144072ACDE9AE
:101E600019213B607C6000F3AA800837A9E404993B
:101E700018AA584600F05AFC00287FF43EAC1A9984
:101E80001BAFA9E4049918AA584600F04FFC00289B
:101E90007FF433ACDDE919211BAF89E4049918AA5A
:101EA000584600F043FC00287FF427ACDDE91921F7
:101EB0001BAF6EE4102C199B40F381833A46049EBD
:101EC000694F102504E0103C102C02F1080215DDCA
:101ED00001331031072BC2E90075CDE91931F2DD6C
:101EE00018AA3146584600F021FC00287FF405ACC2
:101EF000103C102CDDE919311BAAE9DC3E461746DF
:101F000001332144072BC7E90064CDE919317FF77C
:101F10006CAC049918AA584600F008FC00287FF41D
:101F2000ECAB1A9961E4302A00F001823023059A63
:101F300005F8013C023844AB1B1A9A42B8BF1A4656
:101F40000A9306920546EFE000230C93102C464EB0
:101F5000624623DD394610232F46049D04E0103CE1
:101F6000102C01F1080117DD01321030072AC1E9F8
:101F70000063CDE91920F2DD18AA2946584600F081
:101F8000D5FB00287FF4B9AB103C102CDDE91920FB
:101F90001BA94FF01003E7DC3D460F460132211824
:101FA000072ACDE919213E607C6000F37A819DF813
:101FB00043600837002E36D00026FFF7DDBB0499BA
:101FC00018AA584600F0B2FB00287FF496ABDDE972
:101FD00019211BAFFFF7F5BB20F480620392F1E4F7
:101FE000099301230A930DF20F15FFF7B2BB0B9370
:101FF00098F80030FFF7A6BA92047FF561AAF2E2E2
:10200000059A002A7FF4DEAC10F00102069200F07F
:10201000428130238DF80F31059B0A9209930DF20E
:102020000F15FFF796BB0C9B002B7FF4B4ABFFF7AB
:10203000C2BB0B9B1A1D0B9B0B921B680021B3E4C8
:10204000039AD00600F18C81039A510600F1958223
:10205000039A920540F184810B9A079912681170D6
:1020600003E600BFD8800020640E00200B9B1A1DE1
:102070000B9B05981B680026B0428DF843601C46F8
:1020800067DB21F080010391002B7FF4DEAC0B9223
:10209000002840F05A820A900690099044ADFFF75C
:1020A00058BB0393FFF7C4BB039B0B9AD90652F8A6
:1020B000044B3FF5F8AD039B5E0640F1768144F397
:1020C000C0360B9224B23346FFF7BBBBAD48039B2F
:1020D0009D0640F1B5800B9B073323F007031A469A
:1020E0005C6852F8083B0B92039A12F001020692C8
:1020F00040F08C808DF84320059A002AC0F2B7800A
:10210000039A22F49062039253EA040240F0F380AF
:10211000059A002A00F0F68103788DF80F3101232B
:1021200006920A930DF20F15DDE91921039B13F0B6
:1021300084060846944600F0A1829DF84330002BA7
:1021400000F0AB82002309930C93FFF715BB8E4878
:10215000BDE70B920391FFF782BB40F002000390B2
:1021600031E50B9B1B688DF8AC30012306930A9375
:102170002BADFFF7E4BB002A00F0D4813024FFF739
:1021800074BB039B43F40073039308F1010898F8B0
:102190000030FFF7D7B9039B43F02003039308F106
:1021A000010898F80030FFF7CDB9099B1393082276
:1021B000002116A8FAF736FF059B002BC0F2198103
:1021C0000024069725461F460EE02BA95846FFF728
:1021D000FFF8411C284400F0FD81B84209DC04F1FD
:1021E000040400F008820546139A125916AB002A1F
:1021F000EBD1069F05950AE1089C069B0996E41A17
:10220000002C7FF7C8AA02230C939FE653EA04022E
:102210005ED100238DF84330059B002BC0F2218155
:10222000039B23F49063039300F0878103788DF878
:102230000F31069B0A93059B06930DF20F1573E76A
:102240000B9A52F8043B0B92039AD40608D4520618
:1022500002D59BB2002447E7039A960500F18181DD
:10226000002441E742F00202039202220692039AFE
:1022700022F48062039203F00F02825C8DF80F213A
:102280001B0943EA0473220953EA14147FF4A7AC30
:102290000DF20F15B1E4059B44ADCDE90933FFF70D
:1022A00058BA049918AA584600F040FA0646002881
:1022B0007FF423AA9DF84330DDE91921002B40F07B
:1022C00089800C9B1BAF002B7FF465AAFFF773BAC4
:1022D00030228DF8442000228DF84320059A8DF895
:1022E0004510002A039ABDDB22F4906242F00202FC
:1022F00003920222069203F00F02825CBEE7099D60
:102300002846FBF71BF89DF843300A9020EAE0725C
:102310000692002B7FF4F2AA099D05930B96099370
:10232000FFF717BA5846FAF727FDFFF7B2B8059A34
:1023300044AB5B1B9A42B8BF1A460A93002306922D
:102340000993FFF706BA049918AA584600F0EEF967
:1023500000287FF4D2A9DDE919211BAFFFF72BBAC2
:102360000B9A0799126811607FE4059B074D0B9645
:10237000062B28BF062306930A93099B0593FFF7B4
:10238000E8B900BF00170020EC1600201417002049
:102390000B91002C00F0DC80302301228DF80F31EE
:1023A0000DF20F1523460A9232E4039B0B929D0512
:1023B0004ABF44F3C016E61764B23346FFF741BA8A
:1023C000039810F4007600F0CF808DF84310DBB254
:1023D000FFF72FBB1BAFFFF7CFB9039810F40071C5
:1023E00000F0BB80DBB20B920021FFF7DDBAAC4BF3
:1023F00032E516AB0093002313AA19465846FFF79F
:102400000FF80590013000F0E580099B1393059BC0
:10241000002B7CD0632B00F3B680002309932BADF7
:102420000822002116A8FAF7FDFD059C16AB0093C3
:1024300013AA234629465846FEF7F2FF844240F08D
:102440001681059900236B5421EAE17206929DF8EA
:102450004320002A40F0B580CDE90A160592FFF727
:1024600078B903788DF80F31039B23F480630393CD
:10247000069B0A930DF20F1556E60E9A0F99AD1AA8
:102480002846FAF713FE9BF801300BB10BF1010B54
:10249000844AA31943F10003A2FB030C2CF00300B0
:1024A00000EB9C001B1AE31A4FF0CC3166F10006DA
:1024B00003FB01F102FB0611A3FB023001445B08A0
:1024C00043EAC1744E08A31943F10003A2FB0310B1
:1024D00020F0030101EB90015B1AE31AA3FB023128
:1024E00066F1000002FB00125B0843EAC27303EBD3
:1024F0008303A4EB4303303305F8013C0120013D85
:10250000FFF701BB059B0A9344A805460CE69DF81E
:102510004330099D0B96003B18BF01230693059B92
:102520000A9301E69DF843303BB1059BCDE90933A1
:10253000012344AD0693FFF7ADB9059BFFF727BB19
:10254000059B0B92002B3FF422AB0024FFF78CB9C4
:10255000059B0A9344ADFFF75BBB03980B92FFF713
:1025600023BADBB20024BFE505998DF8436000294A
:102570001C46BFF663AAFFF768BA0B9A0799126860
:102580001180FFF772BB591C5846F9F7CBFE054680
:1025900000B3099044E7886DFAF75CFEFFF76BB86B
:1025A000002380460593FEF7D0BF049918AA584629
:1025B00000F0BCF800283FF48AA8FFF7A4B83A4E10
:1025C0009EE4059A0A92069A0B96013206920593AA
:1025D000FFF760B90498B0F90C30426E43F0400147
:1025E000D207818109D54FF0FF330793FFF795B8E4
:1025F0002B4BFFF7FBBB069F09E79905F3D4FFF7C9
:102600000CB99BB1059B0B965A1C06920A93059038
:102610000990FFF73FB9D707E5D4049B9B899E0536
:10262000E1D4049B986DFAF715FEDCE7059A09934F
:10263000CDE905320B960A92FFF78BB8049A536ED8
:10264000D807D0D493899905CDD4906DFAF702FEBE
:10265000C9E70B9A98F8013052F8041B0B9241EA33
:10266000E17180460591FEF76DBF0846E3E4049AE8
:10267000938943F040039381FFF73FB80996FFF732
:1026800070B8069350E5059B0122012BB8BF0123CA
:102690000DF20F150A92FFF7BBBA0993FFF788B83E
:1026A000D8800020CDCCCCCC640E0020F0B50D46F7
:1026B000ADF2744D164689896A6E1B92EA89ADF8AF
:1026C000162021F00201EA69ADF8141009921CA944
:1026D0006A6A0291074606910B924FF480610022CC
:1026E00018A80193049107910892FAF7ADFD3246BC
:1026F000019B02A93846FEF7B5FE061E07DB02A9BC
:102700003846FDF78DFD002818BF4FF0FF36BDF8A5
:1027100014305B0603D5AB8943F04003AB811898B6
:10272000FAF794FD30460DF2744DF0BD936810B584
:1027300014461BB918460023636010BD00F068F80A
:102740000023A3600023636010BD00BF2DE9F043A8
:102750008E681D46AE420B6883B00C4690463AD850
:10276000B1F90CC01CF4906F0FD1354618464146A4
:102770002A46FAF7C5FBA3689E1B2368A6602B4474
:102780000020236003B0BDE8F0834A69096902EBC9
:1027900042025E1A02EBD2726B1C52103344934217
:1027A00094BF17461F46934288BF1A461CF4806F99
:1027B000814612D01146F9F7B5FDF0B132462169D4
:1027C0000190F7F7F7F8A289019B22F4906242F09A
:1027D0008002A28105E02E46C8E7FAF785F8034695
:1027E00038B123613344BE1BA660676123602E4667
:1027F000BCE721694846FAF7A5FEA3890C2243F0FD
:102800004003C9F800204FF0FF30A381BAE700BFB2
:102810009368002B00F0B7802DE9F04FB1F90CC0A0
:102820001CF0080F83B00C46804617462DD00B696C
:102830005BB31CF002033E6833D04FF0000ADFF8B0
:10284000C4B25546B9465D452B46524628BF5B4645
:102850004046B5B1E169676AB847002840F38B800C
:10286000D9F808301B1A8244C9F80830002B79D0F7
:102870002D1A5D452B46524628BF5B464046002D2B
:10288000E8D1D6E900A50836DDE72146404600F04C
:102890003BF9002874D1B4F90CC03E681CF0020367
:1028A000CBD11CF0010A70D1236800975546002D4A
:1028B00054D01CF4007FD4F80890184600F0AB8088
:1028C000A945CB4600F2E4801CF4906F34D0216916
:1028D0006269A3EB010902EB420202EBD27209F139
:1028E000010352102B44934294BF93469B4693425C
:1028F00088BF1A461CF4806F00F0E98011464046FC
:10290000F9F710FD002800F0F7804A462169019090
:10291000F7F750F8A289019B22F4906242F08002FE
:10292000A28103EB09002361ABEB0903C4F814B0E7
:10293000A3602060A946AB4651465A46FAF7E0FA32
:10294000A2682368A2EB0902A260009A91685B4426
:10295000491B2360916029B1B4F90CC0D6E900A5E8
:102960000836A4E7002003B0BDE8F08F21464046BA
:10297000FDF756FC68B3B4F90C3043F04003A38173
:102980004FF0FF30EFE7002070471D469A4618468B
:10299000B946009365B3002831D05246D4E90413F8
:1029A0002068AA4228BF2A46884204D9A16803EBBE
:1029B000010B5A457CDC93426DDCE169009A676A41
:1029C0004046B847B0F1000BD5DDBAEB0B0ACDD0CD
:1029D0000120D9F80830A3EB0B03C9F80830002B0D
:1029E000C0D0009BA5EB0B055B440093002DD2D11A
:1029F000756833460836002DFAD01B680093009F97
:102A00002A460A213846FDF749FC002871D00130DA
:102A1000A0EB070AC1E722699A4221D36269AA4260
:102A20001ED86FF00043AB4228BF2B46E16993FBF1
:102A3000F2F3676A02FB03F340465246B847B0F12F
:102A4000000998DD009A9368A3EB0903A5EB09053B
:102A50009360002B86D0B4F90CC02368CA4426E7E3
:102A6000A94528BFA94618464A465146FAF748FAEA
:102A7000A2682368A2EB09024B44A2602360002AEB
:102A8000E0D121464046FDF7CBFB0028DAD072E7C3
:102A9000A946AB4650E700990192FAF731FA019A3C
:102AA000A3689B1AA36023681344236093468CE7B2
:102AB00000995A46FAF724FA23685B4423602146BA
:102AC0004046FDF7ADFB00283FF47FAF53E740469B
:102AD000F9F70AFF034600287FF423AF2169404637
:102AE000FAF730FDA3890C22C8F8002023F08003F8
:102AF00043E76A1C924651E70C22B4F90C30C8F83F
:102B000000203AE700FCFF7F10B5354B04461868FB
:102B100082B00B4610B1426B002A53D0B3F90C209F
:102B2000110711D51869C8B1B3F90C2012F00101D1
:102B300026D059694FF0000C4942C3F808C099618A
:102B400020B3002002B010BDD00640D5510723D4D9
:102B5000186942F008029A810028E5D19A8902F4A6
:102B60002072B2F5007FDFD019462046019300F0B5
:102B7000C9F8019BB3F90C20186912F00101D8D1F2
:102B8000940758BF596999600028DAD11106D9D540
:102B900042F040029A811FE0196B61B103F14000DD
:102BA000814206D020460193FAF7CCFC019BB3F991
:102BB0000C200021196318690021C3E9000122F0EB
:102BC0002402C6E70191FAF7D7F8019BA6E709218D
:102BD00042F0400221609A814FF0FF30B2E700BF1F
:102BE000408A00202DE9F04F8BB0DDE91589149F54
:102BF00002901C46B8F1000F57D0166801960029C4
:102C0000C34608BF4FF0FF37002588460391924620
:102C100006E0019B53F8040B0193002837D065466A
:102C2000AF423ED9002C3CD0DBF800300493DBF8F7
:102C300004300593019B02981A68D9F8C8615B4675
:102C400006A9B047431C33D000EB050CBC453AD86D
:102C5000039B013C002BDCD000280DDD08F1FF3286
:102C6000019E06A900EB020E11F8013B02F8013F9C
:102C70007245F9D101968044019BDAF8002053F89F
:102C8000040B01930432CAF800200028C7D103992D
:102C9000D84609B1CAF800000022C8F800200CF19B
:102CA000FF3528460BB0BDE8F08F00F58678A4E725
:102CB000029B05468A21002228461960CBF8002095
:102CC0000BB0BDE8F08FD846DDF810A0DDF814B0E9
:102CD0002846C8E900AB0BB0BDE8F08F00B585B061
:102CE000DFF81CC006980090079801900348006820
:102CF000CDF808C0FFF776FF05B000BD408A002080
:102D0000D8870020B1F90C20930706D501F14303C1
:102D10000122C1E904320B60704730B50B46B1F9AE
:102D20000E10002999B0044632DB02AA009300F08D
:102D30005BF80028009B29DB4FF48061204600935C
:102D4000039DF9F7EFFA009BB3F90C20002839D066
:102D500005F4704142F0800218601861B1F5005F1F
:102D60004FF480609A8158613AD1B3F90E10009304
:102D7000204600F04DF8009BB3F90C2080B322F000
:102D8000030242F001024FF4006117E0B3F90C2096
:102D9000019312F0800F0CBF4FF480614021204658
:102DA0000091F9F7BFFA019B0099B3F90C2048B1E3
:102DB000C3E9040142F08002186000210A439A81AD
:102DC00019B030BD9105FBD422F0030203F1430199
:102DD00042F002020120C3E904109A811960EFE772
:102DE0004FF40061EAE700BF38B5084C0023054600
:102DF000084611462360F6F791FF431C00D038BD0A
:102E00002368002BFBD02B6038BD00BF809E0020C4
:102E100038B5074C0023054608462360F6F784FFC3
:102E2000431C00D038BD2368002BFBD02B6038BD7D
:102E3000809E00205FF800F0191600605FF800F037
:102E4000A91F00605FF800F0591600605FF800F0FD
:0C2E5000FD1F00600000000000000000FA
:042E5C00F8B500BF06
:082E60004491FF7F0100000016
:102E6800000000000000000000000000000000005A
:102E7800000000000000000000000000000000004A
:102E8800000000000000000000000000000000003A
:102E9800000000000000000000000000000000002A
:102EA800000000000000000000000000000000001A
:102EB800000000000000000000000000000000000A
:102EC80000000000000000000000000000000000FA
:102ED80000000000000000000000000000000000EA
:102EE80000000000000000000000000000000000DA
:102EF80000000000000000000000000000000000CA
:102F080000000000000000000000000000000000B9
:102F180000000000000000000000000000000000A9
:102F28000000000000000000000000000000000099
:102F38000000000000000000000000000000000089
:102F48000000000000000000000000000000000079
:102F58000000000000000000000000000000000069
:102F68000000000000000000000000000000000059
:102F78000000000000000000000000000000000049
:102F88000000000000000000000000000000000039
:102F98000000000000000000000000000000000029
:102FA8000000000000000000000000000000000019
:102FB8000000000000000000000000000000000009
:102FC80000000000000000000000000000000000F9
:102FD80000000000000000000000000000000000E9
:102FE80000000000000000000000000000000000D9
:102FF80000000000000000000000000000000000C9
:1030080000000000000000000000000000000000B8
:1030180000000000000000000000000000000000A8
:103028000000000000000000000000000000000098
:103038000000000000000000000000000000000088
:103048000000000000000000000000000000000078
:103058000000000000000000000000000000000068
:103068000000000000000000000000000000000058
:103078000000000000000000000000000000000048
:103088000000000000000000000000000000000038
:103098000000000000000000000000000000000028
:1030A8000000000000000000000000000000000018
:1030B8000000000000000000000000000000000008
:1030C80000000000000000000000000000000000F8
:1030D80000000000000000000000000000000000E8
:1030E80000000040FB21F93F000000002D44743E21
:1030F800000000809846F83C0000006051CC783B06
:1031080000000080831BF0390000004020257A3839
:10311800000000802282E336000000001DF36935BC
:1031280090240020040600003C2A00200507000027
:1031380088300020050800003C370020060A0000FF
:103148000C3F0020060C0000D4460020060D0000AD
:10315800484F0020070D000060580020070E0000AF
:10316800DC610020080D0000246B0020090F00001E
:103178005475002009120000E01800200A1400000D
:103188000080E03779C34143176E05B5B5B893465B
:10319800F5F93FE9034F384D321D30F94877825A27
:1031A8003CBF737FDD4F1575000000000000F03F45
:1031B800000000000000244000000000000059400A
:1031C8000000000000408F40000000000088C3405D
:1031D80000000000006AF8400000000080842E41D2
:1031E80000000000D01263410000000084D797411E
:1031F8000000000065CDCD41000000205FA0024224
:10320800000000E876483742000000A2941A6D4298
:10321800000040E59C30A2420000901EC4BCD6428B
:1032280000003426F56B0C430080E03779C3414336
:1032380000A0D8855734764300C84E676DC1AB43AC
:10324800003D9160E458E143408CB5781DAF1544CA
:1032580050EFE2D6E41A4B4492D54D06CFF08044A5
:10326800F64AE1C7022DB544B49DD9794378EA44BA
:10327800031E090E011A16110B05131B0719101D41
:103288000C170308040020141000000000000000C0
:103298000100000003000000020000000000000020
:1032A8000000000000000000000000000000000016
:1032B8000000000000000000000000000000000006
:1032C80000000000000000000000000000000000F6
:1032D80000000000000000000000000000000000E6
:1032E80000000000000000000000000000000000D6
:1032F80000000000000000000000000000000000C6
:1033080000000000000000000000000000000000B5
:1033180000000000000000000000000000000000A5
:103328000000000000000000000000000000000095
:103338000000000000000000000000000000000085
:103348000000000000000000000000000000000075
:103358000000000000000000000000000000000065
:10336800803F0000000000180000F01F000060000F
:10337800C07F0000000000180000F03F000060005F
:10338800E0E0000000000C18000030700000600051
:1033980070C0010000000C18000030E00000600060
:1033A8003080010000000C18000030C000006000F0
:1033B8003000000000000C180000308001006000A0
:1033C8003000000000000C18000030800100600090
:1033D80030003060FC07FFF80F003080C1FF60004C
:1033E80030003060FC0FFFF81F003080E1FF600004
:1033F800700030600C1C0C183800308071C0600000
:10340800E00030600C180C183000308031C06000CB
:10341800C00330600C180C18300030C030C0600099
:10342800000730600C180C18300030E030C0600025
:10343800000E30600C180C183000307030C060007E
:10344800000E30600C180C183000F03F30C06000DF
:10345800001C30600C180C183000F01F30C06000E1
:10346800007830600C180C183000300030C0600054
:1034780000E030600C180C183000300030C06000DC
:1034880000C031600C180C183000300030C06000EB
:10349800008031600C180C183000300030C060001B
:1034A800008031600C180C183000300030C060000B
:1034B800008031600C180C183000300030C06000FB
:1034C800008031600C180C183000300030C06000EB
:1034D800308031600C180C183000300030C06000AB
:1034E80070C031600C180C183000300030C060001B
:1034F800E0E070600C181C183000300030E0E1008B
:10350800C07FE07F0C18F81930003000E0FFC30FCF
:10351800803FC07F0C18F01930003000E09F830F07
:103528000000006000000000000000000000000033
:103538000000006000000000000000000000000023
:103548000000006000000000000000000000000013
:1035580000000070000000000000000000000000F3
:103568000000E03F00000000000000000000000034
:103578000000E01F00000000000000000000000044
:103588000000000000000000000000000000000033
:103598000000000000000000000000000000000023
:1035A8000000000000000000000000000000000013
:1035B8000000000000000000000000000000000003
:1035C80000000000000000000000000000000000F3
:1035D80000000000000000000000000000000000E3
:1035E80000000000000000000000000000000000D3
:1035F80000000000000000000000000000000000C3
:1036080000000000000000000000000000000000B2
:1036180000000000000000000000000000000000A2
:103628000000000000000000000000000000000092
:103638000000000000000000000000000000000082
:103648000000000000000000000000000000000072
:103658000000000000000000000000000000000062
:103668000000000000000000000000000000000052
:103678000000000000000000000000000000000042
:103688000000000000000000000000000000000032
:103698000000000000000000000000000000000022
:1036A8000000000000000000000000000000000012
:1036B8000000000000000000000000000000000002
:1036C80000000000000000000000000000000000F2
:1036D80000000000000000000000000000000000E2
:1036E80000000000000000000F00000000000000C3
:1036F80000000000000000C03F00000000000000C3
:1037080000000000000000E07F0000000000000052
:1037180000000000000000F0FF00000000000000B2
:1037280000000000000000188F01000000000000E9
:1037380000000000000000188F01000000000000D9
:10374800000000000000001C8F03000000000000C3
:1037580000000000000000FCFF0300000000000063
:1037680000000000000000FCFF0300000000000053
:1037780000000000000000FCFF0300000000000043
:103788000000000000000000000000000000000031
:103798000000000000008001000C00000000000094
:1037A800000000000000A0FDFF2D00000000000048
:1037B800000000000000A80DFCAD000000000000A3
:1037C800000000000000280C6CA1000000000000B0
:1037D8000000000000600AFCFF81320000000000C9
:1037E800000000000080020C6C010A0000000000CC
:1037F800000000000080020CFC010A00000000002C
:1038080000000000008000FCFF010800000000002C
:103818000000000000400000000010000000000050
:10382800000000000000003CE00100000000000073
:10383800000000000000003CE00100000000000063
:103848000000000000000000000000000000000070
:10385800000000000000003CE00100000000000043
:103868000000000000000000000000000000000050
:10387800000000000000007EF003000000000000CF
:10388800000000000000007EF003000000000000BF
:1038980000000000000000FEFF7F000000000000A4
:1038A800000000000000F0FFFFFFFF030000000021
:1038B8000000000000E0FF070000F07F00000000AB
:1038C8000000000000FF0100000000E00F00000001
:1038D80000000000F0030000000000007C00000071
:1038E800000000000F00000000000000C0030000FE
:1038F800000000F00000000000000000001C0000B4
:103908000000000E00000000000000000060000041
:10391800000000010000000000000000008003001B
:1039280000000000000000000000000000000C0083
:10393800000000000000000000000000000010006F
:1039480080FF0700000000000000000018000000D1
:10395800C0FF070000000000000000001800000081
:10396800C0FF070000000000000000001800000071
:10397800C000000000000000000000001800000067
:10398800C000000000000000000000001800000057
:10399800C00080FF81FF303818FE837F180EFF01BA
:1039A800C00080FFC3FF313818FF87FF1887FF0169
:1039B800C0FF0180C3C13138180386C19883030052
:1039C800C0FF0380C3C1716C1C0386C1D88103008A
:1039D80080FF0780C3C1616C0C038601F880030077
:1039E800000086FFC3C1616C0C0386017880FF006C
:1039F800000086FFC3C1E1EE0E0386017800FF01D7
:103A080000008681C3C1C1C606038601F801800192
:103A180000008681C3C1C1C606038601D8038001A0
:103A2800C0FF8781C3C1C1C707038601180780018A
:103A3800C0FF87FFC3C1C18307FF8701188EFF013D
:103A4800C0FF03FFC3C1818303FE8301189CFF00ED
:103A5800000000000000000000000000000000005E
:103A6800000000000000000000000000000000004E
:103A7800000000000000000000000000000000003E
:103A8800000000000000000000000000000000002E
:103A9800000000000000000000000000000000001E
:103AA800081300200C13002002030000010400008A
:103AB8000001030438130020401300204C13002099
:103AC8005413002060130020182021231013002015
:103AD80018130020201300202C130020404B4C000A
:103AE80080969800404B4C0080969800000000009B
:103AF80000000000C0B4B3FF806967FF0302000143
:103B080095680000996800009D680000A1680000A1
:103B18000000000000000000056B0000D505000053
:103B28001D84000019840000490600001584000067
:103B3800118400000D840000000000000000000057
:103B4800310100000D6B0000290100002D0100006B
:103B58000000000000000000DD0500007D070000F7
:103B6800290100002D0100000000000000000000F5
:103B7800DD0500007D070000290100002D0100007F
:103B8800C8120020D8120020E8120020F8120020E5
:103B9800BD050000C1050000C9050000D1050000F1
:103BA800D8399D270054EA2A00A4781F007B9A1769
:103BB80000202020202020202020282828282820F5
:103BC80020202020202020202020202020202020ED
:103BD8002088101010101010101010101010101055
:103BE8001004040404040404040404101010101045
:103BF800101041414141414101010101010101010F
:103C08000101010101010101010101011010101060
:103C180010104242424242420202020202020202E0
:103C28000202020202020202020202021010101034
:103C3800200000000000000000000000000000005C
:103C4800000000000000000000000000000000006C
:103C5800000000000000000000000000000000005C
:103C6800000000000000000000000000000000004C
:103C7800000000000000000000000000000000003C
:103C8800000000000000000000000000000000002C
:103C9800000000000000000000000000000000001C
:103CA800000000000000000000000000000000000C
:103CB800000000002020202020202020202020207C
:103CC80020202020202020202020202020202020EC
:103CD8002020202000000042C8801F40B8821F40DA
:103CE8000800000000000042C4801F40B4821F404A
:103CF8000400000000C0004224801F4014821F40BE
:103D08001000000000C0004228801F4018821F4099
:103D18002000000000C000422C801F401C821F4071
:103D28004000000000C0004234801F4024821F4031
:103D3800000100000040004264811F4054831F407E
:103D4800000400000040004280811F4070831F4033
:103D580000000200004000427C811F406C831F402D
:103D6800000001000040004268811F4058831F4046
:103D780000080000004000423C811F402C831F4087
:103D8800010000000040004244811F4034831F406E
:103D9800040000000040004240811F4030831F4063
:103DA800020000000040004248811F4038831F4045
:103DB800080000000000004204811F40F4821F40F8
:103DC800000004000000004208811F40F8821F40E4
:103DD800000008000000004218811F4008831F40AF
:103DE800000080000000004214811F4004831F402F
:103DF800000040000000004200811F40F0821F4088
:103E08000000020000000042FC801F40EC821F40BE
:103E1800000001000000004224811F4014831F405D
:103E2800000000040000004228811F4018831F4042
:103E380000000008000000421C811F400C831F4046
:103E4800000000010000004220811F4010831F4035
:103E58000000000200000042EC801F40DC821F408E
:103E68000010000000000042F0801F40E0821F4068
:103E7800002000000000004234811F4024831F40BE
:103E8800000000400000004238811F4028831F4086
:103E9800000000800080004294801F4084821F4000
:103EA8000000040000C0004290801F4080821F4034
:103EB8000000008000800042A8801F4098821F40B8
:103EC8000000800000800042A4801F4094821F40B0
:103ED80000004000004000426C811F405C831F408E
:103EE8000010000000C0004230801F4020821F40A8
:103EF8008000000000400042B0811F40A0831F40A6
:103F08000000002000400042AC811F409C831F40FD
:103F1800000000100040004284811F4074831F404D
:103F2800000004000040004288811F4078831F4041
:103F380000000800000000422C811F401C831F4025
:103F4800000000100000004230811F4020831F4005
:103F580000000020000000420C811F40FC821F402E
:103F6800000010000000004210811F4000831F4025
:103F78000000200000800042C8811F40B8831F4015
:103F88000080000000800042C4811F40B4831F40AD
:103F98000040000000800042C0811F40B0831F40E5
:103FA8000020000000800042BC811F40AC831F40FD
:103FB8000010000000800042D0811F40C0831F40D5
:103FC8000000020000800042CC811F40BC831F40DB
:103FD8000000010000C0004274801F4064821F403E
:103FE8000000000100C0004280801F4070821F4016
:103FF8000000000800C0004284801F4074821F40F7
:104008000000001000C000426C801F405C821F400E
:104018000000400000C000427C801F406C821F40AE
:104028000000000400C0004278801F4068821F40E2
:104038000000000200C0004288801F4078821F40B4
:10404800000000200200000003000000040000003F
:1040580006000000FB21F93FFB2109407CD91240F2
:10406800FB2119407A6A1F407CD92240BBFD2540BC
:10407800FB2129403A462C407A6A2F405C47314060
:104088007CD932409C6B3440BBFD3540DB8F3740D8
:10409800FB2139401BB43A403A463C405AD83D408F
:1040A8007A6A3F404C7E40405C4741406C10424039
:1040B8007CD942408CA243409C6B4440AC34454080
:1040C800BBFD4540CBC64640DB8F4740EB584840D8
:1040D800FB21494005000000190000007D00000098
:1040E80007080C0B06050F000D0E01028384070854
:1040F8000C0B06050F000D0E01028384FFFFFFFF66
:10410800FFFFFFFFFFFF8182090A00000A0328164C
:104118003111210935191A284F6C7D6254785A6774
:1041280073807D5F6C0000003C20204368616E6EE8
:10413800656C203120203E003C20204368616E6E73
:10414800656C203220203E003C20204368616E6E62
:10415800656C203320203E003C20204368616E6E51
:10416800656C203420203E004F6666004F6E0000CC
:104178004E6F726D616C0000546F67676C6500006C
:1041880050756C7365204761746564005061726195
:104198006D2053796E63000053696E65000000005E
:1041A800547269616E676C65000000005371756137
:1041B80072650000536177746F6F746800000000C7
:1041C800466978656420566F6C7461676500000005
:1041D800436C69636B20666F72206D656E750000B5
:1041E8004F7574707574204368616E6E656C7300EA
:1041F80054726967676572204368616E6E656C7397
:1042080000000000256C752E2530326C7520487A28
:10421800000000004672657175656E6379000000E4
:1042280053637265656E2053617665720000000005
:104238003C436C69636B20746F20766965773E0038
:1042480044657669636520496E666F003C436C6916
:10425800636B20746F2072657365743E0000000004
:104268002D52455345542D00200000003C436C69F5
:10427800636B20746F20657869743E00436C6963D2
:104288006B20746F2073746F70000000436C696357
:104298006B20746F20706C6179000000205600005C
:1042A80020567070000000002D000000496E6669FD
:1042B8006E697465000000004E6F6E6500000000B6
:1042C8003C2054726967676572204E6F7720203EE4
:1042D800000000003C20202057617665666F726DF3
:1042E8002020203E000000002573256C752E253007
:1042F800326C7525730000003C2020416D706C699C
:10430800747564652020203E000000003C204D6547
:10431800616E20566F6C74616765203E0000000076
:104328003C52657374696E67566F6C746167653E5D
:1043380000000000256C752E2530346C7520730044
:104348003C506C6179204475726174696F6E203ECF
:10435800000000003C2020204F6E2052616D70202C
:104368002020203E000000003C2020204F666620D0
:1043780052616D702020203E000000003C4C696EA8
:104388006B205472696767657220313E0000000037
:104398003C4C696E6B205472696767657220323EC7
:1043A800000000003C20202020204578697420204F
:1043B8002020203E000000003C2054726967676599
:1043C80072204D6F6465203E0000000020202020F0
:1043D8002020202020202020202020200000000055
:1043E8002073000020487A004669726D7761726513
:1043F80020763100486172647761726520763300F7
:104408005A4150210000000053796E7468205061B1
:104418006C2076332E30000020436F6E6E65637417
:1044280065640000636161004E6F2074696D657298
:104438000000000053746172747570204661696CE5
:1044480065643A00436C69636B206A6F79737469B9
:10445800636B2D3E00000000434F4D4D2E2046411A
:10446800494C55524521000073657474696E677331
:104478002E2E2E004C6F6164696E6720646566613C
:10448800756C74002E0000004C435F434F4C4C4148
:10449800544500004C435F43545950450000000008
:1044A8004C435F4D4F4E4554415259004C435F4E6B
:1044B800554D4552494300004C435F54494D450012
:1044C8004C435F4D455353414745530042616C6C23
:1044D8006F6320737563636565646564000000003D
:1044E8002F646174612F6A656E6B696E732F776FC5
:1044F800726B73706163652F474E552D746F6F6CC7
:10450800636861696E2F61726D2D31352D352F739A
:1045180072632F6E65776C69622D63796777696E50
:104528002F6E65776C69622F6C6962632F73746490
:104538006C69622F6D707265632E6300494E460088
:10454800696E66004E414E006E616E003031323346
:1045580034353637383961626364656600000000B7
:1045680030313233343536373839414243444546A1
:1045780000000000286E756C6C29000030000000F7
:104588002C2066756E6374696F6E3A200000000017
:10459800617373657274696F6E20222573222066B9
:1045A80061696C65643A2066696C6520222573220E
:1045B8002C206C696E65202564257325730A00001C
:1045C800496E66696E697479000000004E614E009C
:1045D8002F646174612F6A656E6B696E732F776FD4
:1045E800726B73706163652F474E552D746F6F6CD6
:1045F800636861696E2F61726D2D31352D352F73AA
:1046080072632F6E65776C69622D63796777696E5F
:104618002F6E65776C69622F6C6962632F7374649F
:104628006C69622F64746F612E63000083F9A200C5
:10463800444E6E00FC291500D1572700DD34F500E3
:1046480062DBC0003C999500419043006351FE0035
:10465800BBDEAB00B761C5003A6E2400D24D420004
:104668004906E00009EA2E001C92D100EB1DFE006D
:1046780029B11C00E83EA700F535820044BB2E0096
:104688009CE98400B4267000417E5F00D691390011
:10469800538339009CF439008B5F840028F9BD00EE
:1046A800F81F3B00DEFF97000F980500112FEF0061
:1046B8000A5A8B006D1F6D00CF7E360009CB27008C
:1046C800464FB7009E663F002DEA5F00BA27750087
:1046D800E5EBC7003D7BF100F739070092528A00ED
:1046E800FB6BEA001FB15F00085D8D0030035600C8
:1046F8007BFC4600F0AB6B0020BCCF0036F49A0080
:10470800E3A91D005E619100081BE600859965001C
:10471800A0145F008D40680080D8FF0027734D000B
:1047280006063100CA561500C9A873007BE260006E
:104738006B8CC000B56100009D6100002161000024
:10474800BF00030304050406050A1400FC0DFC0D54
:104758000001EC03BF0B9120060010D6002108D2FF
:1047680018D4783011220B4634D510314942110043
:10477800231AB932D49308254289E81092082542B1
:1047880089E81092082542890C002417D812D413FE
:104798005A542832894C22344A64129984A2629469
:1047A800012514C912D4194974A14DC472B15C2CE5
:1047B8009951F434012619D912D49A4A8412A14481
:1047C80048164F254291843691892624920027085D
:1047D8005218D5384800280DD516D413A989643A3B
:1047E800CA840A290ED514D410AA09653AC9446A9C
:1047F800002A0E7872D41169231D42349116002BB9
:104808000C7872D413AB1D626235002C0834F6D3D1
:104818009958002D0718D2D438042E073318D438E5
:10482800082F10C714D455940AA542A9502A944AAF
:10483800013011D812D493D2445A843C4A44DAA89D
:104848003200310DD812D4930E6912B1FE760832B7
:1048580012D812D4A2892442A2585538942A8B0F10
:10486800013314D812D4A2892442A2582A9CCB8995
:1048780044894846023414D812D40E4B87348948E8
:10488800452691490E51B116003512D812D4388CEC
:1048980075198DE4623151229291003615D812D4DF
:1048A800A28924C2885865349208394A44321200D1
:1048B8003712D812D4388455C552B1542C154BC56B
:1048C80052003815D812D4A2892442468948461382
:1048D80049848C12918C043914D812D4A2892442A8
:1048E8008E12D18A58252811C948003A088318D44D
:1048F800B0430D3B0A94F6D359479B58003C0BD75D
:1049080012D48E0AF5ACE7003D0A6872D438C47137
:104918003C043E0BD714D408EBA35EC3003F10D869
:1049280012D4A289244246A96675B858064016D8FA
:1049380012D4A289244292E522A14828121691BADB
:104948004C5401410FD812D493D2445A848C8722F4
:104958008F024216D812D4A889D42432894C221244
:1049680099641221378909004310D812D4A28924E6
:1049780042B27E9488642400440DD812D430C924ED
:1049880042FE9BC404450DD812D4388C75368975FF
:104998003E04460CD812D4388C753689F50C47116C
:1049A800D812D4A2892442B22623478968440948E8
:1049B8000CD812D410F2F150E4A300490CD812D448
:1049C80038C4C4FA6F87004A0FD912D4B3CAF59312
:1049D8004C2453910E014B14D812D410B2496412CE
:1049E80091A69A4837894C22240A4C0AD812D41026
:1049F800EB7F3E044D14D812D410124BA6834542C7
:104A0800915024140991A3004E12D812D410D66ADA
:104A1800261345429190DC1A89024F0FD812D4A26E
:104A2800892442FE5122929100500FD812D430C9E5
:104A38002442DE2426B1CE005111E8F2D3A2892403
:104A480042FE22215144B2BA005212D812D430C9BF
:104A58002442DE24266D12994448145313D812D4E4
:104A6800A2892442B25C4E57264A44321200540BA3
:104A7800D812D438C4C4FADF00550DD812D410F2B5
:104A88003F4A44321200560FD812D410729488F458
:104A9800466415AB015712D812D410F24542915012
:104AA800241449C954240A5813D812D410122522A0
:104AB8006D44AA94481369111205590FD812D410DD
:104AC8001225226D44AA58DF005A10D812D438840F
:104AD8005595A5CA5265F121005B0AD614D438044D
:104AE800F51F0D5C10C714D4908AA562A9582A96A0
:104AF8008AA5025D0AD614D430EA3F1E025E0B482E
:104B080032D593D24412A1005F0719F2D338086056
:104B1800073456D59029610E8812D42AC9C49283C5
:104B2800905152096211D812D410EB6534920839A9
:104B38009624921100630D8812D42AC9C8DA65A296
:104B48000A00640ED812D4D6D344A9C851225A11E7
:104B5800650F8812D4A28924C243592E13550066C2
:104B68000DD812D4A38974161AC5FA086714C89206
:104B7800D3A9CC6A129944262AC92D424689050030
:104B8800680DD812D410EB65349208F928690CB86E
:104B980012D413CBA1647D3B046A0EF794D35587D6
:104BA80051F595C626A9006B12D812D410EB4D22E8
:104BB8005291116B22358950006C0AD812D421EB1E
:104BC8007F3B046D138812D488A81C26128A84227D
:104BD800A14828128A026E0C8812D4908C461221A1
:104BE8001F056F0E8812D4A28924428E12918C045C
:104BF8007011C892D3908C461221C7924432126B1E
:104C080006710EC892D39A2815394A442B621D7230
:104C18000C8812D490904612B15E01730D8812D49C
:104C2800B108E97631516201740DB812D4122B1A09
:104C3800C57A925100750B8812D410F251225A117C
:104C4800760E8812D4101225226D44AA58067710C1
:104C58008812D4107291502414C9612292007810DD
:104C68008812D4104A4432AA584A13498402791146
:104C7800C892D310F251225A111325221909007A29
:104C8800098714D4B80AF57A7B0CD812D4A489758C
:104C9800A38B75277C07D218D4F8507D0DD812D471
:104CA800A08B75A7897523027E0B3852D51951241C
:104CB800A40900A0060010D600A109D218D4201D0E
:104CC8000E06A212C712D4930A4922E254312212C4
:104CD80011A52200A314C912D4238A6422995C6AFC
:104CE80095AB162311496902A4139930D4884F262D
:104CF80092934C2413C94417C97A00A510B812D44A
:104D0800080F252219CD28348AB501A609D218D44E
:104D1800388C0F03A718D812D4A289243291982668
:104D2800928964221959249388642400A808267457
:104D3800D5109104A919B812D4A28924C209451220
:104D48008A488292504442194A44321200AA119861
:104D580092D42A05C592839028A9C4218700AB194B
:104D6800B910D40D052532894C2293C82452895490
:104D780022954825D25000AC084892D478102BAD23
:104D88000616D4D430AE19B812D4A28924C2094563
:104D9800128A482892244944329488642400AF0730
:104DA80018B2D53804B00C66F4D492514424094D95
:104DB80004B10D7852D413CB0E31B11C7808B20A65
:104DC80075D4D499A889B415B30D75D4D499A88984
:104DD8008414C90400B4083456D5922801B50DA727
:104DE800B2D390F1563944A6AA00B618D812D439CD
:104DF8001C2C2F128A4C2293C82432894C2293C827
:104E08002402B70733B8D43808B80A4594D31252E5
:104E1800241300B90974D4D4918C7421BA0E9792D2
:104E2800D49A49D4D8246A73D001BB1AB912D408C9
:104E380045255289542295482532894C2293C82405
:104E4800C2501400BC15C832D409CBA391606414B5
:104E58004E8A85442949F41400BD15C832D409CBBB
:104E6800A3916064144E91454291A8341C26BE1645
:104E7800C832D49843A2C25828320A27C542A294FD
:104E8800A4723C02BF10D812D413CBE162558D8CAA
:104E980012918C04C011F812D491ABC3A53491447B
:104EA800C878287214C111F812D4D50E97D24412BA
:104EB80021E3A1C85100C213F812D493D24472A8B6
:104EC80094269208190F458E02C314F812D412853D
:104ED8004C2139584A1349848C87224701C412F857
:104EE80012D41169874A69222D42C64391A300C58D
:104EF800130813D4A289B4D1C1529A4822643C142D
:104F0800390AC611D812D42BD124328948A7C348EC
:104F1800FF8900C7141893D3A2892442B27E9488CB
:104F28006454B94C229C01C810F812D491AB030FF9
:104F380063CD26B1E64300C910F812D494AA430FF2
:104F480063CD26B1E64300CA11F812D493D2447255
:104F5800D061ACD924D67C08CB10F812D41169479B
:104F68003B8C359BC49A0F01CC0CF614D491AA9BA8
:104F780084FA9301CD0CF614D4D30E3209F5270325
:104F8800CE0DF614D49251446293507F32CF0DF671
:104F980014D41091C426A1FEC900D01AD910D4B1D6
:104FA800290925428950223C498412A14428114AE2
:104FB80064221300D116F812D412854C21394C58AA
:104FC800339928128A84E456240AD212F812D49209
:104FD800AB43692289901F2522190900D312F812C0
:104FE800D494AAC3692289901F2522190900D413D1
:104FF800F812D493D24472204D2411F2A3442423EE
:1050080001D514F812D412854C213994269208F946
:105018005122929100D612F812D4116907D2441283
:10502800217F9488642400D70E8712D488CE246AFE
:10503800C399446D1AD81AF8F2D30F9554644D11D8
:10504800528414A18428214AA82611894A7100D9BA
:105058000FF812D492ABC384FCA344242301DA0FC3
:10506800F812D494AA4385FCA344242301DB11F845
:1050780012D493D2447290907F9488642400DC0FF9
:10508800F812D411690709F98F12918C04DD12F80E
:1050980012D494AA43854489481B912AD60D00DE70
:1050A8000FD714D490AA5A64BC1D22525500DF1B96
:1050B800D812D41B4A4432894C22924C6412994823
:1050C8004D2293C82422151100E011C812D492ABC6
:1050D800032D42B1E42064945402E111C812D4941F
:1050E800AA832D42B1E42064945402E213C812D476
:1050F80093D24472984528961C848C924A00E314F3
:10510800C812D412854C2139D022144B0E4246497C
:105118002500E411B812D4116987598462C941C8BD
:1051280028A904E513D812D4A289B4D18116A158AC
:105138007210324A2A01E6148812D4994842129908
:105148004446A249641251443201E711C892D32A55
:10515800C9C8DA65A2A25C2611CE00E812C812D42A
:1051680091AB83692289F05096CB441500E911C8A8
:1051780012D4D50EA68924C243592E135500EA131A
:10518800C812D493D24472204D24111ECA7299A811
:1051980002EB12B812D4116907D24412E1A12C977C
:1051A800892A00EC0CC812D491AB43C9FA7608EDF1
:1051B8000CC812D494AA83C9FA7608EE0EC812D481
:1051C80093D244721859DF0E01EF0CB812D411694A
:1051D8008791F5ED10F016D812D488C524C2E9508D
:1051E800228B094BA222A344242301F111C812D413
:1051F80012854C21394C321A49847C14F211C81298
:10520800D491AB8369228990A344242301F310C865
:1052180012D4D50EA68924428E12918C04F413C898
:1052280012D493D24472204D2411729488642400BD
:10523800F514C812D412854C213994269208394A9B
:1052480044321200F611B812D4116907D24412215F
:105258004789484602F70EA832D413CB510F0739B5
:10526800AA5806F814A8F2D30F9554441152841280
:10527800A284242251290EF90EC812D492ABC384F9
:105288007C94885604FA0DC812D4D50E14F2512213
:105298005A11FB10C812D493D2447290908F12D135
:1052A8008A00FC0EB812D411690709F92811AD0853
:1052B800FD130893D394AA43857C948856C44489E3
:1052C800484602FE101795D390EAB5A422E3242994
:1052D80049B502FF13F892D311690709F92811ADEE
:1052E800888912918C0400000004FFFF0000000070
:1052F800BF0002020303020404040600FF05FF05C1
:10530800FF00E901D3058E200580CD002106E9C8FC
:10531800AC00220693CB2415230AACC8A434541A33
:105328002A012409B3C7A5A1474A002508ABC864C8
:10533800D446012609ACC8C514AB98022705D1CBC1
:10534800082807F2C7A966002908B2C7C45429006B
:105358002A07ABC8A46A352B08ABC8C5B462022CAF
:105368000692C729002D058BCA0C2E05C9C8042F23
:1053780007ABC85665043008ABC85543550031071C
:10538800ABC825590D3207ABC835531A3308ABC81B
:10539800CC9417003408ABC8243562013508ABC873
:1053A8008CA817003607ABC84DD5023708ABC8CC58
:1053B8005446003807ABC8ADD6023907ABC8B5E4C8
:1053C800023A06E1C8C4003B07AAC765A8003C0723
:1053D800ABC8A6BA003D069BC9EC013E07ABC8E4C2
:1053E800AA043F08ABC8E89461024006ABC82D5B2D
:1053F8004108ABC85543A9004208ABC8A8B4D202BB
:105408004308ABC8553255004408ABC8A8642D0002
:105418004508ABC88CA8E2004608ABC88CA8620453
:105428004708ABC8CDA492004808ABC82435940AF5
:105438004907ABC8AC580D4A07ABC896AA024B0837
:10544800ABC824B5920A4C07ABC8C4E6004D08ABFC
:10545800C8A431940A4E08ABC8AAA124004F07ABD0
:10546800C85556055008ABC8A8B462045107B3C75D
:1054780055561D5208ABC8A8B4920A5307ABC8EDDD
:10548800BC005407ABC8ACD8025507ABC824D70832
:105498005608ABC8246BA4045708ABC82435860A41
:1054A8005808ABC824D552015908ABC82455560032
:1054B8005A07ABC8CC540E5B06EAC8AC4A5C07ABCB
:1054C800C8C45C065D06AAC8A86A5E0593CB355FAA
:1054D800058BC70C6006D2CBC4006107A3C82D9505
:1054E800046208ABC84495D4026306A3C8CD2C64F3
:1054F80008ABC8A6A592006506A3C855536608ABB5
:10550800C8A6B462026708ABC7AD2417006808AB29
:10551800C84495AC006908ABC86524D3006A08B3D1
:10552800C766582E006B08ABC8C4B4920A6C07ABA8
:10553800C8C8D6006D08A3C8A4A154006E07A3C8A4
:10554800A864056F07A3C855AA027008ABC7A8B41A
:1055580062047108ABC72D9564007208A3C8A4152E
:1055680023007307A3C88DBC007408ABC8A51573C6
:10557800007507A3C8242B097607A3C824AB0277B4
:1055880008A3C8243554007807A3C8A4321579089D
:10559800ABC72495E4027A07A3C8CC94067B08B36A
:1055A800C7A624EB007C06E9C80C017D09B3C7E453
:1055B800A8628A007E0794CB259500A00580CD00BF
:1055C800A106E9C8A401A208ABC8A5115702A30700
:1055D800ABC8A6A81AA408A4C8C424550CA508AB2F
:1055E800C8A46AC504A606E9C82801A708B3C78DD8
:1055F80054C905A8068BCCA400A909B4C7A9B896B4
:105608004C0AAA07ABC8ADA407AB089CC92515531B
:1056180000AC0693C9CC00AD058BCA0CAE08A4C972
:10562800A9B19202AF058BCC0CB0069BCA7501B12B
:1056380008ABC8A595D100B206A2C92803B307AA2A
:10564800C828A900B406D2CB2900B508ABC7246B7B
:105658004500B607ACC80DB57AB705C9CA04B8067F
:10566800D2C82900B906A2C9AD02BA07ABC875A34A
:1056780001BB089CC9A4985402BC08B4C7E41A55D5
:105688003BBD08B4C7E44AC72CBE09B4C7E8985163
:10569800B203BF08ABC86598B200C008ABC8E494B1
:1056A800860AC108ABC8A66AA800C208ABC8C894D5
:1056B800860AC308ABC88D94860AC408ABC8A4D6AA
:1056C8005001C508ABC8C594860AC609ACC88D94F4
:1056D80086AA04C708B3C755323501C808ABC8C481
:1056E800A1E200C907ABC88E1507CA08ABC88D91DF
:1056F800E200CB08ABC8A4B1E200CC08ABC8C41523
:10570800D300CD08ABC88E14D300CE08ABC8A515FE
:10571800D300CF07ABC8A4B21AD009ACC8CCB4AA7E
:105728009100D108ACC82595AE0AD208ABC8E4945C
:105738005405D308ABC8A64A5500D408ABC8C594CD
:105748005405D508ACC88DD51901D608ABC8A496A0
:10575800AA00D7069BC9A40ED807ABC81D6A01D9F1
:1057680008ABC8E494D408DA08ABC8A64A8D00DBB5
:1057780008ABC86594D408DC08ABC8A49CD408DD81
:1057880008ABC8E6542600DE08ABC844955604DFCB
:1057980008B3C7552B0D09E008ABC8E4B89200E17F
:1057A80008ABC8A6B89200E208ABC869B49200E397
:1057B80009ACC8251555A900E408ABC8A48C561235
:1057C800E508ABC865B89200E608A4C88DB4E20045
:1057D800E708ABC7555A2500E808ABC8E494A6000B
:1057E800E907ABC8A66A0AEA08ABC8C894A600EBE2
:1057F80007ABC8A4D614EC07ABC8E4580DED06AB4C
:10580800C8CE6AEE07ABC875A601EF08ABC8A42CD2
:10581800D300F008ABC8A4725500F109ACC82595AF
:10582800646A01F208ABC8E4985A00F308ABC8A64A
:10583800985A00F408ABC865985A00F507ABC86CCD
:10584800D405F608ABC8A48CBA00F708ABC865B491
:105858005102F807A3C82DB500F908ABC8E4945461
:1058680012FA08ABC8A64A2501FB08ABC8659454D0
:1058780012FC08ABC8A49C5412FD08B3C7A66AC49E
:1058880005FE09B3C7C4A8D28A00FF09B3C7A49C00
:10589800465C0000000004FFFF000000BF00020299
:1058A8000303030404050700FF06FF0600010A02BC
:1058B80016062F200500BD012106B1B119292207BE
:1058C8005BB7495600230A2DB1AB86AA86AA0024E5
:1058D800092DB15BF54E6901250834B1C9B17700CE
:1058E80026092CB18B29563105270599B7192807A0
:1058F80072B153CD00290872B189A952002A076BE9
:10590800B149D56A2B0A2DB1CD280E9951042C071F
:105918005BAF5325002D060CB519012E0652B1199F
:10592800012F0724B38F6D00300873B1AB5C1500ED
:10593800310773B14BB235320934B15331C77204F0
:10594800330A34B1193969249302340A34B18DAA5F
:105958001A312700350A34B1197A23991400360A06
:1059680034B1537945991400370A34B11939E69896
:105978002300380A34B15331A9289302390A34B1C3
:105988005351A69D14003A076AB11971043B0833B4
:10599800AFB3912A013C076BB14D75013D081CB3AB
:1059A80019198D003E076BB1C955093F0973B16BD1
:1059B800A60C1300400934B15351DD4801410934A4
:1059C800B153518E2903420A34B15971A4284702B0
:1059D800430934B15351974901440934B159D13974
:1059E8001200450934B1197AE53C02460834B11968
:1059F8007AE51A470934B15351A79906480834B1D2
:105A080089724C33490773B159B1354A0834B16FBB
:105A1800CBA4004B0A34B1892A4999CA004C0734EF
:105A2800B1C9DD234D0934B189E38866004E0834D5
:105A3800B1896BA9334F0934B153D1991400500A75
:105A480034B159518E943300510A3CAF53D15C495B
:105A5800A300520934B159518ED40C530A34B153AE
:105A68003165542605540773B159B10B550834B143
:105A7800899E4901560934B189CE24150057093445
:105A8800B189E6386200580A34B18932491565008F
:105A9800590873B1495659015A0934B11939B647E9
:105AA800005B0773B119B1395C0924B3C928A38C09
:105AB800025D0773B199CD115E0553B96B5F060C92
:105AC800B11901600652B98901610824B11B51A9B5
:105AD80002620A34B1C97945391200630623B19BC1
:105AE80059640834B1AF469469650824B1536964B0
:105AF80005660934B1ADCA99230067092CAF1B317B
:105B0800A98C06680834B1C9794533690873B1CBE3
:105B18004856036A097BAFCDB05415006B0934B100
:105B2800C95592A90C6C0773B1915D036D0824B136
:105B3800496948196E0724B159D10C6F0824B1532B
:105B480051260570092CAF59518E940171082CAF5C
:105B58001B51A61D720824B159516700730824B15E
:105B68001B1A0D05740934B1CB71E68C0475072432
:105B7800B189661A760763B1495605770724B18952
:105B8800721C780824B18949AA1879092CAF89327E
:105B98009525007A0824B119B11C017B0873B14D11
:105BA80049D6017C05B1B1397D0973B1C951C51414
:105BB800017E0714B94B2A01A00500BD01A106B159
:105BC800B14923A20934AF8D23356702A3082CB14C
:105BD80055715602A40A2DB1C969A6B87200A50963
:105BE80073B149AA5A3101A606A9B15102A7087B87
:105BF800AF9BAA920BA8064BBB4901A90B3DAF5B13
:105C080059A5A9924E0BAA061BB75B49AB071DB352
:105C18008BB201AC0614B31939AD054BB519AE0BEF
:105C28003DAF5B79A439755A00AF060CBB1901B0BA
:105C3800065BB7EB02B10B35B1CD280E99511C02AA
:105C4800B20662B55106B30662B51969B40652B90F
:105C58005300B5082CAF89E64819B60834B11B6A59
:105C6800F503B70652B51901B80652AF5300B90784
:105C780063B54B320DBA061BB7EB02BB081DB389DF
:105C8800A54C00BC093CAFC9CDA87600BD093CAF06
:105C9800C92D1DB300BE0A3CAF913AAAA87600BF31
:105CA8000973B1CB30C55401C00934B153518E29A1
:105CB80003C10934B153518E2903C20934B1535178
:105CC8008E2903C30934B153518E2903C40A34B150
:105CD8008949C5316500C50934B1932A8E2903C69F
:105CE8000934B11BA91AAA25C70A3CAF53519749D1
:105CF8004600C80934B1197AE53C02C90934B1191A
:105D08007AE53C02CA0934B1197AE53C02CB093478
:105D1800B1197AE53C02CC0773B159B135CD077397
:105D2800B159B135CE0773B159B135CF0773B159F0
:105D3800B135D00934B19969758D04D10834B149A8
:105D480073A933D20934B153D1991400D30934B1AA
:105D580053D1991400D40934B153D1991400D509F9
:105D680034B153D1991400D60A34B189494533293D
:105D780000D70824B18949AA18D80934B11BE948C1
:105D88004702D90834B1899E4901DA0834B1899E9D
:105D98004901DB0834B1899E4901DC0A34B189190B
:105DA80045332900DD0873B149565901DE0A34B17B
:105DB800C92B8E943300DF0934B15351955602E054
:105DC8000A34B1CB288EA85401E10934B1AD475447
:105DD800AA00E20934B1ADD2884A15E30A34B14BBE
:105DE8002A8EA85401E40934B1ABE1884A15E509C3
:105DF80034B1937244A50AE60824B11B69C501E7CA
:105E0800086BAF9B592500E80A34B1CB28AA34B2F5
:105E180002E90934B1AD551A5901EA0A34B18B299E
:105E2800AA34B202EB0A34B14919AB34B202EC0815
:105E380073B1C9495603ED0773B12B6535EE077386
:105E4800B1AB6635EF0873B149595603F00A34B15E
:105E5800CBC88A322900F10934B14B2AAD6806F261
:105E68000A34B1CB28AA289302F30934B1AD55946A
:105E78004901F40A34B1D35845991400F50A34B1EC
:105E88004B2AAA289302F60A34B1ABA18A32290018
:105E9800F7092CB1D37064A800F80924B11B69A4D0
:105EA8009100F90934B1CBA834D300FA0734B16DA5
:105EB8009A69FB0834B1D3309A69FC0934B1AB5103
:105EC80034D300FD093CAF6DCA549600FE0A34AFC6
:105ED800C92BCA913200FF0A3CAFAB5194A92C01DF
:105EE80000000004FFFF0000BF00020203040304D7
:105EF80004050800FF06FF0600011A023106962075
:105F080005007E032107316333520022079B6E93FD
:105F1800AC00230D3D6257A6345435549912002421
:105F28000A3D629B57BD53DA112508AB66135367C8
:105F380000260A3C621753B36AA6002705196F3377
:105F48002807B262A79A012908B2621353A5002A4A
:105F58000A2C6213931A49C5002B0A2D629B511C07
:105F680032A3082C079B5EA74A002D060C6A330251
:105F78002E079B5E9756022F0834625FB6330030B7
:105F880008B36257B92A003107B36297646B320AC3
:105F98003462A7624E2A8F00330A34623362D448CF
:105FA8002605340A34621B5535624E00350A3462C0
:105FB80033F446322900360A3462A7F28A322900BD
:105FC800370A34623372CC314700380A3462A76228
:105FD80052512605390A3462A7A24C3B29003A07D8
:105FE800AA6233E2083B08B35E672355023C07B355
:105FF800629BCA5C3D081C6633321A013E08B362D4
:1060080093CB54023F09B362D74C192600400C4584
:106018005E2BA35C492559430541093462A7A21C9C
:106028005306420A3462B3E248518E04430934628B
:10603800A7A22E930244093462B3A273240045092F
:10604800346233F4CA79044609346233F4CA350039
:10605800470A3462A7A24E3329004809346213E57F
:106068009866004907B362B3626B4A0934623773B2
:106078005546004B093462135592A9334C083462D3
:1060880093BB47004D09346213C711CD004E093444
:106098006213D75867004F093462A7A2332900500A
:1060A8000A3462B3A21C29670051093C5EA7A25CAE
:1060B8006E14520A3462B3A21C29CA00530A34620D
:1060C800A762CAA84C0A5408B362B36217005508FD
:1060D8003462133D930256093462139D492A0057CE
:1060E80009346213CD71C400580A34621365922AC8
:1060F800CA00590B35629375AA33CA28025A093463
:106108006233726C8F005B07B3623362735C0A346C
:10611800629333CA28A31C5D07B362339B235E06D0
:106128009372D7005F060C5E330260069272130307
:106138006108246237A24C03620A346293F38A72BC
:1061480024006307A36237B300640934625F8D28B3
:10615800D30065082462A7D2C80A660934625B9531
:1061680033470067092C5EA762DA4901680934627F
:1061780093F38A66006908B3629791AC066A09BB13
:106188005E9B61A92A006B09346293CB91A20C6CC7
:1061980007B36223BB066D092562A35A2AA9026EBA
:1061A800072462B3A2196F082462A7A24C0A7009D7
:1061B8002C5EB3E248390371082C5E3762DA057247
:1061C80008246293929D017307A36237F202740A4E
:1061D800346297E3CC2926007507246213CD347600
:1061E80007A36293AC0A770925629355525D00783C
:1061F80008246213935431790A2C5E13651A3129E5
:10620800007A082462336239027B0B3C62AB324A63
:106218001AC58C047C053163737D0C3C62A351CC98
:1062280048659424007E071472975402A005007EE6
:1062380003A1073163934600A209345E1B476ACE67
:1062480004A30A34625B8D98934A00A40A2D6293D2
:10625800D34C71E500A50B3562935335641C3202AB
:10626800A6063963B306A70A3C6237F28A698F0427
:10627800A8068B769302A90A3562B7AA3955B500E4
:10628800AA07AB6AB7921EAB081C6697544C01ACC0
:10629800069B62330BAD058B6A33AE093562F7A1F5
:1062A800965A00AF058B7633B0069B6ED705B108BA
:1062B800AB6297564603B207AB6AD74C69B307ABD4
:1062C8006AA32F00B4069272A700B5092C5E13CDFD
:1062D800913200B60C356237461A29A998620AB776
:1062E80005096B13B806925EA700B907AB6A9764F5
:1062F80035BA07AB6AD78D06BB081C66936252098C
:10630800BC0A3C62935B518D9800BD0A3C6293AB1A
:10631800A4728C03BE0C3C629351CC4855232600D2
:10632800BF09B36297618AA902C00A3C62975154B7
:10633800714C19C1093C625BAB38A60CC20A3C62BD
:10634800A76252714C19C30A3C62975454714C1994
:10635800C40A3C62133354714C19C50A3C62A762E3
:1063680052714C19C609346237526BA84AC70A3CA5
:106378005EA7A22E938C00C80A3C6297511A7AE550
:1063880011C9093C625B0EBDF208CA0A3C62A7E269
:10639800D82B8F00CB0A3C6213331A7AE511CC094B
:1063A800BB6293D38AD500CD09BB629BD28AD50044
:1063B800CE09BB62578D14AB01CF09BB6293F28A39
:1063C800D500D00B356237E348658A6901D10A3CAC
:1063D800629754B9D49401D20A3C62975154D14C73
:1063E8000AD3093C625BAB682605D40A3C62A76203
:1063F80052D14C0AD50A3C62975454D14C0AD60A59
:106408003C62133354D14C0AD7069B62933AD8099D
:10641800346237D2918E04D9093C629751E94C0A0B
:10642800DA083C62DB742605DB093C62A7A26752E6
:1064380000DC0A3C6213338ACEA400DD0B3D625FA8
:10644800E65467945104DE0A346293579423650036
:10645800DF093462A7A2EA5409E00A3C629751C6F0
:1064680023CA34E1093C625B5323CA34E20A3C6222
:106478005B6538A24C03E30A3C629754C623CA34CE
:10648800E409346257C311651AE50A3C62A76292AF
:1064980023CA34E609256233A2324700E708AB5E17
:1064A80037B34A00E80B3C629751C62A8DAC00E925
:1064B8000A3C625B532A8DAC00EA0B3C62A76286F9
:1064C8002A8DAC00EB0A3462574395465600EC0916
:1064D800BB62933392D500ED09BB629B3292D50023
:1064E800EE08BB62D796D500EF08B36293B2AC064C
:1064F800F00C3C62936295511A312900F10A3C6212
:106508009754862B9A01F20B3C629751C62ACAA46B
:1065180000F30A3C625B532ACAA400F40B3C62A74E
:1065280062862ACAA400F50B3C629754C62ACAA4FC
:1065380000F60A3462133354512605F708AB629704
:10654800D14609F809246237D2482301F90A3C6286
:10655800975186D14C03FA093C625BE368A601FBBC
:106568000A3C62A76246D14C03FC09346213338AA1
:10657800661AFD0B445E5BE328D3884901FE0A3C9A
:106588005E93F38A23E50CFF0C3C5E13338A328D4D
:1065980098140000000004FFFF000000BF00020282
:1065A8000304030504060A00FE07FE070001420271
:1065B8009207B320050062072107394367A8002224
:1065C800079B52275901230D3D42AF4C69A86AA881
:1065D800322500240B3D4237AF7AA7B42300250BA0
:1065E8003D422FAAEEAA251300260C3D422FA7985C
:1065F800729564540127051953672808BB423795DB
:1066080075012908BB42279755092A0A2D4627A74D
:106618006AA876002B0A2D4637A3386446112C0742
:106628009B3E4F95002D060D4E67082E079B3E2F6B
:10663800AD042F0B3D421F6594BB514600300A3D07
:106648004237A7DA4E7504310C3D4237CB94514698
:1066580019C521320C3D426FE58CA2CC190D0133CE
:106668000C3D42676894B3863A2D00340C3D423F96
:10667800CB54A6A1334A00350B3D42E746C9CC4866
:10668800A705360B3D4257E68C92A9D302370C3D3D
:106698004267689433CA35CA00380B3D426F659D1E
:1066A80056D66901390C3D426F65A95446394A00EE
:1066B8003A0ABB3E2FAD0CD34A003B09BB3E2FAD77
:1066C8000C55093C0ABC423FB6514619053D081D08
:1066D8004A676838043E0BBC4227A38C328A6D0097
:1066E8003F0A3D426FE536CA7404400B3D426F6570
:1066F800B99295E102410B3D4237A75A8F91750037
:10670800420C3D4267C42AA659C5A100430C3D422C
:106718006F658D32CA28A705440D3D4267C42AA675
:1067280098628A4301450C3D42E746198D945146CB
:1067380043460D3D42E746198D9451461901470CD1
:106748003D426F658D328A3B2D0048093D4227DB6B
:1067580063643B4908BB4267C5AE014A0C3D4277BA
:10676800679451466594004B0B3D4227CB54EA147D
:10677800AB1C4C0E3D4227A38C32CA28A38C860042
:106788004D0A3D4227EBB592B6034E0A3D4227EB30
:10679800A992DC3A4F093D426F65EFB400500D3DB8
:1067A8004267A4AC87CA28A38C00510A453E6F658E
:1067B800AF6AC300520B3D4267A4AC872AAB1C5397
:1067C8000B3D426F650D37D46901540E3D4267C8D1
:1067D8008C32CA28A38C220055083D4227FB4E0B59
:1067E800560B3D4227DBA94C31E508570A3D4227A5
:1067F800BB924A7700580A3D4227EB5457B50E59C9
:106808000C3D4227EB5467945146115A0A3D4267A2
:106818006894BBD1105B08BB4267C4CE015C0D3DD8
:106828004227A30C33CC30C38C025D08BB42677689
:106838008E005E071D5237A73A5F060D3E67086057
:1068480006125B2706610A2D426FC334741A01626F
:106858000C3D4227A38C92A9A75200630A2D426FD0
:10686800658D725A00640B3D421F6594CC2D950AC4
:10687800650A2D426FE531325C00660C3D42575681
:1068880079C48C32CA00670C3D3A6F689D46463A17
:106898002D00680B3D4227A38C92A9ED006908BB27
:1068A800422F23D91A6A0BCC3A3F635D4B991400E7
:1068B8006B0C3D4227A38CB24CB3CA016C07BB4298
:1068C80047F61A6D0A2D4247B5545249076E082DEE
:1068D800422799DA0E6F092D426F653B2D00700C27
:1068E8003D3A27997A2A95514600710B3D3ACFDCFB
:1068F80052A98C320A720B2D4227991A65941100FD
:10690800730A2D426F65B8E15000740D3D422FA304
:106918003C624619C5A80075082D42273B950A76A2
:106928000A2D4227EB54A61C0177092D42275B4903
:10693800750178092D4227A7BAAA03790B3D3A2792
:106948009B4A65A4D3027A082D4267E8F6107B0BB0
:10695800BC42576594348A19097C063943E7087D97
:106968000CBC4247A39891CA2849007E091D522FA2
:10697800AA241300A005006207A1073943270D01C7
:10698800A20C3D3E370F15534C79C408A30B3D426A
:1069980057567967149502A40A2D4227A799E2CA87
:1069A80001A50D453E27EB54C72133CA2802A60688
:1069B8003943670DA70B453E6F65343B374A0BA833
:1069C800068B5E2705A90C3D426F6595A64A3A2DB0
:1069D80000AA0AB4466F44A56A3402AB0B2E42B72C
:1069E8008A29E6986300AC07944A67E400AD068CF0
:1069F8004E6704AE0B3D426FE591E6D46901AF06E0
:106A08000D5E6708B0069B52AF0BB10B354237A33A
:106A18003864467108B208AC4E4FC5E608B30AACF4
:106A28004E67A3A4D14800B406125B4F01B50A35DE
:106A38003E27DB53A98C00B60E3D426F8C34525270
:106A480031C5145300B705094F27B806123B4F014B
:106A5800B907AB4E2FC96ABA0AB4464F4599341CD8
:106A680001BB0C2E4227E698638A294600BC104ECB
:106A78003E2F230D33CC6866A4531C1906BD104E57
:106A88003E2F230D33CC686554C38C321ABE0E4D8D
:106A98003E47C39C619459A634320ABF0A3D423727
:106AA800D319E5D602C00C45422FC3BCB21E23EB56
:106AB80000C10B4542BF5E598F917500C20C45421B
:106AC80037A7B8B21E23EB00C30C45422F2AB9B230
:106AD8001E23EB00C40B4542AFA656D663641DC502
:106AE8000C454237A7B8B21E23EB00C60B3E4277CF
:106AF800A4B239466C0EC70D4D3A6F658D32CA285F
:106B0800A75D03C80E45422F8F8D321A29A38C86A4
:106B180000C90E45423F8D8D321A29A38C8600CAC2
:106B28000E4542378E8D321A29A38C8600CB0E452E
:106B380042AF1A1B65345246190D01CC09C34227CE
:106B4800A7155B03CD09C34237A5155B03CE09C35F
:106B580042AF1A29B606CF09C34227E5155B03D011
:106B68000D3D4267C42A8E54A6381400D10B454205
:106B780037754F95E4D601D20B45422FC3BCB23BC3
:106B88002D00D30A4542BF5ED99D1600D40B45425D
:106B980037A7B8B23B2D00D50A454237355776A7F7
:106BA80005D60A4542AFA65676A705D7092D42272E
:106BB800A7BAAA03D80B3D426FC52BCD991600D9A9
:106BC8000A45422FC3DA3B2D00DA094542BFCCDE25
:106BD8006901DB0B454237A78CB33B2D00DC0A4526
:106BE80042AFC6D93B2D00DD0C4542BFCC3AD51982
:106BF800651401DE0E3D4227A391F25019659411E8
:106C080000DF0B3D426F6599CA2A2B05E00C45420F
:106C18002FC34C6E98864E23E10B4542BF26374C56
:106C280043A711E20C454237A74C6D98864E23E3E3
:106C38000C454237B5A90DD3D06904E40B3D42AFEA
:106C4800A6364C43A711E50C454237A79C374C4361
:106C5800A711E60B2E426F64548D998700E70B3D10
:106C68003A6F658D72DA3500E80C45422FC34CAE99
:106C78003C46860BE90B4542BF26571E23C305EA4F
:106C88000C454237A74CAD3C46860BEB0B3D42AF5B
:106C9800A6561E23C305EC09C3422767245B03EDF0
:106CA80008C342AF86B235EE08C342AF2D5B03EF8F
:106CB80008BB422765D91AF00B3D424743B9B29D3C
:106CC8001600F10A454237B57132B51DF20B45423F
:106CD8002FC34CAE6CA705F30A4542BF2657B6D35F
:106CE80002F40B454237A74CAD6CA705F50B45429E
:106CF80037B5A995EDB400F60A3D42AFA656B6D30E
:106D080002F7092D463753435311F80A2D426FC82D
:106D180095E65000F90B45422FC34C65A75201FA7E
:106D28000A4542BFA6B253A900FB0B454237A78CC0
:106D3800B353A900FC0A3D42AFC6D9A95400FD0CC3
:106D48004D3ABFCCA65219E9B400FE0D453A27A327
:106D580091B23D54461901FF0D4D3AAFC6D9542A98
:106D6800239D160000000004FFFF0000BF00020280
:106D78000304030504060C00FE07FE08FF013902A0
:106D88008507A82005006A072107394367A800225C
:106D9800079B56275901230B3542AF1AAA4C69A8FD
:106DA8000A240D4D3E37AF4AE59D54B52300250909
:106DB8003D4247CEDC3905260C3D422FA7987295F7
:106DC8006454012705195767280ACB3E37C514EBC9
:106DD8009803290BCB3E27C71CAB9822002A0A3DF3
:106DE80042B7AA765ECD082B0A2D4637A3386446EB
:106DF800112C071B3E4F8D042D060D4E67082E06DD
:106E0800924267042F0C3D421FE58C728D7246003A
:106E18003009BC424F45CFA4003108BB422FC9AE50
:106E280001320A3D426FE58C727B08330C3D4267A4
:106E38006894B3863A2D00340C3D423FCB54A6A14A
:106E4800334A00350C3D42E74623C38C745A00365A
:106E58000C3D4257E68C46CA3A2D00370D3D426735
:106E6800689433CA19651401380B3D426F659D5605
:106E7800D66901390C3D426F659D4646394A003A4C
:106E880007AA4267C4113B09333ECF466A24003C37
:106E980007AB4637D5053D081D4A676838043E08E4
:106EA800AB46275725003F0A3D426FE536CA7404B2
:106EB800400C3D426F6535525223C305410A3D429D
:106EC8006F653D46B603420C3D4267C42AA659C5C4
:106ED800A100430C3D426F658D32CA28A705440DB9
:106EE8003D4267C42AA698628A4301450C3D42E7A1
:106EF80046198D94514643460D3D42E746198D94F7
:106F080051461901470C3D426F658D328A3B2D0071
:106F180048093D4227DB63643B4908BB4267C5AE6D
:106F2800014A0C3D4277679451466594004B0B3DEE
:106F38004227CB54EA14AB1C4C0E3D4227A38C329B
:106F4800CA28A38C86004D093D4227AF95B43B4E15
:106F58000A3D4227EBA992DC3A4F093D426F65EFA3
:106F6800B400500D3D4267A4AC87CA28A38C0051D9
:106F78000A3D426F6557925105520B3D4267A4ACDA
:106F8800872AAB1C530B3D426F650D37D4690154FA
:106F98000E3D4267C88C32CA28A38C220055083D92
:106FA8004227FB4E0B560A3D4227BB5399720457A2
:106FB800093D42277B25D505580A3D4227EB545702
:106FC800B50E590C3D4227EB5467945146115A0AA5
:106FD8003D42676894BBD1105B08CB3E67C43E074F
:106FE8005C0D3D4227C38C32CC30A30C035D08CB2B
:106FF8003E67F639025E071D5637A73A5F060D3A17
:10700800670860069B562717610A2D426FC33474C0
:107018001A01620C3D4227A38C46CAF65000630A47
:107028002D426F658D725A00640B3D421F65948630
:10703800B6D308650A2D426FE5A1325C00660B3DA8
:107048004257567967945106670B3D3A6F653B8DF9
:107058008CD202680B3D4227A38C46CAEE00690811
:10706800BB422F23D91A6A0ACC3A3F63DD964901FD
:107078006B0C3D4227A38CB24CB3CA016C07BB42D0
:1070880047F61A6D0A2D4247B5545249156E082D18
:10709800422799DA0E6F092D426F653B2D00700C5F
:1070A8003D3A67A46C0F95514600710B3D3A6F68E5
:1070B8003B8D8C320A720B2D4227991A6594110068
:1070C800730A2D426F68B8E15000740C3D4237A333
:1070D80038644619652875082D42273B950A7609B4
:1070E8002D4227DBA98E0077092D42275B497501C0
:1070F80078092D4227A7BAAA03790A3D3A27DBA9BE
:107108006E23007A082D4267E8F6107B09CB3E37DC
:10711800C52AC73A7C06493FE7017D0ACB3E27C707
:107128003AC52A027E091D4A2FAA241300A0050089
:107138006A07A1073943270D01A20B3D3E37AF4A25
:10714800C554ED08A30B3D4257567967149502A420
:10715800082D4227F54E3DA50C3D4227A76AC838A1
:10716800644611A6063943670DA70CC4426F64A490
:10717800A24C1A8D04A8068B5E2705A90F3E426F04
:10718800A48C645251268DD24800AA07AB526F25B1
:107198003DAB092D4237F54E3905AC091D466768E8
:1071A800945100AD058B4E67AE0E3E426FA48C5CC9
:1071B80051458DD24800AF060D5E6708B009A45648
:1071C8004F45991400B10C3D4237A3386446991ACB
:1071D80002B208AB56AF99D200B308AB5647A7BC6A
:1071E80000B4079B56379500B50B3D3A273B87D22D
:1071F800282300B60F45426F8C34D24849C5145332
:107208004C01B706124F6704B806933A7701B907DD
:10721800AB562FC96ABA07AB56AF1B0DBB0A2D4236
:1072280027E594534F00BC1055422F6B945146B537
:107238004C71E48C1200BD0E55422F6B945146756B
:10724800CA28D768BE0F554247C39C615459A6380F
:10725800724609BF0A3D4237D319E5D602C00D551B
:10726800422FC34CAEACC7C87600C10B5542BF26EF
:1072780057D663643BC20D554237A74CADACC7C85F
:107288007600C30C5542CF4DADACC7C87600C40BD1
:107298004D42AFA656D663643BC50C554237A79CF2
:1072A80057D663643BC60C3D426FA898E248658A8E
:1072B80069C70E4D3A6F658D32CA28A78DA204C8DA
:1072C8001055422FC34C8D8D321A29A38C8600C9C4
:1072D8000E5542BFA6C646198D94514643CA0F554E
:1072E8004237A78CC746198D94514643CB0E4D4261
:1072F800AFC663A38C46CA28A321CC0AD34227670A
:10730800B462D700CD0AD3423765B462D700CE093C
:10731800D342AFBD62D700CF09CB4227E515BB06E4
:10732800D00C3D426F5671A432C5B400D10C554201
:10733800CF8DB39E2AC9AD03D20C55422FC34CAE94
:10734800EC9D1600D30A5542BF2657F64E0BD40CB7
:10735800554237A74CADEC9D1600D50B5542CF4D85
:10736800ADEC9D1600D60A4D42AFA656F64E0BD789
:10737800092D4627A7BAAA03D80F4D3E1FA51557B2
:107388005249A599564600D90B55422FC34C65DF83
:107398006901DA0A5542BFA6B2EFB400DB0B5542C9
:1073A80037A78CB3EFB400DC0A4D42AFC6D9775A81
:1073B80000DD0E5542BFA6B24E754619651401DEB2
:1073C8000ABC4227AF688E9401DF0B3D426F659976
:1073D800CA2A2B05E00C45422FC34C6E98864E23D3
:1073E800E10B4542BF26374C43A711E20C45423713
:1073F800A74C6D98864E23E30B4542CF4D6D98867A
:107408004E23E40B3D42AFA6364C43A711E50C458D
:107418004237A79C374C43A711E6092D426FA7B402
:10742800EA11E70C3D3A6F658D72DA284A00E80CDC
:1074380045422FC34CAE3C54860BE90B4542BF2650
:10744800571E2AC305EA0C454237A74CAD3C548663
:107458000BEB0B3D42AFA6561E2AC305EC09C342EF
:107468002767245B03ED09C3423765245B03EE08F5
:10747800C342AF2D5B03EF08BB422765D91AF00C56
:107488004D42AFAE324C43DB6901F10A4542CF8D24
:1074980093A9ED00F20B45422FC34CAE6CA705F340
:1074A8000A4542BF2657B6D302F40B454237A74CCC
:1074B800AD6CA705F50A4542CF4DAD6CA705F60A98
:1074C8003D42AFA656B6D302F7092D46375343536C
:1074D80011F80A2D426FC895E65000F90B45422F66
:1074E800C34C65775A00FA0A4542BFA6B23B2D0045
:1074F800FB0B454237A78CB33B2D00FC0A3D42AF3E
:10750800C6D99D1600FD0B553ABFA6B29DEA3602B4
:10751800FE0E4D3A27A38C46CAF650196504FF0B98
:107528004D3AAFC6D94E751B0100000004FFFF009D
:1075380000000000BF0003020304030504050D005A
:10754800FE09FE0AFF015F02C408542005006E0709
:1075580021074943C7210922079B5A476209230E7D
:107568003D464F294906A53228A52401240F4D423E
:1075780057362851926D49940C5A04250D4D424FA7
:10758800A474CC8A498B9400260E45424F964449F0
:107598005689A22952022706195BC700280BDB3E31
:1075A80057122551B7280B290CDB3E471665519712
:1075B8002889002A0A2D5257A5B23445002B0A2DD6
:1075C8004A57180D5218012C079B3E8F52022D0660
:1075D8000D52C7202E089B3E4FB224002F0B4D4260
:1075E800672DCC8A591802300B4D425796D4BC25CA
:1075F800B508310B4D42572625614F8300320B4D9C
:1076080042CF926961D67110330C4D42C72066B5DE
:1076180035D49205340F4D425F984949949492416C
:107628000B1300350C4D42C7B1620A432D59003681
:107638000D4D42CF9289E19064B66401370C4D42FA
:10764800C72066611666610D380D4D42CF92D992FA
:1076580025B3250B00390D4D42CF92D992210CB597
:1076680064013A0BC33E4FB2E448B224003B0AC35C
:107678003E4FB2E48852023C084D4267D6B5033DFE
:1076880009254AC7A06383003E094D4247DAAD2366
:10769800003F0C4D42CF92696156CCA108400D4D78
:1076A80042CF92999644492CE910410C4D42579685
:1076B800D46CC390D90242104D42C71055A2244A37
:1076C800A64A94448302430B4D42CF9289BD250BB1
:1076D8000044124D42C71055A2244AA2244AA224AB
:1076E8001A1400450B4D42C7B13824617110460B7E
:1076F8004D42C7B13824612300470C4D42CF9289CF
:107708004D9B962C00480B4D4247E6360C995B0082
:107718004908CB42C712F5654A0B4D42D716F612F7
:107728004512004B0D4D4247664A4A5A1255322DB2
:107738004C094D4247D88F83004D0D4D4247A62D29
:107748004BA2249A5B004E0D4D4247364D4AA22467
:10775800D24D0B4F0A4D42CF92F92D5900500C4D86
:1077680042C79064B641091B01510A553ECF92F9B0
:10777800A5B206520D4D42C79064B6412955322D27
:10778800530C4D42CF9289E91A6AC90254094D42F5
:10779800C72085FD0455094D4247E66FC902560DBD
:1077A8004D4247E696949228C9C208570D4D424764
:1077B800E62551122551BA00580E4D4247A625A577
:1077C80024AB44494D0B590C4D4247A625A5240B23
:1077D8003B015A0C4D42C720666156CCC2415B0939
:1077E800DB3EC710F5A7015C0B4D4247988669310F
:1077F8000D035D09DB3EC7D49F86005E081D5A57FE
:1078080096D4025F060D3EC72060061263471461D6
:107818000B3542CF9A0C9AA42801620C4D42475866
:107828001C92CC6D5000630A3542CF9289B5640131
:10783800640B4D4267CBA0B9254300650C3542CF98
:10784800920D4398250B00660C4D42975409B321BD
:107858000ADB00670C453ACF92D99221D492056889
:107868000A4D4247D862D2DC026908C3424F2875E4
:10787800196A0B543A5FACB54952A2006B0D4D42E0
:1078880047D89494B424AA64016C08CB4287D42FB7
:10789800036D0D354287D2A2244AA2245A006E09EC
:1078A80035424762D2DC026F0A3542CF92B9250BC6
:1078B80000700C453AC79064B641098B00710A45BF
:1078C8003ACFA0D992216C720935424762121B0146
:1078D800730C3542CF92256A92250B00740C4542F1
:1078E8004F980D51D81429007509354247E649517A
:1078F80002760B354247664B4A491601770B3542EB
:107908004766499444E902780B35424796D4C22C1D
:10791800A905790C453A47E6A428A1962C007A09CE
:107928003542C7A0751C047B0B5D3E9F1436A961C8
:10793800AB007C064943C7037D0B5D3E871AB64AF8
:107948006193067E091D5A4FA4245202A005006EB9
:1079580007A108494347320C01A20E454657B654C1
:1079680094288992CA1601A30D4D42975409B32D44
:107978002C290A00A40C354647964C4994444B16CA
:10798800A50F4D4247A625A52419A46890C208A6AC
:10799800084943C7900C01A70ED4428F12894A2484
:1079A80025A2942800A807936247A204A90F4D4670
:1079B800CF9229C9215A96444B1600AA0C3D4ACFAA
:1079C8009A0C5A32A48300AB0B354657D2539225F2
:1079D8005912AC071D4AC72016AD068B52C700AE18
:1079E8000E4D46CF920DC92119945BB200AF060D1A
:1079F80062C720B009A4568F12498902B10B3D46CF
:107A080057180D52980F02B2082B564F53920CB3C9
:107A1800072B564FB705B40612638F02B50A453ACD
:107A280047E66950C410B6124D42CF302443322481
:107A38004392285112255112B7060A538700B806F7
:107A4800123B8F02B9082B564F225506BA0A3D4AF7
:107A5800CF92D9927910BB0C3546479225591225F9
:107A68003D01BC0C55424F26D6E64C4AA231BD0C0E
:107A780055424F26D6D62C09B36CBE0F55424F96A9
:107A880064699464512625D118BF0C4D42570E8560
:107A98005931D39205C00E55424F9A435952D38655
:107AA80021D302C10D55425F1DCA929A360C991610
:107AB800C20D55429754CF929A360C9916C30E555B
:107AC8004257D28E64494D1B864C0BC40F55424F0A
:107AD80029C9912CA969C3906901C50F55425796C8
:107AE800646196D4B461C8B400C6114D424FB24423
:107AF80049944489322551122503C70B5D3ACF9228
:107B080089BD255B0DC80D55424F9A0F6338246116
:107B18003808C90C55425F7D18C32109C341CA0DF5
:107B2800554297541DC67048C27010CB0E55424F2F
:107B3800298987311C92301C04CC0AD34247162E5F
:107B4800519701CD0AD34257122E519701CE0BD42B
:107B5800428F128553D66901CF0AD34247A2644B9C
:107B6800D465D0114D42C71055A2241A925212253D
:107B7800D1A000D10D554257D29C699392489B16CB
:107B8800D20C55424F9A234BE62D5900D30B554240
:107B98005F1D59326FC902D40B554297545E326F3C
:107BA800C902D50B554257D2BE64DE9205D60C5594
:107BB800424F29C997CC5BB200D70A2D464796D4C5
:107BC8002AB500D8105D3E67B24497444994649A38
:107BD800922504D90B55424F9A67BE250B00DA0A45
:107BE80055425F3DF32D5900DB0B55429754CD7C30
:107BF8004B1600DC0B55424F298933DF9205DD0B0C
:107C080055425F3DD3925AD804DE0D4D4247382481
:107C1800996D50C22200DF0E4D428F548992521244
:107C280055328B02E00D4D424F9A236B326892A277
:107C380004E10C4D425F1D599341931425E20C4D0C
:107C48004297545E9341931425E30D4D4257D2BE9B
:107C5800268326294A00E40D4D424F29C9D764D00E
:107C6800244509E50D55429754D2D764D0244509D7
:107C7800E60B3542CF96244B29E902E70B453ACF6C
:107C88009289B564AB01E80E4D424F9A234B360CEE
:107C980061962C00E90D4D425F1D59B26108B3642D
:107CA80001EA0D4D4297545EB26108B36401EB0ED0
:107CB8004D424F29C9976C18C22C5900EC09CB4288
:107CC80047164A5D06ED09CB4257124A5D06EE0A91
:107CD800CC428F12855AA705EF0ACB4247A26452BD
:107CE8009701F00D55424F2D53A325734B1600F104
:107CF8000B4D4257D29C9834B700F20C4D424F9A24
:107D0800234BE6962C00F30B4D425F1D5932B764A6
:107D180001F40B4D4297545E32B76401F50B4D42A6
:107D280057D2BE646EC902F60C4D424F29C997CC92
:107D38002D5900F70A3D4657980F7A1801F80E4555
:107D48003E67B2444BA22453B28400F90A4D424F15
:107D58009A679E1425FA0A4D425F3DF3A42801FB59
:107D68000B4D429754CD3C294A00FC0B4D424F29FC
:107D780089334F8A12FD0D5D3A5F3D735294504B23
:107D88001600FE0D553A47583169DAA4286108FFF4
:107D98000E5D3A4F298933274509B5640100000073
:107DA80004FFFF0000000000BF00030203040305F6
:107DB80004060D00FE09FE0900017002E408FB201C
:107DC8000500EE072107C9C3C7210922071BDB47A6
:107DD8006209230EBDC64F294906A53228A52401EC
:107DE800240CBDC6573628D9960C5A0425104EC205
:107DF8004FA6444914A6612989122D01260D3EC2B9
:107E08008F16B56951A2454B00270699DBC7002894
:107E18000B4BC3571225512DCA02290C4BC34716C9
:107E28006551254A22002A0C2ECA4F9449C3A445FD
:107E380009002B0AADCA57180D5218012C089CBE10
:107E4800CFA264002D068DD2C7202E081BBF4FB2CB
:107E580024002F0BCDC2672DCC8A591802300D4E45
:107E6800C2971625A1C724CA2400310BCDC25726B4
:107E780025614F8300320E4EC2CF9084621A665A33
:107E8800980E03330D4EC2C7352CCEA9980C0900A5
:107E9800340F4EC267A82551254BB26418D3043558
:107EA8000E4EC2C721AD2C5A9A8AC99000360E4E82
:107EB800C2D714A6954513C5644800370C4EC2C7EF
:107EC80035AC8669988600380F4EC2CF9084C66458
:107ED800484263322400390D4EC2CF90843665493A
:107EE8008BD1043A0B43BF4FB2E448B224003B0B9A
:107EF800C4BE5734E5D8A264003C08CDC267D6B5E5
:107F0800033D0826CAC71D1D063E09CDC247DAAD86
:107F180023003F0D4EC2CF9084621A567330024040
:107F2800104EC2CF9084A6218994644AE42101416D
:107F38000D4EC2971625A1711844630042124EC215
:107F4800C72065499664C91065499664C302430C05
:107F58004EC2CF90846A8FC9900044124EC2C72087
:107F680065499664499664499664C302450C4EC2B5
:107F7800C721AD0E515A1D06460B4EC2C721AD0E84
:107F880051DA0A470D4EC2CF90846AD3106ACA12DA
:107F9800480B4EC247E8380CA26300490ACDC2C755
:107FA80020857D1A044A0B4EC2DF98F692451300CD
:107FB8004B104EC247A825512513932CAA256100C2
:107FC8004C094EC247DAAFC3004D0B4EC247380DBD
:107FD800D1E2D1314E0D4EC247286E4A2425DA68C7
:107FE8000C4F0B4EC2CF90847E4C8604500C4EC270
:107FF800C7A084C661495B01510E56BECF9084BEAE
:108008004452920C7100520E4EC2C7A084C661A998
:1080180045B5240C530F4EC2CF90846A3CC4A9982E
:108028000C09005409CDC2C72085FD04550A4EC26B
:1080380047E88FC99000560C4EC247684CA2DE44F0
:108048001300570B4EC247E8C5651AA231580E4EA9
:10805800C2472826519B16B5846200590CCDC247E9
:10806800A625A5240B3B015A0B4EC2C7352C8AAD59
:10807800C3005B09DCBEC7A0F5B7215C0BCDC247C6
:10808800988669310D035D09DCBEC790F5B7415E7E
:10809800089DDA5796D4025F060EBEC70160061225
:1080A800E34714610C36C2CF1027C3A8294B0062DE
:1080B8000D4EC247DAB268A2B8290B00630C36C26B
:1080C800CF90846A31191200640B4EC26FCBA28D17
:1080D800366509650D36C2CF9084C3A086C9900065
:1080E800660D4EC2D79425693864692300670F4628
:1080F800BACFA2255934C54312264302680B4EC293
:1081080047DAB268A26300690AC5C2578E889D061D
:10811800016A0CD5BA678E888D9A962C006B0D4E25
:10812800C247DA9644D116D592306C09CDC28FD8A1
:108138004F83006D0DB5C287D2A2244AA2245A00EB
:108148006E0A36C247B268A263006F0B36C2CF9080
:10815800848EC99000700C46BA47B268E2A62C69B2
:1081680015710B46BACFA28D9AB2A40D720A36C207
:1081780047326549DA08730D36C2CF908489AC84DA
:10818800C99000740C46C24F1A0E59DA162D0075A4
:108198000936C247E84D5902760BB5C247664B4AC5
:1081A800491601770BB5C24766499444E902780C31
:1081B80036C247984499A8454918790D46BA47E800
:1081C800A62CA9980C09007A0836C2C7B1E3307BFF
:1081D8000CDDBED7125623350BAB037C06C9C3C7CB
:1081E800037D0DDDBEC71AD652290D2B13007E095B
:1081F8009DDA4FA4245202A00500EE07A108C9C3C6
:1082080047320C01A20EC5C657B65494288992CAA3
:108218001601A30D4EC2D794256938A6356501A469
:108228000C36C647980C51A7210903A50F4DC24724
:10823800A625A52419A46890C208A608C9C3C79092
:108248000C01A70ED4C28F12894A2425A2942800B3
:10825800A80794DE472405A9114EC2CF90848A2529
:10826800522225528CC99000AA0CBDCACF9A0C5A2A
:1082780032A48300AB0F3EC65F122551122561124E
:10828800266112AC079DCAC72016AD068CD2C7104E
:10829800AE114EC2CF90848A255992C5928CC9904E
:1082A80000AF068DE2C720B009A4D68F1249890213
:1082B800B10BBDC657180D52980F02B208B3D24F72
:1082C80053521AB309B3D2C794644A05B40612E3E9
:1082D8008F02B50A3EBE47E8382D5600B6134EC287
:1082E800CF3028C9922C919225599225599200B7DE
:1082F800060AD38700B80612BB8F02B908B3D24F5B
:1083080022B50CBA0AB4CE8F1249893A04BB103E82
:10831800C6471226611226511225519201BC0E56EB
:10832800C24FA8B60D89966449B606BD0D56C24F10
:10833800A83625439286D501BE1056C2C71AC6591B
:10834800122591966449B606BF0D4EC2570EA66116
:108358003514932101C00F56C2579C635A9484E286
:1083680030886200C10F56C25F98835A9484E23005
:10837800886200C20F56C29716E5901625A1380CE0
:10838800A218C30F56C28F6487B42809C56110C5E7
:1083980000C40F56C24FD40E6951128AC3208A01F5
:1083A800C50F56C2971665A21625A1380CA218C685
:1083B800124EC24F322459922559724BB2244B8621
:1083C80000C70D5EBACF90846A8FC910D600C80F57
:1083D80056C2579C23C390A64394A6C300C90F5600
:1083E800C25F9843C390A64394A6C300CA0F56C25F
:1083F8009716E5C390A64394A6C300CB0E56C24F6A
:10840800D43E0C693A44693A0CCC0BD5C24F9A0F4A
:1084180052D86910CD0CD5C25796238314761A0406
:10842800CE0CD5C25796C48314761A04CF0CD5C285
:1084380047A6A58314761A04D0124EC2C7206549F0
:108448009664439464499664C302D10F56C28F64FC
:108458000F3725522229D1C600D20D56C2579C4348
:1084680043127A4C8604D30D56C25F986343127A3E
:108478004C8604D40E56C29716E5C890841E9321E4
:1084880001D50E56C28F64478624F4980C0900D68D
:108498000E56C24FD48E0C49E831191200D70C364B
:1084A800C647984499A8454918D8145EBE6F322427
:1084B800D9944889122991126DC990A400D90C56F3
:1084C800C2579C23A18FC99000DA0C56C25F98430B
:1084D800A18FC99000DB0C56C29716E5A18FC990F1
:1084E80000DC0C56C24FD41EFA980C0900DD0BD5DF
:1084F800C25F3DD3925AD804DE0D4EC2473A28A136
:108508007158D22A00DF0ECDC28F5489925212556B
:10851800328B02E00E4EC2579C43439C0CA3A62C00
:1085280001E10E4EC25F9863439C0CA3A62C01E2A6
:108538000F4EC29716E5C81027C3A8294B00E30EB3
:108548004EC28F6447863819464D5902E40E4EC212
:108558004FD48E0C71328C9AB204E50F56C297161E
:10856800653A34C4C9306ACA12E60D36C28F12267B
:10857800C930B5244A02E70D46BACF90846A31194A
:10858800C21A00E80F4EC2579C4343120E831A26A4
:108598004302E90F4EC25F986343120E831A2643C3
:1085A80002EA104EC29716E5C89084C3A086C99007
:1085B80000EB104EC24FD48E0C49380C6A980C0947
:1085C80000EC0ACDC24F9A2362A741ED0ACDC257EB
:1085D800964362A741EE0ACDC28F54173B0D02EFB6
:1085E8000BCDC2479444B9D86910F01056C24F94C5
:1085F80069491C0D49E8980C0900F10B4EC28F64BB
:108608004F164D740CF20D4EC2579C4343123A2636
:108618004302F30D4EC25F986343123A264302F4B5
:108628000E4EC29716E5C890848EC99000F50D4E7F
:10863800C28F64478624744C8604F60E4EC24FD40B
:108648008E0C49E8980C0900F70ABDC657980F7AAE
:108658001801F80F46BE6F3224D99428D1960C49D8
:108668000AF90B4EC2579C23A1376509FA0B4EC273
:108678005F9843A1376509FB0B4EC29716E5A137F2
:108688006509FC0B4EC24FD41E7A539600FD0F5E4F
:10869800BA5F9843A19BB2A462322400FE0E56BA78
:1086A800475A593451DC94254D01FF0E5EBA4FD418
:1086B8001EBA294B2A26430200000004FFFF0000CF
:1086C800BF0003020304030504070E00FE0AFE0BA5
:1086D800FE01830300095E200500F2072107D1C3CC
:1086E800C72111220723DF47E2122313D5C24F29DE
:1086F800899264504A493228A5244A120024135EFC
:10870800BE5F36245122258D63222552920C6104C6
:10871800250F56C28F242592B486E964892C002639
:108728000E56C29716F56692122D894C012706A19E
:10873800DFC710280B6CBB5F548BB28E5958290CBD
:10874800ECBA47580BB34E5954032A0BBDC657A56C
:10875800B2654B53042B0ABDC657581AA4B0042C53
:108768000822BB879228002D068DD2C7202E081B11
:10877800BF4FB224002F0E6EBA6F310DD3621AA606
:10878800619A02300D56C2971625A18F4994490067
:10879800310BD5C2572625619F0601320D56C2CF2F
:1087A8009084621AA661E330330D56C2C7352CCEC9
:1087B800A928264302341056C267A825591275C93C
:1087C80092614C1300350F56C2C7214D07254C53F3
:1087D800514C8604360E56C2D714A69545138DC93A
:1087E8009000370D56C2C7354CC3344CC3340438D7
:1087F8001156C2CF90846212655A9484C6644800A8
:10880800390E56C2CF90846ECA928A5A34013A0BF6
:1088180043C34FB2E448B224003B0942BFC7102A01
:1088280089023C08CDC267D6B5033D0826CEC71DD0
:108838001D063E09CDC247DAAD23003F0D56C2CF13
:108848009084626B1D4C2300401256C2D794494352
:10885800122991122991B4C44300410D56C29716AA
:1088680025A1711844C700421256C2C7106549A80D
:1088780025439425A12D192200430D56C2CF90847B
:10888800D68E62322400440D56C2C7106549E8B737
:10889800648800450C56C2C721AD0E51DA3A0C4621
:1088A8000B56C2C721AD0E51DA15470D56C2CF90EF
:1088B80084D6D210DA9425480B56C247E8380CA261
:1088C800C700490AD5C2C72085FD34084A0C56C2DC
:1088D800DF98F692255934014B1056C247A8255106
:1088E8002513932CAA25A1184C0956C247DA5F878D
:1088F800014D0C56C247380DD1E2D163004E0E56D9
:10890800C247286E9B1249897614034F0C56C2CF72
:108918009084FE980C0900500C56C2C7A0848EC3E0
:1089280092B602511066BACF90841E87484A3465C1
:1089380048E300520E56C2C7A0848EC312D5925087
:108948000C530D56C2CF9084664731191200540A51
:1089580057C2C7218BFB1B00550A56C247E81F9315
:108968002101560C56C247E89844BD892600570C89
:10897800D5C247E6974449942E00580E56C2472858
:1089880026519BA8452DA118590CD5C247664B4ABC
:10899800491676025A0C56C2C735AC86D5301D0624
:1089A8005B0A6CBBC7A0F5DF86005C0E6EBA471A7F
:1089B800A7715A4EE3344E035D0AECBAC790F5DF4F
:1089C80006015E091EE297162561005F060EBAC70A
:1089D8000160061BE34756610D3EC2CF90846932A1
:1089E8008C623208620D56C247DAB268A271531619
:1089F80000630C3EC2CF90846A63322400640B5635
:108A0800C26FCBA28D6ECA12650E3EC2CF9084E2B1
:108A180030A861322400660C56C29F1655B3414BEC
:108A2800BB0167114EBACFA2255992455B982C61BC
:108A3800322400680B56C247DAB268A2C700690B35
:108A4800D5C2579823624F83006A0CE5BA671D1197
:108A58003B6A5AB2006B0E56C247DA9644956C8B45
:108A68006A49186C09D5C28FD89F06016D0EBDC220
:108A780087D2A2244AA2244AA2056E0A3EC247B25D
:108A880068A2C7006F0B3EC2CF90841E932101706D
:108A98000D4EBA47B268A27153963405710B4EBA9F
:108AA800CFA28D6ECA9216720A3EC247B268A2DA87
:108AB8000A730E3EC2CF9084492C27613224007479
:108AC8000C56C2575A1BB4B453A60075093EC24788
:108AD800E89BB204760CBDC247664B4A491646006D
:108AE800770DBDC2476649944449942E00780D3EDF
:108AF800C247282651A645492806790D4EBA47E8A7
:108B08004D5952311912007A0A3EC2C7B1350C8745
:108B1800017B0B6CBB9792750AB38E027C07E9BB8D
:108B2800C787007D0CECBA8798758CB22E12007E30
:108B38000B26DE4F984452122600A00500F207A12A
:108B480008D1C387320C01A2124EBE5738242525FE
:108B58004BB2244BA264C83200A30DCDC29754096E
:108B6800B3210AB3212AA40C36CA47980C51A7216D
:108B78000903A510D5C2479694922C1AA46890C2EE
:108B88001200A608D1C3C7100D01A7135EC2CF906B
:108B98008449AC45499844999C84C99000A8079495
:108BA800E6472405A9105EC2CF90848A320DD9D336
:108BB800624C8604AA0DC5CECF92258326294A3A4F
:108BC80008AB0F3EC25F12255112256112266112B1
:108BD800AC07A5C2C72036AD068CD2C710AE145E4E
:108BE800C2CF908483320DD1B04C433444633224D5
:108BF80000AF068DE6C720B009A4DE8F12498902AE
:108C0800B10BB5C257180D52180D02B20ABCD28F5B
:108C1800126551DB10B30CBCD28F12658928250A66
:108C280000B4071BE3575202B50BC5BA47E6B62C8A
:108C3800891802B615E5BACFA0244AA2244A458964
:108C48009228899228899268B70689D74700B80779
:108C58001ABB4FA200B9083BD34F227519BA0AB400
:108C6800D28F1249893A04BB103EC24712266112BC
:108C780026511225519201BC1056C24FA825519772
:108C880030AA2815690803BD1056C24FA825519768
:108C980030C9949A964403BE1156C2871655A24C01
:108CA80052C22889948AB406BF0D5EBA579A83695E
:108CB80063514C8604C00F66C2579C635A9484E281
:108CC80030888E01C10F66C25F98835A9484E2305F
:108CD800888E01C21066C29716E5901625A1380C39
:108CE800A26300C30F66C28F6487B42809C56110E8
:108CF8001D03C40F5EC24F94435A9484E230888E99
:108D080001C50F5EC29716655A9484E230888E01B9
:108D1800C60D56C2D790943A0D43D49F06C70E6627
:108D2800BACF9084D68E6232843500C80F66C25797
:108D38009C23C390560725AD0E03C90F66C25F98E2
:108D480043C390560725AD0E03CA0F66C29716E5B2
:108D5800C390560725AD0E03CB0E5EC24F940F434A
:108D68005A1D94B43A0CCC0BE5C24F9A0F52D8A7AF
:108D780041CD0BE5C25F7D90C23E0D02CE0CE5C22F
:108D88005796C48314F66910CF0BDDC24F7990C291
:108D98003E0D02D01457C2CF9095C2241CA4244C77
:108DA800C2244CB2688800D11266C28F64D73625B7
:108DB800522229911229D13601D20E66C2579C43FC
:108DC8004312FA31191200D30E66C25F9863431238
:108DD800FA31191200D40E66C29716E5C890847E3F
:108DE8004C8604D50E66C28F64478624F463322409
:108DF80000D60E5EC24F94234312FA31191200D7DF
:108E08000D3FC2479A6495B49255D200D81676BAE7
:108E18006F6548B22991122951222552A22D199223
:108E28003405D90C66C2579C23A13F264302DA0CAD
:108E380066C25F9843A13F264302DB0C66C29716C1
:108E4800E5A13F264302DC0C5EC24F9487FE980CD6
:108E58000900DD0DE5C25F3DD3925292859D00DE8B
:108E68000D56C2479A0E4AE8382C690ADF0F56C2D7
:108E78009716F5B445B5244BB26101E00F56C257B9
:108E88009C434312A6C9308AC920E10F56C2671D08
:108E98001A92304D86514C0601E21056C29716E5DB
:108EA800C8908469328C623208E30F56C28F6447D7
:108EB80086244C9361149341E40F4EC24F9423438C
:108EC80012A6C9308AC920E5115EC29716653A34E0
:108ED80024619A0CA3980C02E6103FC2CFA0442547
:108EE800294906298B2A8302E70D4EBACF90846A56
:108EF8006332843500E81056C2579C4343128AC334
:108F0800A086C99000E91056C25F986343128AC3CD
:108F1800A086C99000EA1156C29716E5C89084E267
:108F280030A861322400EB104EC24F942343128ABA
:108F3800C3A086C99000EC0BD5C24F9A23624F8319
:108F480000ED0AD5C25F1D117B1A04EE0AD5C28F47
:108F580054177B1A04EF09CDC24F5DEC6910F00D70
:108F6800DDC24FAD922683E62D5900F10B56C28F14
:108F7800644F164DF418F20D56C2579C4343127AAB
:108F88004C8604F30D56C25F986343127A4C8604EC
:108F9800F40E56C29716E5C890841E932101F50E6B
:108FA80056C28F64478624F4980C0900F60D4EC209
:108FB8004F942343127A4C8604F70A2EC2978E0CDC
:108FC8003B2201F8135EBA6F180D4994488912299B
:108FD800D1960C499A02F90B56C2579C23A16FCA25
:108FE80012FA0B56C25F9843A16FCA12FB0B56C206
:108FF8009716E5A16FCA12FC0B4EC24F9487BE2983
:109008004B00FD1266BA5F9843A19864499425D92C
:1090180018D53400FE0E66BA47DAB268A2715396C4
:109028003405FF115EBA4F948762922551966463A6
:1090380054D30000000004FFFF000000BF0003023B
:109048000304030505080D00FE09FE09000172026C
:10905800EC092B2005006E0C2107C9438C43122212
:10906800071C5B8CC814230EBE469CA86558A264D6
:1090780058A21600240FCD42AC6C50A224DB9228D3
:1090880019B4082510CE429C4C8992284CC352250D
:10909800D11200260DBE421C2D6AD3A2448B960025
:1090A8002706995B8C01280BCB43AC244AA25A941F
:1090B80005290C4B438C2CCAA24A9444002A0CAEB6
:1090C800529C289386498B12002B0AAD4AAC301A61
:1090D800A430022C089C3E9C45C9002D068D528C5C
:1090E800412E081B3F9C6449002F094F42EC6A9FA0
:1090F8006300300DCE422C2D4A428F4994490031ED
:109108000BCD42AC4C4AC29E0601320ECE429C2187
:1091180009C534CCB4301D06330DCE428C6B589C37
:1091280053311912003410CE42CC504BA24A9664E7
:10913800C930A60900350ECE428C435A59B43415AD
:10914800932101360ECE42AC294C2B8B268AC9902E
:1091580000370CCE428C6B580DD3300D01380FCE32
:10916800429C21098DC99084C6644800390DCE42BD
:109178009C21096DCA9216A3093A0B433F9C64C906
:10918800916449003B0BC43EAC68CAB145C9003C78
:10919800084D43CCAC6B073D08A64A8C3B3A0C3EC5
:1091A80009CD428CB45B47003F0DCE429C2109C5D6
:1091B80034ACE660044010CE429C21094D4312298C
:1091C800C994C84302410DCE422C2D4A42E330884F
:1091D800C6004212CE428C21CA92504B86284B427E
:1091E8002D192200430CCE429C2109D51E93210142
:1091F800440DCE428C21CA92D0B7648800450CCE6B
:10920800428C435A1DA2B43A0C460BCE428C435AA8
:109218001DA2B415470DCE429C2109D5A621D49490
:1092280025480BCE428CD0711844C700490ACD425C
:109238008C410AFB34084A0BCF42AC418C7BCAB242
:109248000D4B10CE428C504BA24A262659544BC285
:10925800004C09CE428CB45F87014D0E4F428C54AE
:10926800DD968A1449916A0D4E0DCE428C50DC94DD
:10927800484AB4D1184F0CCE429C2109FD980C09DC
:1092880000500CCE428C41098DC392B602510ED6C5
:109298003E9C21097D89A42419E200520ECE428CFD
:1092A80041098DC3528B6A4918530FCE429C21093C
:1092B800D578885331191200540A4F428C4316F757
:1092C8001B00550ACE428CD01F93210156114F42E4
:1092D8008C544DB2288BB24A9884499A01570E4F44
:1092E800428CD453244552A4744B00580E4F428CE0
:1092F800544DB24A5AC92AA91A590C4F428C544D96
:10930800B24A1A77035A0ACE428C6BD86B3A0C5B76
:10931800094C438C41EBDB105C094F428C38EF73EE
:10932800005D09CC428C21EBDB205E089D5AAC2CF9
:10933800A9055F070F3E8C4300600692638C286185
:109348000CB6429C214E8651539600620DCE428C3B
:10935800B465D14471531600630CB6429C2109D5FB
:1093680062322400640BCE42DC96451B6DCA12653E
:109378000DB6429C210987410D932101660DCE420D
:10938800AC294BD27090D24600670FC63A9C454B29
:10939800B2688A87244C8604680BCE428CB465D1A7
:1093A80044C700690AC542AC1C113B0D026A0CD5C2
:1093B8003ACC1C111B352D59006B0ECE428CB42DA6
:1093C80089A22DAA2561006C09CD421CB19F060116
:1093D8006D0E37428C4589222992222952036E0A42
:1093E800B6428C64D144C7006F0BB6429C21091D5C
:1093F800932101700DC63A8C64D1C44D59D22A000C
:10940800710BC63A9C451B3565491B720AB6428CDE
:1094180064CA92B411730DB6429C21091359099379
:109428002101740CC6429C341CA4B42D5A00750E3C
:10943800B6428C2CC9922CC9922C5A02760BB54292
:109448008CCC9694922C02770C37428CD414499188
:10945800D22D01780CB6428C308932518B923079FA
:109468000DC63A8CD04D5952311912007A08B642BD
:109478008C63C7617B0C4D43AC254C23350BD30162
:109488007C06C9438C077D0CCD428C35CC52290D06
:1094980093097E099D5A9C4849A404A005006E0CB6
:1094A800A108C9438C641802A20EC546AC6CA92851
:1094B800511225952D02A30D4F42BCAD94AE7155A6
:1094C8005B1600A40CB6468C3019A24E431206A5B2
:1094D800104F428C544DB24A3688E120C61900A676
:1094E80008C9438C211902A70E54431C251295481C
:1094F8004A44295100A80714638C480AA9114F4609
:10950800ACAD12454A45C9948A54C9B209AA0CBDE2
:109518004A9C3519B464480701AB0C3F46BCA81FE8
:10952800A3300AA300AC07A6468C6B03AD060C5308
:109538008C21AE104F46ACAD12454A45A998946EA1
:10954800D904AF068E628C03B00924571C259212E9
:1095580005B10BBD46AC301AA4301F04B20BB4528F
:109568001C25CA12251B02B30AB4521C252A4A8993
:1095780002B40692631C05B50ABE3E8CD0715AAC83
:1095880000B613CE429C615092255922254BB22435
:109598004BB22401B7068A530C01B806923B9C01D2
:1095A800B908B3529C446A19BA0AB44E1C259212DF
:1095B8007508BB0C3F468C288CC2288CFA0DBC0F52
:1095C80057429C546E1C2231C9A24C4905BD0E5706
:1095D800429C546E5286280EC57808BE1157421C0C
:1095E800314AF32CAA4862924599920ABF0DCE429D
:1095F800AC1C4CC36A28264302C00FD642AC38C7FD
:10960800B42809C56110C500C10FD642BC3007B5E2
:109618002809C56110C500C20FD6422C2DCA212DBC
:109628004A4271184431C30FD6421CC90E695112FF
:109638008AC3208A01C40FD6429CA81DD2A2241432
:1096480087411403C50FD6422C2DCA442D4A4271B6
:10965800184431C6134F421C6588B2288BB268196A
:10966800B2288BB26808C70DDE3A9C2109D51E9333
:1096780021AC01C80FD642AC384786214D87284D0A
:109688008701C90FD642BC308786214D87284D8770
:1096980001CA0FD6422C2DCA87214D87284D870134
:1096A800CB0ED6429CA87D18D27488D27418CC0BE5
:1096B800D5429C341FA4B0D320CD0BD542BCFA2090
:1096C800859D0601CE0BD5422CA93A4861A741CF0A
:1096D8000CD5428C4C4B0729EC3408D0134F429CD4
:1096E800212B8549386449988449160D1100D111F8
:1096F80057421C298974281D954C8AB4445C03D2AE
:109708000E5742AC3C070725F59A0C0A00D30E57B2
:1097180042CC34070725F59A0C0A00D40E57423C70
:1097280031CAA14149BD268302D50F57421C298958
:10973800746C5052AFC9A000D60F57429C2CCA7205
:10974800685052AFC9A000D70CB6468C3089325148
:109758008B9230D814DE3EDC6448B229911225522F
:109768002225DA92214901D90CD6429C3887421F1A
:10977800932101DA0CD642BC3087421F932101DBCA
:109788000CD6422C2DCA431F932101DC0CD6429CD7
:10979800A83DF431191200DD0BD542BC7AA625B5D7
:1097A800B009DE0DCE428C745042E3B0A45500DF00
:1097B80010CE429C294BB224AA6491125A1600E09A
:1097C8000ECE42AC3887863819464D5902E10DCE87
:1097D80042CC3A34C4C9306ACA12E20FCE422C2DA8
:1097E800CA91214E8651539600E30ECE421CC98E73
:1097F8000C71328C9AB204E40ECE429CA81D19E278
:109808006418356509E50FD6422C2DCA746888930B
:1098180061D49425E60E37421C63940C4A9445158E
:109828000B00E70DC63A9C2109D56232843500E861
:109838000FCE42AC388786241C06354C8604E90FC7
:10984800CE42BC30C786241C06354C8604EA10CEAE
:10985800422C2DCA91210987410D932101EB10CE8D
:10986800429CA81D19927018D430191200EC0BCD27
:10987800429C3447C44E8300ED0BCD42AC2C87C4C8
:109888004E8300EE0ACD421CA92E761A04EF0BCDAA
:10989800428C288972B1D320F010D6429C28D392EA
:1098A800381A92D031191200F10BCE421CC99E2CE5
:1098B8009AE818F20DCE429C38C78624744C860468
:1098C800F30DCE42BC30C78624744C8604F40ECE09
:1098D800422C2DCA9121091D932101F50ECE421C5F
:1098E800C98E0C49E8980C0900F60ECE429CA81DBA
:1098F8001992D031191200F70ABD46AC301FF43066
:1099080002F80FC63EDC6448B22951A22D19921400
:10991800F910CE429C3887B2244BB2244BB2680966
:10992800FA10CE42BC3087B2244BB2244BB268093D
:10993800FB10CE422C2DCAB3244BB2244BB268097B
:10994800FC11CE429C5A922359922559922559B41A
:1099580004FD0FDE3ABC308742376549C5644800CC
:10996800FE0ED63A8CB4B268A2B8294B9A02FF0E02
:10997800DE3A9CA83D745396544C860400000004BB
:10998800FFFF0000BF0003020404040505090F00DF
:10999800FD0AFD0BFF0193032A0A11200500C833B5
:1099A8002108B10C330E91002208347B3322530076
:1099B800230E861973A29661895A86256A01241492
:1099C800B7F9F2C2418922294CD2350923A9328834
:1099D80019002511A7097342254A4AAD711AB59491
:1099E8001231012612A70973C4288BB228543529CD
:1099F800A94595480B2706317C3306280CC3FBB2D2
:109A08009228897A8BB200290CC3FB32B2288B7A50
:109A18008992082A0D7739F34A95B62D69AA650007
:109A28002B0B7719F3E2DA3064710D2C0952DC3212
:109A3800862451002D071749330E012E07220C33B7
:109A480086002F0CA709B3D3382DA7E53406300DAF
:109A5800A709B3B64AEA6B92651300310DA709F35B
:109A68005231C9A2B8B76108320CA7097306255547
:109A7800FB791802330EA709330E715ADDE3584DEE
:109A880006053411A709735331C9A25A1226C39087
:109A9800C61500350FA709330E726548C4B8AC2641
:109AA80083023610A709B386288D2B4322AAD664D1
:109AB8005000370EA709330E711AA7711AA771083B
:109AC8003811A709B3B64A9A64D95649D524CB2682
:109AD80000390FA70973062575548624AE4643043A
:109AE8003A08720C338678083B0AA2DC328678483A
:109AF80012053C09A50A33B38E69073D0A47293385
:109B08000E393E0C013E0AA50A33D28E5947003F52
:109B18000EA70973062555E3B4398733004011A70A
:109B280009730625350D4AA6449322E78302410DA1
:109B3800A709F3D224ABA4D6E16A0D4212A70933D0
:109B480006294C523119A430498DC92001430DA76B
:109B58000973062595FB9A0C0A00440DA7093306DC
:109B6800294C523F268304450DA709330E7279907C
:109B7800E2E66108460CA709330E727990E2CE003E
:109B8800470FA70973062595DB86D49A0C0A004867
:109B98000AA7093352D7E1EA35490AA50A33062943
:109BA800ECA7414A0DA809F30635EF53980D1900A3
:109BB8004B11A709335231C9A2DA988451560A9336
:109BC800344C0AA70933E2FE3C0C014D10A70933B7
:109BD80052755B2A4A458AA448B5064E0FA7093331
:109BE8005275543229D21271B5064F0CA709730663
:109BF80025F5D7645000500DA709332EA975189282
:109C0800B83300510EC7E9720625F54B26550635BF
:109C1800175210A709332EA9751892282B8549AA1F
:109C280006530EA709730625B5EF563519140054C7
:109C38000AA709330E59DCDF00550BA7093352FF79
:109C48009A0C0A005611A70933526B92455994553C
:109C5800C2244CD20C5710A70933524F9114499182
:109C68001429DD12005810A709335235C92A699CF6
:109C78002659255503590DA709335235C92A69DCD8
:109C88001B005A0CA709330E71DAE77818025B0A31
:109C9800C4FB3206AD7F1B025C0BA70933F2382FD9
:109CA800E7E53C5D0AC4FA3286AC7F1B045E0A47CE
:109CB80069F3D224ABA4015F0718F8320E026007DB
:109CC800338B33B202610E770973063D4E86211538
:109CD800952109620FA70933E296211155EBA80CCB
:109CE8000900630C7709730625955B934101640DA0
:109CF800A709B35B86445C1D952109650D77097337
:109D080006255587733E2800660EA709F3B6521636
:109D1800C5E120C68D006713A7D97286444CC224BA
:109D28008C86281F94544D0605680CA70933E296C3
:109D3800211155AF01690AA50A737474EC69106A98
:109D48000DD6D93275CADA55342643026B0FA709E6
:109D580033E2564D493435D132250D6C09A50A3305
:109D6800C6FE34086D1077093316258AA4488AA4DC
:109D7800488AD4006E0B77093392211155AF016FD1
:109D88000C7709730625F59A0C0A00700FA7D932CB
:109D980092211155EBA80C495C06710DA7D9728662
:109DA800445C1D9521891B720C770933A2494BC26B
:109DB800246E05730D7709730625D5075D4D0605D5
:109DC800740C9709B3E270D8E26ED902751077095E
:109DD80033C2244CC2244CC2248C8624760E7709C4
:109DE800335235C9A2AC12266906770E7709335269
:109DF80053244552A4744B00780D770933D224AB11
:109E0800A495AC9206790DA6D93242DF9425159314
:109E180021017A0A7709330E69AFC3107B0DC5FBA0
:109E2800B296B01A696A1656077C06C1FC323E7DA6
:109E38000EC5F932D6B0966A521A5626007E0A37EF
:109E480079733429D21400A00500C833A108B10CD5
:109E580033A46108A211860933A3218912A9922586
:109E68005132442100A311A709F3B6521C0E629C7B
:109E78008A4996240B00A40E673933D26490B2281D
:109E88008B06250DA510A709335235C92AD9208676
:109E98008318D700A608B1FC32066510A70EB4FADD
:109EA800729448542253224A8902A807259A3332C9
:109EB8002DA9159818B3862C4C224B9428A112254D
:109EC800929484D91001AA0C753973A4D21245430F
:109ED8003A08AB0D8719F3A27E8BC2288CC228AC36
:109EE80007462933AE0DAD07154A330601AE15985E
:109EF80018B3862C4C9249891265524A4A9414B375
:109F08002102AF061699330EB00A446B7394484A7F
:109F18001400B10E9719F3E2DA3064711D1B860044
:109F2800B20B64497394284B946C08B30B6449735F
:109F380094A828250A00B408338BB3921200B50CF4
:109F480097E93252AFDBB2C83100B616A70973865B
:109F5800214BB4444B922109933009933009930063
:109F6800B707224C338600B80834DAB2A64401B9E0
:109F78000863497312A965BA0A654973964C4BE69A
:109F880041BB0E871933A2300AA330CAA27E03BC94
:109F98000FA7097352B97188C4248B322515BD0ED9
:109FA800A7097352B94919A23814E321BE11A709A8
:109FB80073C428CDB3A822894916654A2ABF0DA7BC
:109FC80009F372B8DA9CAAC9A000C00EC70973F2D7
:109FD8003ABA555275B85A03C10DC70973DBD1ADEA
:109FE80092AAC3D51AC20FC709F3D224AB635B2563
:109FF8005587AB35C30FB709733469C7B64AAA0E7C
:10A00800576B00C40FB70973B228CBB1AD92AAC37E
:10A01800D51AC50FB709B3B6DA986495541DAED6EC
:10A0280000C615A709739421CAA22CCAA26C58A20B
:10A038002CCAA22C1A02C710D7D972062595FB9AEA
:10A048000CA216851A00C811C70973F23A360C49D2
:10A058001C0F595C1D8600C910C70973DBB1614824
:10A06800E278C8E2EA3004CA12C709F3D224AB2363
:10A07800C390C4F190C5D56108CB12B70973B22853
:10A08800CB916148E278C8E2EA3004CC0CC50A33C7
:10A09800D2FA20853D0D02CD0CC50A33B3FA2085CE
:10A0A8003D0D02CE0DC50AB3B2A4960E52D8D320E8
:10A0B800CF0CB50A33322D1DA4B0A741D015A8087E
:10A0C80073062D8CD2241DC2244DD2244DC2689013
:10A0D80000D112B70973346947D251C9A4488AB468
:10A0E800445C03D20EC70973F23A3828A9AFC9A055
:10A0F80000D30DC70973DBC141497D4D0605D41056
:10A10800C709F3D224AB438392FA9A0C0A00D50FFD
:10A11800B709733469870625F535191400D60FB7C2
:10A128000973B228CBA141497D4D0605D70D771992
:10A1380033D224ABA495AC9206D816C7F9B2934192
:10A1480009B7444BA4488A944CC9C664506200D9E4
:10A158000DC70973F23A96FA35191400DA0CC709D3
:10A1680073DBB1D4AFC9A000DB0EC709F3D224ABAF
:10A1780023A95F934101DC0EB70973B228CB91D4B0
:10A18800AFC9A000DD0EC70973DBB1544DB24A1A3E
:10A19800B701DE0EA70933E2785852EB3024711963
:10A1A800DF14A609B3A62CC9922851B2A89664490F
:10A1B80096240A00E011B709B3F23A36E871320C76
:10A1C800A9A80C4900E110B70973DBC1418F93615D
:10A1D8004845654802E212B709F3D224AB43831E0F
:10A1E80027C3908ACA9004E312A709B3A424D2A172
:10A1F800418F93614845654802E412A70973B22864
:10A20800CBA1418F93614845654802E512B709F330
:10A21800C428D4B1418F93614845654802E60F7759
:10A2280009732C512D4A0625CAA28A32E70FA7D9ED
:10A23800720625955B9341D4A25003E80FB70973C2
:10A24800F23A3828A93A9CF34101E90FB70973DBC0
:10A25800C14149D5E19C0F0A00EA11B709F3D2249C
:10A26800AB438392AAC3391F1400EB11A70973B239
:10A2780028CBA14149D5E19C0F0A00EC0AB50A3365
:10A28800D2FAD8D320ED0AB50AF3DA91B1A741EE94
:10A298000DB609B3C224CA7264ED6D10EF0CA50A9D
:10A2A80033A2248AC79E0601F010B70973A2504C46
:10A2B800F26C5052AFC9A000F10EA7097334694778
:10A2C80092211155AF01F20EB70973F23A3828A955
:10A2D800D7645000F30DB70973DBC14149BD26832C
:10A2E80002F40FB709F3D224AB4383927A4D0605E3
:10A2F800F50FA709733469870625F59A0C0A00F645
:10A308000FA70973B228CBA14149BD268302F70ED6
:10A318009709F3D235C78621C7D23503F81397F9C1
:10A32800B29341C9122D91222553B264506200F9AB
:10A3380013B70973F23A16266112266112266134A0
:10A348002401FA12B70973DBB1300993300993304D
:10A3580009A32109FB14B709F3D224AB2361122600
:10A368006112266112464312FC14A70973A22CCA73
:10A37800A13009933009933009A32109FD0FE6D9CB
:10A3880032DBA1D0376549C5644800FE10C7D93211
:10A39800E296211155755486242E03FF0FD6D972E3
:10A3A800A2F6D0376549C564480000000004FFFFE5
:10A3B80000000000BF0003020404040505091100A1
:10A3C800FD0AFD0BFF019A033F0A45200500E8330B
:10A3D8002108B10C330E91002208447B3322A700D8
:10A3E8002315A808B38A511845C32015A36818A4D3
:10A3F80062144611002414B7F9F2C2418922294C8B
:10A40800D2350923A9328819002511A709734225D5
:10A418004A4AAD711AB5941231012612A70973C4BC
:10A42800288BB228543529A94595480B2707417C24
:10A43800338600280CC3FBB29228897A8BB2002994
:10A448000CC3FB32B2288B7A8992082A0D7739F32C
:10A458004A95B62D69AA65002B0B7719F3E2DA3015
:10A4680064710D2C0842EC328644012D07174933DC
:10A478000E012E07220C3386002F0CA709B3D33800
:10A488002DA7E53406300DA709B3B64AEA6B9265E5
:10A498001300310DA709F35231C9A2B8B7610832C8
:10A4A8000DA709B3B64A1AA7BD0E4300330EA70974
:10A4B800330E715AD5CB623444003411A709735353
:10A4C80031C9A25A1226C390C61500350EA7093302
:10A4D8000E7279D0CB623444003611A709B38628AE
:10A4E8008D2B9396A46A92651300370DA709330E36
:10A4F800711AA7711AB7013811A709B3B64A9A6435
:10A50800D95649D524CB26003910A709B3B64AAA8B
:10A518002699B4C4D56888003A08720C338678083E
:10A528003B0A92EC3286784814003C08950A33B30B
:10A53800AE1D3D0A4729330E393E0C013E09950AE6
:10A5480033D26E1D013F0DA709B3B64A1AA7CD39FC
:10A558009C014013A709B3B64AA42815A5A2549490
:10A568008A34E543024111A709F3D2244CC2242BB3
:10A578000D5296A4D6004212A7093306294C52312F
:10A5880019A430498DC92001430DA709B386289421
:10A598007B0FA32101440DA7093306294C523F26FE
:10A5A8008304450DA709330E727990E2E6610846E7
:10A5B8000CA709330E727990E2CE00470FA709B3B2
:10A5C800B64A2AD786544DB26C02480AA7093352B4
:10A5D800D7E1EA35490AA50A330629ECA7414A0D0D
:10A5E800A709B30631EE298BB26C034B11A70933C7
:10A5F8005231C9A25A122A59294C52354C0AA70974
:10A6080033E2FE3C0C014D0DA7093352755B2A520B
:10A61800A47A0D4E0FA709335275543229D21271FC
:10A62800B5064F0CA709730625F5D7645000500FDF
:10A63800A7093306294C526332487133005116B8C2
:10A64800F9B2C62C4A933449933449932C89B27091
:10A65800C991005211A7093306294C52633248B5F3
:10A668005298A4015310A70973062595F3418F63E7
:10A6780035191400540AA709330E59DCDF00550BAD
:10A68800A70933527F4DB26C025611A70933526B9A
:10A698009245599455C2244CD20C5710A7093352ED
:10A6A8004F911449911429DD12005810A70933520B
:10A6B80035C92A699C2659255503590DA7093352CE
:10A6C80035C92A69DC1B005A0CA709330E71DAE771
:10A6D8007818025B0AC4FB3206AD7F1B025C0BA72D
:10A6E8000933F2382FE7E53C5D0AC4FA3286AC7FBD
:10A6F8001B045E0A4769F3D224ABA4015F0718F86C
:10A70800320E02600733AB33B202610E770973066B
:10A718003D4E862115952109620FA70933E296213E
:10A728001155EBA80C0900630C7709730625955B96
:10A73800934101640DA709B35B86445C1D9521090B
:10A74800650E77097306255587739A0C0A00660EFD
:10A75800A709F3B65216C5E120C68D006713A7D91D
:10A768007286444CC2248C86281F94544D06056872
:10A778000CA70933E296211155AF01690AA50A739E
:10A788007474EC69106A0CD5DAF27474EC51D392D3
:10A79800056B0FA70933E2C6248B6A892615933403
:10A7A8006C09A50A33C6FE34086D107709331625DF
:10A7B8008AA4488AA4488AD4006E0B770933922168
:10A7C8001155AF016F0C7709730625F59A0C0A002D
:10A7D800700FA7D93292494B52EB9624535C0671FD
:10A7E8000DA7D9B296DA6A4D3269891B720C7709BE
:10A7F80033A2494BC2246E05730D7709730625D51C
:10A80800075D4D0605740C9709B3E270D8E26ED95E
:10A8180002750A770933521F952109760E77093395
:10A828005235C9A2AC12266906770E7709335253FE
:10A83800244552A4744B00780D770933D224ABA475
:10A8480095AC92067911A7D972C2248C6A511685E3
:10A85800AA9A45A1087A0A7709330E69AFC3107B13
:10A868000BB60AF3A6B44D4E9B077C06C1FC323EDC
:10A878007D0CB60933E6B4594B9B36007E0A37790E
:10A88800733429D21400A00500E833A108B10C33B1
:10A89800A46108A211860933A3218912A99225511E
:10A8A80032442100A311A709F3B6521C0E629C8AF8
:10A8B8004996240B00A40E673933D26490B2288BD2
:10A8C80006250DA510A709335235C92AD920868334
:10A8D80018D700A608B1FC32066510A70EB4FA72A4
:10A8E8009448542253224A8902A80723BB331225CD
:10A8F800A9159818B3862C4C224B9428A11225929E
:10A908009484D91001AA0C753973A4D21245433A1C
:10A9180008AB0D8719F3A27E8BC2288CC228AC071E
:10A92800462933AE0DAD07154A330601AE16981801
:10A93800B3862C4C92498912654894921225C56CAD
:10A948008800AF061699330EB00A446B7394484AD0
:10A958001400B10E9719F3E2DA3064711D1B8600FA
:10A96800B20B64497394284B946C08B30B64497315
:10A9780094A828250A00B40833ABB3921200B50C8A
:10A9880097E93252AFDBB2C83100B616A709738611
:10A99800214BB4444B922109933009933009930019
:10A9A800B707224C338600B80934DAB2922851002E
:10A9B800B90863497312A965BA0A654973964C4B7D
:10A9C800E641BB0E871933A2300AA330CAA27E0320
:10A9D800BC0FA7097352B97188C4248B322515BDE1
:10A9E8000EA7097352B94919A23814E321BE11A759
:10A9F8000973C428CDB3A822894916654A2ABF0D10
:10AA0800A709F372B8DA9CAAC9A000C012E709B373
:10AA1800F23A5A099330C94A839425A935C113E7F4
:10AA28000933D33A9E26611226596990B224B50695
:10AA3800C215E709F3D224AB836912266192950601
:10AA4800294B526B00C314D709B39428D1D14A9823
:10AA58008449561AA42C49AD01C414D709B39230BD
:10AA6800C9D14A988449561AA42C49AD01C515E79D
:10AA780009F3D2244CD2384DC2244CB2D2206549B5
:10AA88006A0DC614A709F38628099330C9A265C8B8
:10AA9800A25A9445D900C710D7D9B28628947B0FFB
:10AAA800A3210DA35002C810E709B3F23A340C727F
:10AAB8007990E2E66108C910E70933D33A380C7295
:10AAC8007990E2E66108CA12E709F3D224AB23C3FE
:10AAD800209707296E1E8600CB12D709B39230C97A
:10AAE800A16190CB8314370F4300CC0CE50A73D2D5
:10AAF800F22085FD3408CD0CE50AF3DA91410AFB12
:10AB08006910CE0EE50AB3B2A4960E52D84F830050
:10AB1800CF0DD50A734A493C48613F0D02D014A7AE
:10AB2800097386AC1426E1202561122661924543FB
:10AB380004D113D709B39428D1A1541D954C8AB4D4
:10AB4800445CAD01D20EE709B3F23A3628A9BF2614
:10AB58008302D30EE70933D33A3A28A9BF268302E2
:10AB6800D410E709F3D224AB438392FA6B3228005E
:10AB7800D510D709B39428D1B14149FD351914002E
:10AB8800D610D709B39230C9B14149FD351914001F
:10AB9800D70D771933D224ABA495AC9206D816C733
:10ABA800F9B2934109B7444BA4488A944CC9C66486
:10ABB800506200D90EE709B3F23A94FA6B92651322
:10ABC80000DA0EE70933D33A98FA6B92651300DB83
:10ABD8000FE709F3D224AB23A9BF26593601DC0FAE
:10ABE800D709B39230C9A1D45F932C9B00DD0FE73E
:10ABF8000933D33A98AA495649E3DE00DE0EA7097D
:10AC080033E2785852EB30247119DF14A609B3A641
:10AC18002CC9922851B2A896644996240A00E011DA
:10AC2800B709B3F23A36E871320CA9A80C4900E129
:10AC380011B70933D33A3AE871320CA9A80C490084
:10AC4800E212B709F3D224AB43831E27C3908ACA02
:10AC58009004E312A709B39428D1B1418F936148B6
:10AC680045654802E412A709B39230C9B1418F93F0
:10AC7800614845654802E513C709F3D2244CD21C44
:10AC88001CF438198654548624E60F7709738C51BE
:10AC98001625C3106551C502E70FA7D97206259579
:10ACA8005B93412C851A00E810B709B3F23A3628AD
:10ACB800A93A9CD3645000E910B70933D33A3A282B
:10ACC800A93A9CD3645000EA11B709F3D224AB43E4
:10ACD8008392AAC3394D0605EB11A709B39230C96F
:10ACE800B14149D5E19C268302EC0BC50A33D23A1F
:10ACF8003AF63408ED0AC50AF3DAE1B1A741EE0DD8
:10AD0800C50AB3B2A49663634F8300EF0CB50A7308
:10AD18004A490E8E3D0D02F012B70973A2504CF24B
:10AD28007088B224B526593601F10FA709B39428C3
:10AD3800D1A1644844D56B00F20EB709B3F23A3694
:10AD480028A9D7645000F30EB70933D33A3A28A993
:10AD5800D7645000F40FB709F3D224AB4383927A37
:10AD68004D0605F50FA709B39428D1B14149BD2671
:10AD78008302F60FA709B39230C9B14149BD2683B2
:10AD880002F70E9709F3D235C78621C7D23503F8E3
:10AD98001397F9B29341C9122D91222553B26450E9
:10ADA8006200F90DB70973F23A96FAA80C4900FA4D
:10ADB8000DB70933D33A98FAA80C4900FB0EB70926
:10ADC800F3D224AB23A98FCA9004FC0EA709B3922F
:10ADD80030C9A1D447654802FD12E7D972DBC14AE0
:10ADE80018D5A22C0A55358B4211FE10B7E932E26C
:10ADF800CAA425A9754B92298E01FF14D7D9B26A26
:10AE0800510E854918D5A22C0A55358B42110000E0
:10AE18000004FFFF000000001815A01616161119EF
:10AE2800FF0000001815A01604161119FF000000F5
:10AE3800FE0118FE0115FD161215AE15B316911573
:10AE4800CA163F15A2160015A1160015AB16011556
:10AE5800A01616161115C7160F15C1169F15B1168F
:10AE6800F215BB161F15B416A016FD15BE1604154F
:10AE7800B915A615A9FE0119FF0000001815AF198C
:10AE8800FF0000001815AE19FF0000000001140AA9
:10AE9800646432328096980000040A9610081C1CDC
:10AEA8008000400000010000448A002012000000D9
:10AEB80000060000F02200600A0000000002000006
:10AEC8008C22006062000000000700002822006059
:10AED80062000000EE030000908C002012000000C9
:10AEE800000004EE688C0020280000000003000029
:10AEF8002422006000000000010309040C22006005
:10AF08000000000002030904F421006000000000B2
:10AF180003030904BC8C00200000000000000000AE
:10AF28000000000000000000303030303030303099
:10AF38003030303030303030303030303030303009
:10AF48003030303030303030000000000000000079
:10AF5800E8800020E8800020F0800020F0800020B9
:10AF6800F8800020F8800020008100200081002067
:10AF78000881002008810020108100201081002015
:10AF880018810020188100202081002020810020C5
:10AF98002881002028810020308100203081002075
:10AFA8003881002038810020408100204081002025
:10AFB80048810020488100205081002050810020D5
:10AFC8005881002058810020608100206081002085
:10AFD8006881002068810020708100207081002035
:10AFE80078810020788100208081002080810020E5
:10AFF8008881002088810020908100209081002095
:10B008009881002098810020A0810020A081002044
:10B01800A8810020A8810020B0810020B0810020F4
:10B02800B8810020B8810020C0810020C0810020A4
:10B03800C8810020C8810020D0810020D081002054
:10B04800D8810020D8810020E0810020E081002004
:10B05800E8810020E8810020F0810020F0810020B4
:10B06800F8810020F8810020008200200082002062
:10B078000882002008820020108200201082002010
:10B0880018820020188200202082002020820020C0
:10B098002882002028820020308200203082002070
:10B0A8003882002038820020408200204082002020
:10B0B80048820020488200205082002050820020D0
:10B0C8005882002058820020608200206082002080
:10B0D8006882002068820020708200207082002030
:10B0E80078820020788200208082002080820020E0
:10B0F8008882002088820020908200209082002090
:10B108009882002098820020A0820020A08200203F
:10B11800A8820020A8820020B0820020B0820020EF
:10B12800B8820020B8820020C0820020C08200209F
:10B13800C8820020C8820020D0820020D08200204F
:10B14800D8820020D8820020E0820020E0820020FF
:10B15800E8820020E8820020F0820020F0820020AF
:10B16800F8820020F882002000830020008300205D
:10B17800088300200883002010830020108300200B
:10B1880018830020188300202083002020830020BB
:10B19800288300202883002030830020308300206B
:10B1A800388300203883002040830020408300201B
:10B1B80048830020488300205083002050830020CB
:10B1C800588300205883002060830020608300207B
:10B1D800688300206883002070830020708300202B
:10B1E80078830020788300208083002080830020DB
:10B1F800888300208883002090830020908300208B
:10B208009883002098830020A0830020A08300203A
:10B21800A8830020A8830020B0830020B0830020EA
:10B22800B8830020B8830020C0830020C08300209A
:10B23800C8830020C8830020D0830020D08300204A
:10B24800D8830020D8830020E0830020E0830020FA
:10B25800E8830020E8830020F0830020F0830020AA
:10B26800F8830020F8830020008400200084002058
:10B278000884002008840020108400201084002006
:10B2880018840020188400202084002020840020B6
:10B298002884002028840020308400203084002066
:10B2A8003884002038840020408400204084002016
:10B2B80048840020488400205084002050840020C6
:10B2C8005884002058840020608400206084002076
:10B2D8006884002068840020708400207084002026
:10B2E80078840020788400208084002080840020D6
:10B2F8008884002088840020908400209084002086
:10B308009884002098840020A0840020A084002035
:10B31800A8840020A8840020B0840020B0840020E5
:10B32800B8840020B8840020C0840020C084002095
:10B33800C8840020C8840020D0840020D084002045
:10B34800D8840020D8840020E0840020E0840020F5
:10B358000000000088980020F098002058990020EC
:10B3680000000000000000000000000000000000D5
:10B3780000000000000000000000000000000000C5
:10B3880000000000000000000000000000000000B5
:10B3980000000000000000000000000000000000A5
:10B3A8000000000000000000000000000000000095
:10B3B8000000000000000000000000000000000085
:10B3C8000000000000000000000000000000000075
:10B3D8000000000000000000000000000000000065
:10B3E8000000000000000000010000000000000054
:10B3F8000E33CDAB34126DE6ECDE05000B00000019
:10B408000000000000000000000000000000000034
:10B418000000000000000000000000000000000024
:10B428000000000000000000000000000000000014
:10B438000000000000000000000000000000000004
:10B4480000000000000000000000000000000000F4
:10B4580000000000000000000000000000000000E4
:10B4680000000000000000000000000000000000D4
:10B4780000000000000000000000000000000000C4
:10B4880000000000000000000000000000000000B4
:10B4980000000000000000000000000000000000A4
:10B4A8000000000000000000000000000000000094
:10B4B8000000000000000000000000000000000084
:10B4C8000000000000000000000000000000000074
:10B4D8000000000000000000000000000000000064
:10B4E8000000000000000000000000000000000054
:10B4F8000000000000000000000000000000000044
:10B508000000000000000000000000000000000033
:10B518000000000000000000000000000000000023
:10B528000000000000000000000000000000000013
:10B538000000000000000000000000000000000003
:10B5480000000000000000000000000000000000F3
:10B55800BC0200002C01000053796E746820506111
:10B568006C2076332E300000000000000029DE0732
:10B57800007B9A1700003A40842100600000000018
:10B5880000000000000000000000000000000000B3
:10B5980000000000000000000000000000000000A3
:10B5A8000000000000000000000000000000000093
:10B5B8000000000000000000000000000000000083
:10B5C8000000000000C039401421006000000000A5
:10B5D8000000000000000000000000000000000063
:10B5E8000000000000000000000000000000000053
:10B5F8000000000000000000000000000000000043
:10B608000000000000000000000000000000000032
:10B6180000000000B80C002000000000E803000053
:10B628000000000070130020FFFFFFFF4898002073
:10B6380080302020000000004300000000000000CF
:10B6480000000000000000000000000000000000F2
:10B65800000000000000000043000000000000009F
:10B6680000000000000000000000000000000000D2
:10B67800000000000000000043000000000000007F
:10B6880000000000000000000000000000000000B2
:10B69800000000000000000043000000000000005F
:10B6A8000000000000000000000000000000000092
:10B6B800000000000000000043000000000000003F
:10B6C8000000000000000000000000000000000072
:10B6D800000000000000000043000000000000001F
:10B6E8000000000000000000000000000000000052
:10B6F80000000000000000004300000000000000FF
:10B708000000000000000000000000000000000031
:10B7180000000000000000004300000000000000DE
:10B728000000000000000000000000000000000011
:10B738000000000000000000000000000000000001
:10B7480000000000000000000000000000000000F1
:10B7580000000000000000000000000000000000E1
:10B7680000000000000000000000000000000000D1
:10B7780000000000000000000000000000000000C1
:10B7880000000000000000000000000000000000B1
:10B7980000000000000000000000000000000000A1
:10B7A8000000000000000000000000000000000091
:10B7B8000000000000000000000000000000000081
:10B7C8000000000000000000000000000000000071
:10B7D8000000000000000000000000000000000061
:10B7E8000000000000000000000000000000000051
:10B7F8000000000000000000000000000000000041
:10B8080075BC000061B4000000000000500D00206D
:10B81800241600207C1500207C1500207C150020B3
:10B828007C1500207C1500207C1500207C1500204C
:10B838007C1500207C150020FFFFFFFFFFFFFFFFA6
:10B84800FFFFFFFFFFFF000001004153434949008C
:10B8580000000000000000000000000000000000E0
:10B868000000000000000000000041534349490067
:10B8780000000000000000000000000000000000C0
:10B88800000000000000000000000000FFFFFFFFB4
:10B89800000002000000000003000000889800205B
:10B8A800F084002012010002EF020140C016830458
:10B8B800800201020301000040420F00102700002F
:10B8C8000000000080000000817500008175000004
:10B8D8008175000081750000817500008175000088
:10B8E8008175000081750000817500008175000078
:10B8F8008175000081750000817500008175000068
:10B908008175000081750000817500008175000057
:10B918008175000081750000817500008175000047
:10B928008175000081750000817500008175000037
:10B938008175000081750000817500008175000027
:10B948008175000081750000817500008175000017
:10B958008175000081750000817500008175000007
:10B9680081750000817500008175000081750000F7
:10B9780081750000817500008175000081750000E7
:10B9880081750000817500008175000081750000D7
:10B9980081750000817500008175000081750000C7
:10B9A80081750000817500008175000081750000B7
:10B9B80081750000817500008175000081750000A7
:10B9C8008175000081750000817500008175000097
:10B9D8008175000081750000817500008175000087
:10B9E8008175000081750000817500008175000077
:10B9F8008175000081750000817500008175000067
:10BA08008175000081750000817500008175000056
:10BA18008175000081750000817500008175000046
:10BA28008175000081750000817500008175000036
:10BA38008175000081750000817500008175000026
:10BA48008175000081750000817500008175000016
:10BA58008175000081750000817500008175000006
:10BA680081750000817500008175000081750000F6
:10BA780081750000817500008175000081750000E6
:10BA880081750000817500008175000081750000D6
:10BA980081750000817500008175000081750000C6
:10BAA80081750000817500008175000081750000B6
:10BAB80081750000817500008175000081750000A6
:10BAC8008175000081750000280000000001040055
:10BAD8000100000000000000020157494E55534282
:10BAE800000000000000000000000000000000004E
:10BAF80012034D005300460054003100300030005E
:10BB0800F8000000F0000000E8030000FA00000060
:10BB180000007A4300C07944FFFFFFFF0C030000D8
:10BB2800000000000000000000000000000000000D
:10BB3800000008074080D501010101010000000054
:10BB480000000000000000000000000000000000ED
:10BB580000000000000000000000000000000000DD
:10BB680000000000000000000000000000000000CD
:10BB780000000000000000000000000000000000BD
:10BB880000000000000000000000000000000000AD
:10BB9800000000000000000000000000000000009D
:10BBA800000000000000000000000000000000008D
:10BBB800000000000000000000000000000000007D
:10BBC800000000000000000000000000000000006D
:10BBD800000000000000000000000000000000005D
:10BBE800000000000000000000000000000000004D
:10BBF800000000000000000000000000000000003D
:10BC0800000000000000000000000000000000002C
:10BC1800000000000000000000000000000000001C
:10BC2800000000000000000000000000000000000C
:10BC380000000000000000000000000000000000FC
:10BC480000000000000000000000000000000000EC
:10BC580000000000000000000000000000000000DC
:10BC680000000000000000000000000000000000CC
:10BC780000000000000000000000000000000000BC
:10BC880000000000000000000000000000000000AC
:10BC9800000000000000000000000000000000009C
:10BCA800000000000000000000000000000000008C
:10BCB800000000000000000000000000000000007C
:10BCC800000000000000000000000000000000006C
:10BCD800000000000000000000000000000000005C
:10BCE800000000000000000000000000000000004C
:10BCF800000000000000000000000000000000003C
:10BD0800000000000000000000000000000000002B
:10BD1800000000000000000000000000000000001B
:10BD2800000000000000000000000000000000000B
:10BD380000000000000000000000000000000000FB
:10BD480000000000000000000000000000000000EB
:10BD580000000000000000000000000000000000DB
:10BD680000000000000000000000000000000000CB
:10BD780000000000000000000000000000000000BB
:10BD880000000000000000000000000000000000AB
:10BD9800000000000000000000000000000000009B
:10BDA800000000000000000000000000000000008B
:10BDB800000000000000000000000000000000007B
:10BDC800000000000000000000000000000000006B
:10BDD800000000000000000000000000000000005B
:10BDE800000000000000000000000000000000004B
:10BDF800000000000000000000000000000000003B
:10BE0800000000000000000000000000000000002A
:10BE1800000000000000000000000000000000001A
:10BE2800000000000000000000000000000000000A
:10BE380000000000000000000000000000000000FA
:10BE480000000000000000000000000000000000EA
:10BE580000000000000000000000000000000000DA
:10BE680000000000000000000000000000000000CA
:10BE780000000000000000000000000000000000BA
:10BE880000000000000000000000000000000000AA
:10BE9800000000000000000000000000000000009A
:10BEA800000000000000000000000000000000008A
:10BEB800000000000000000000000000000000007A
:10BEC800000000000000000000000000000000006A
:10BED800000000000000000000000000000000005A
:10BEE800000000000000000000000000000000004A
:10BEF800000000000000000000000000000000003A
:10BF08000000000000000000000000000000000029
:10BF18000000000000000000000000000000000019
:10BF28000000000000000000000000000000000009
:10BF380000000000000000000000000000000000F9
:10BF480000000000000000000000000000000000E9
:10BF580000000000000000000000000000000000D9
:10BF680000000000000000000000000000000000C9
:10BF780000000000000000000000000000000000B9
:10BF880000000000000000000000000000000000A9
:10BF98000000000000000000000000000000000099
:10BFA8000000000000000000000000000000000089
:10BFB8000000000000000000000000000000000079
:10BFC8000000000000000000000000000000000069
:10BFD8000000000000000000000000000000000059
:10BFE8000000000000000000000000000000000049
:10BFF8000000000000000000000000000000000039
:10C008000000000000000000000000000000000028
:10C018000000000000000000000000000000000018
:10C028000000000000000000000000000000000008
:10C0380000000000000000000000000000000000F8
:10C0480000000000000000000000000000000000E8
:10C0580000000000000000000000000000000000D8
:10C0680000000000000000000000000000000000C8
:10C0780000000000000000000000000000000000B8
:10C0880000000000000000000000000000000000A8
:10C098000000000000000000000000000000000098
:10C0A8000000000000000000000000000000000088
:10C0B8000000000000000000000000000000000078
:10C0C8000000000000000000000000000000000068
:10C0D8000000000000000000000000000000000058
:10C0E8000000000000000000000000000000000048
:10C0F8000000000000000000000000000000000038
:10C108000000000000000000000000000000000027
:10C118000000000000000000000000000000000017
:10C12800FFFFFFFFFFFFFFFFFFFFFFFFFFFFFFFF17
:10C13800FFFFFFFFFFFFFFFFFFFFFFFFFFFFFFFF07
:10C14800FFFFFFFFFFFFFFFFFFFFFFFFFFFFFFFFF7
:10C15800FFFFFFFFFFFFFFFFFFFFFFFFFFFFFFFFE7
:10C16800FFFFFFFFFFFFFFFFFFFFFFFFFFFFFFFFD7
:10C17800FFFFFFFFFFFFFFFFFFFFFFFFFFFFFFFFC7
:10C18800FFFFFFFFFFFFFFFFFFFFFFFFFFFFFFFFB7
:10C19800FFFFFFFFFFFFFFFFFFFFFFFFFFFFFFFFA7
:10C1A800FFFFFFFFFFFFFFFFFFFFFFFFFFFFFFFF97
:10C1B800FFFFFFFFFFFFFFFFFFFFFFFFFFFFFFFF87
:10C1C800FFFFFFFFFFFFFFFFFFFFFFFFFFFFFFFF77
:10C1D800FFFFFFFFFFFFFFFFFFFFFFFFFFFFFFFF67
:10C1E800FFFFFFFFFFFFFFFFFFFFFFFFFFFFFFFF57
:10C1F800FFFFFFFFFFFFFFFFFFFFFFFFFFFFFFFF47
:10C20800FFFFFFFFFFFFFFFFFFFFFFFFFFFFFFFF36
:10C21800FFFFFFFFFFFFFFFFFFFFFFFFFFFFFFFF26
:10C22800FFFFFFFFFFFFFFFFFFFFFFFFFFFFFFFF16
:10C23800FFFFFFFFFFFFFFFFFFFFFFFFFFFFFFFF06
:10C24800FFFFFFFFFFFFFFFFFFFFFFFFFFFFFFFFF6
:10C25800FFFFFFFFFFFFFFFFFFFFFFFFFFFFFFFFE6
:10C26800FFFFFFFFFFFFFFFFFFFFFFFFFFFFFFFFD6
:10C27800FFFFFFFFFFFFFFFFFFFFFFFFFFFFFFFFC6
:10C28800FFFFFFFFFFFFFFFFFFFFFFFFFFFFFFFFB6
:10C29800FFFFFFFFFFFFFFFFFFFFFFFFFFFFFFFFA6
:10C2A800FFFFFFFFFFFFFFFFFFFFFFFFFFFFFFFF96
:10C2B800FFFFFFFFFFFFFFFFFFFFFFFFFFFFFFFF86
:10C2C800FFFFFFFFFFFFFFFFFFFFFFFFFFFFFFFF76
:10C2D800FFFFFFFFFFFFFFFFFFFFFFFFFFFFFFFF66
:10C2E800FFFFFFFFFFFFFFFFFFFFFFFFFFFFFFFF56
:10C2F800FFFFFFFFFFFFFFFFFFFFFFFFFFFFFFFF46
:10C30800FFFFFFFFFFFFFFFFFFFFFFFFFFFFFFFF35
:10C31800FFFFFFFFFFFFFFFFFFFFFFFFFFFFFFFF25
:10C32800FFFFFFFFFFFFFFFFFFFFFFFFFFFFFFFF15
:10C33800FFFFFFFFFFFFFFFFFFFFFFFFFFFFFFFF05
:10C34800FFFFFFFFFFFFFFFFFFFFFFFFFFFFFFFFF5
:10C35800FFFFFFFFFFFFFFFFFFFFFFFFFFFFFFFFE5
:10C36800FFFFFFFFFFFFFFFFFFFFFFFFFFFFFFFFD5
:10C37800FFFFFFFFFFFFFFFFFFFFFFFFFFFFFFFFC5
:10C38800FFFFFFFFFFFFFFFFFFFFFFFFFFFFFFFFB5
:10C39800FFFFFFFFFFFFFFFFFFFFFFFFFFFFFFFFA5
:10C3A800FFFFFFFFFFFFFFFFFFFFFFFFFFFFFFFF95
:10C3B800FFFFFFFFFFFFFFFFFFFFFFFFFFFFFFFF85
:10C3C800FFFFFFFFFFFFFFFFFFFFFFFFFFFFFFFF75
:10C3D800FFFFFFFFFFFFFFFFFFFFFFFFFFFFFFFF65
:10C3E800FFFFFFFFFFFFFFFFFFFFFFFFFFFFFFFF55
:10C3F800FFFFFFFFFFFFFFFF00000000000000003D
:10C408000000000000000000000000000000000024
:10C418000000000000000000000000000000000014
:10C428000000000000000000000000000000000004
:10C4380000000000000000000000000000000000F4
:10C4480000000000000000000000000000000000E4
:10C4580000000000000000000000000000000000D4
:10C4680000000000000000000000000000000000C4
:10C4780000000000000000000000000000000000B4
:10C4880000000000000000000000000000000000A4
:10C498000000000000000000000000000000000094
:10C4A8000000000000000000000000000000000084
:10C4B8000000000000000000000000000000000074
:10C4C8000000000000000000000000000000000064
:10C4D8000000000000000000000000000000000054
:10C4E8000000000000000000000000000000000044
:10C4F8000000000000000000000000000000000034
:10C508000000000000000000000000000000000023
:10C518000000000000000000000000000000000013
:10C528000000000000000000000000000000000003
:10C5380000000000000000000000000000000000F3
:10C5480000000000000000000000000000000000E3
:10C5580000000000000000000000000000000000D3
:10C5680000000000000000000000000000000000C3
:10C5780000000000000000000000000000000000B3
:10C5880000000000000000000000000000000000A3
:10C598000000000000000000000000000000000093
:10C5A8000000000000000000000000000000000083
:10C5B8000000000000000000000000000000000073
:10C5C8000000000000000000000000000000000063
:10C5D8000000000000000000000000000000000053
:10C5E8000000000000000000000000000000000043
:10C5F8000000000000000000000000000000000033
:10C608000000000000000000000000000000000022
:10C618000000000000000000000000000000000012
:10C628000000000000000000000000000000000002
:10C6380000000000000000000000000000000000F2
:10C6480000000000000000000000000000000000E2
:10C6580000000000000000000000000000000000D2
:10C6680000000000000000000000000000000000C2
:10C6780000000000000000000000000000000000B2
:10C6880000000000000000000000000000000000A2
:10C698000000000000000000000000000000000092
:10C6A8000000000000000000000000000000000082
:10C6B8000000000000000000000000000000000072
:10C6C8000000000000000000000000000000000062
:10C6D8000000000000000000000000000000000052
:10C6E8000000000000000000000000000000000042
:10C6F8000000000000000000000000000000000032
:10C708000000000000000000000000000000000021
:10C718000000000000000000000000000000000011
:10C728000000000000000000000000000000000001
:10C7380000000000000000000000000000000000F1
:10C7480000000000000000000000000000000000E1
:10C7580000000000000000000000000000000000D1
:10C7680000000000000000000000000000000000C1
:10C7780000000000000000000000000000000000B1
:10C7880000000000000000000000000000000000A1
:10C798000000000000000000000000000000000091
:10C7A8000000000000000000000000000000000081
:10C7B8000000000000000000000000000000000071
:10C7C8000000000000000000000000000000000061
:10C7D8000000000000000000000000000000000051
:10C7E8000000000000000000000000000000000041
:10C7F8000000000000000000000000000000000031
:10C808000000000000000000000000000000000020
:10C818000000000000000000000000000000000010
:10C828000000000000000000000000000000000000
:10C8380000000000000000000000000000000000F0
:10C8480000000000000000000000000000000000E0
:10C8580000000000000000000000000000000000D0
:10C8680000000000000000000000000000000000C0
:10C8780000000000000000000000000000000000B0
:10C8880000000000000000000000000000000000A0
:10C898000000000000000000000000000000000090
:10C8A8000000000000000000000000000000000080
:10C8B8000000000000000000000000000000000070
:10C8C8000000000000000000000000000000000060
:10C8D8000000000000000000000000000000000050
:10C8E8000000000000000000000000000000000040
:10C8F8000000000000000000000000000000000030
:10C90800000000000000000000000000000000001F
:10C91800000000000000000000000000000000000F
:10C9280000000000000000000000000000000000FF
:10C9380000000000000000000000000000000000EF
:10C9480000000000000000000000000000000000DF
:10C9580000000000000000000000000000000000CF
:10C9680000000000000000000000000000000000BF
:10C9780000000000000000000000000000000000AF
:10C98800000000000000000000000000000000009F
:10C99800000000000000000000000000000000008F
:10C9A800000000000000000000000000000000007F
:10C9B800000000000000000000000000000000006F
:10C9C800000000000000000000000000000000005F
:10C9D800000000000000000000000000000000004F
:10C9E800000000000000000000000000000000003F
:10C9F800000000000000000000000000000000002F
:10CA0800000000000000000000000000000000001E
:10CA1800000000000000000000000000000000000E
:10CA280000000000000000000000000000000000FE
:10CA380000000000000000000000000000000000EE
:10CA480000000000000000000000000000000000DE
:10CA580000000000000000000000000000000000CE
:10CA680000000000000000000000000000000000BE
:10CA780000000000000000000000000000000000AE
:10CA8800000000000000000000000000000000009E
:10CA9800000000000000000000000000000000008E
:10CAA800000000000000000000000000000000007E
:10CAB800000000000000000000000000000000006E
:10CAC800000000000000000000000000000000005E
:10CAD800000000000000000000000000000000004E
:10CAE800000000000000000000000000000000003E
:10CAF800000000000000000000000000000000002E
:10CB0800000000000000000000000000000000001D
:10CB1800000000000000000000000000000000000D
:10CB280000000000000000000000000000000000FD
:10CB380000000000000000000000000000000000ED
:10CB480000000000000000000000000000000000DD
:10CB580000000000000000000000000000000000CD
:10CB680000000000000000000000000000000000BD
:10CB780000000000000000000000000000000000AD
:10CB8800000000000000000000000000000000009D
:10CB9800000000000000000000000000000000008D
:10CBA800000000000000000000000000000000007D
:10CBB800000000000000000000000000000000006D
:10CBC800000000000000000000000000000000005D
:10CBD800000000000000000000000000000000004D
:10CBE800000000000000000000000000000000003D
:10CBF800000000000000000000000000000000002D
:10CC0800000000000000000000000000000000001C
:10CC1800000000000000000000000000000000000C
:10CC280000000000000000000000000000000000FC
:10CC380000000000000000000000000000000000EC
:10CC480000000000000000000000000000000000DC
:10CC580000000000000000000000000000000000CC
:10CC680000000000000000000000000000000000BC
:10CC780000000000000000000000000000000000AC
:10CC8800000000000000000000000000000000009C
:10CC9800000000000000000000000000000000008C
:10CCA800000000000000000000000000000000007C
:10CCB800000000000000000000000000000000006C
:10CCC800000000000000000000000000000000005C
:10CCD800000000000000000000000000000000004C
:10CCE800000000000000000000000000000000003C
:10CCF800000000000000000000000000000000002C
:10CD0800000000000000000000000000000000001B
:10CD1800000000000000000000000000000000000B
:10CD280000000000000000000000000000000000FB
:10CD380000000000000000000000000000000000EB
:10CD480000000000000000000000000000000000DB
:10CD580000000000000000000000000000000000CB
:10CD680000000000000000000000000000000000BB
:10CD780000000000000000000000000000000000AB
:10CD8800000000000000000000000000000000009B
:10CD9800000000000000000000000000000000008B
:10CDA800000000000000000000000000000000007B
:10CDB800000000000000000000000000000000006B
:10CDC800000000000000000000000000000000005B
:10CDD800000000000000000000000000000000004B
:10CDE800000000000000000000000000000000003B
:10CDF800000000000000000000000000000000002B
:10CE0800000000000000000000000000000000001A
:10CE1800000000000000000000000000000000000A
:10CE280000000000000000000000000000000000FA
:10CE380000000000000000000000000000000000EA
:10CE480000000000000000000000000000000000DA
:10CE580000000000000000000000000000000000CA
:10CE680000000000000000000000000000000000BA
:10CE780000000000000000000000000000000000AA
:10CE8800000000000000000000000000000000009A
:10CE9800000000000000000000000000000000008A
:10CEA800000000000000000000000000000000007A
:10CEB800000000000000000000000000000000006A
:10CEC800000000000000000000000000000000005A
:10CED800000000000000000000000000000000004A
:10CEE800000000000000000000000000000000003A
:10CEF800000000000000000000000000000000002A
:10CF08000000000000000000000000000000000019
:10CF18000000000000000000000000000000000009
:10CF280000000000000000000000000000000000F9
:10CF380000000000000000000000000000000000E9
:10CF480000000000000000000000000000000000D9
:10CF580000000000000000000000000000000000C9
:10CF680000000000000000000000000000000000B9
:10CF780000000000000000000000000000000000A9
:10CF88000000000000000000000000000000000099
:10CF98000000000000000000000000000000000089
:10CFA8000000000000000000000000000000000079
:10CFB8000000000000000000000000000000000069
:10CFC8000000000000000000000000000000000059
:10CFD8000000000000000000000000000000000049
:10CFE8000000000000000000000000000000000039
:08CFF800000000000000000031
:040000056000100087
:00000001FF
