:0200000460009A
:100000004643464200000156000000000101020084
:1000100000000000000000000000000000000000E0
:1000200000000000000000000000000000000000D0
:1000300000000000000000000000000000000000C0
:1000400000000000010406010000000000000000A4
:100050000000800000000000000000000000000020
:100060000000000000000000000000000000000090
:100070000000000000000000000000000000000080
:10008000EB04180AFF1E04320126000000000000E5
:100090000000000000000000000000000000000060
:1000A0000000000000000000000000000000000050
:1000B0000000000000000000000000000000000040
:1000C0000000000000000000000000000000000030
:1000D0000000000000000000000000000000000020
:1000E0000000000000000000000000000000000010
:1000F0000000000000000000000000000000000000
:1001000000000000000000000000000000000000EF
:1001100000000000000000000000000000000000DF
:1001200000000000000000000000000000000000CF
:1001300000000000000000000000000000000000BF
:1001400000000000000000000000000000000000AF
:10015000000000000000000000000000000000009F
:10016000000000000000000000000000000000008F
:10017000000000000000000000000000000000007F
:10018000000000000000000000000000000000006F
:10019000000000000000000000000000000000005F
:1001A000000000000000000000000000000000004F
:1001B000000000000000000000000000000000003F
:1001C000000100000010000001000000000000001D
:1001D000000001000000000000000000000000001E
:1001E000000000000000000000000000000000000F
:1001F00000000000000000000000000000000000FF
:10020000FFFFFFFFFFFFFFFFFFFFFFFFFFFFFFFFFE
:10021000FFFFFFFFFFFFFFFFFFFFFFFFFFFFFFFFEE
:10022000FFFFFFFFFFFFFFFFFFFFFFFFFFFFFFFFDE
:10023000FFFFFFFFFFFFFFFFFFFFFFFFFFFFFFFFCE
:10024000FFFFFFFFFFFFFFFFFFFFFFFFFFFFFFFFBE
:10025000FFFFFFFFFFFFFFFFFFFFFFFFFFFFFFFFAE
:10026000FFFFFFFFFFFFFFFFFFFFFFFFFFFFFFFF9E
:10027000FFFFFFFFFFFFFFFFFFFFFFFFFFFFFFFF8E
:10028000FFFFFFFFFFFFFFFFFFFFFFFFFFFFFFFF7E
:10029000FFFFFFFFFFFFFFFFFFFFFFFFFFFFFFFF6E
:1002A000FFFFFFFFFFFFFFFFFFFFFFFFFFFFFFFF5E
:1002B000FFFFFFFFFFFFFFFFFFFFFFFFFFFFFFFF4E
:1002C000FFFFFFFFFFFFFFFFFFFFFFFFFFFFFFFF3E
:1002D000FFFFFFFFFFFFFFFFFFFFFFFFFFFFFFFF2E
:1002E000FFFFFFFFFFFFFFFFFFFFFFFFFFFFFFFF1E
:1002F000FFFFFFFFFFFFFFFFFFFFFFFFFFFFFFFF0E
:10030000FFFFFFFFFFFFFFFFFFFFFFFFFFFFFFFFFD
:10031000FFFFFFFFFFFFFFFFFFFFFFFFFFFFFFFFED
:10032000FFFFFFFFFFFFFFFFFFFFFFFFFFFFFFFFDD
:10033000FFFFFFFFFFFFFFFFFFFFFFFFFFFFFFFFCD
:10034000FFFFFFFFFFFFFFFFFFFFFFFFFFFFFFFFBD
:10035000FFFFFFFFFFFFFFFFFFFFFFFFFFFFFFFFAD
:10036000FFFFFFFFFFFFFFFFFFFFFFFFFFFFFFFF9D
:10037000FFFFFFFFFFFFFFFFFFFFFFFFFFFFFFFF8D
:10038000FFFFFFFFFFFFFFFFFFFFFFFFFFFFFFFF7D
:10039000FFFFFFFFFFFFFFFFFFFFFFFFFFFFFFFF6D
:1003A000FFFFFFFFFFFFFFFFFFFFFFFFFFFFFFFF5D
:1003B000FFFFFFFFFFFFFFFFFFFFFFFFFFFFFFFF4D
:1003C000FFFFFFFFFFFFFFFFFFFFFFFFFFFFFFFF3D
:1003D000FFFFFFFFFFFFFFFFFFFFFFFFFFFFFFFF2D
:1003E000FFFFFFFFFFFFFFFFFFFFFFFFFFFFFFFF1D
:1003F000FFFFFFFFFFFFFFFFFFFFFFFFFFFFFFFF0D
:10040000FFFFFFFFFFFFFFFFFFFFFFFFFFFFFFFFFC
:10041000FFFFFFFFFFFFFFFFFFFFFFFFFFFFFFFFEC
:10042000FFFFFFFFFFFFFFFFFFFFFFFFFFFFFFFFDC
:10043000FFFFFFFFFFFFFFFFFFFFFFFFFFFFFFFFCC
:10044000FFFFFFFFFFFFFFFFFFFFFFFFFFFFFFFFBC
:10045000FFFFFFFFFFFFFFFFFFFFFFFFFFFFFFFFAC
:10046000FFFFFFFFFFFFFFFFFFFFFFFFFFFFFFFF9C
:10047000FFFFFFFFFFFFFFFFFFFFFFFFFFFFFFFF8C
:10048000FFFFFFFFFFFFFFFFFFFFFFFFFFFFFFFF7C
:10049000FFFFFFFFFFFFFFFFFFFFFFFFFFFFFFFF6C
:1004A000FFFFFFFFFFFFFFFFFFFFFFFFFFFFFFFF5C
:1004B000FFFFFFFFFFFFFFFFFFFFFFFFFFFFFFFF4C
:1004C000FFFFFFFFFFFFFFFFFFFFFFFFFFFFFFFF3C
:1004D000FFFFFFFFFFFFFFFFFFFFFFFFFFFFFFFF2C
:1004E000FFFFFFFFFFFFFFFFFFFFFFFFFFFFFFFF1C
:1004F000FFFFFFFFFFFFFFFFFFFFFFFFFFFFFFFF0C
:10050000FFFFFFFFFFFFFFFFFFFFFFFFFFFFFFFFFB
:10051000FFFFFFFFFFFFFFFFFFFFFFFFFFFFFFFFEB
:10052000FFFFFFFFFFFFFFFFFFFFFFFFFFFFFFFFDB
:10053000FFFFFFFFFFFFFFFFFFFFFFFFFFFFFFFFCB
:10054000FFFFFFFFFFFFFFFFFFFFFFFFFFFFFFFFBB
:10055000FFFFFFFFFFFFFFFFFFFFFFFFFFFFFFFFAB
:10056000FFFFFFFFFFFFFFFFFFFFFFFFFFFFFFFF9B
:10057000FFFFFFFFFFFFFFFFFFFFFFFFFFFFFFFF8B
:10058000FFFFFFFFFFFFFFFFFFFFFFFFFFFFFFFF7B
:10059000FFFFFFFFFFFFFFFFFFFFFFFFFFFFFFFF6B
:1005A000FFFFFFFFFFFFFFFFFFFFFFFFFFFFFFFF5B
:1005B000FFFFFFFFFFFFFFFFFFFFFFFFFFFFFFFF4B
:1005C000FFFFFFFFFFFFFFFFFFFFFFFFFFFFFFFF3B
:1005D000FFFFFFFFFFFFFFFFFFFFFFFFFFFFFFFF2B
:1005E000FFFFFFFFFFFFFFFFFFFFFFFFFFFFFFFF1B
:1005F000FFFFFFFFFFFFFFFFFFFFFFFFFFFFFFFF0B
:10060000FFFFFFFFFFFFFFFFFFFFFFFFFFFFFFFFFA
:10061000FFFFFFFFFFFFFFFFFFFFFFFFFFFFFFFFEA
:10062000FFFFFFFFFFFFFFFFFFFFFFFFFFFFFFFFDA
:10063000FFFFFFFFFFFFFFFFFFFFFFFFFFFFFFFFCA
:10064000FFFFFFFFFFFFFFFFFFFFFFFFFFFFFFFFBA
:10065000FFFFFFFFFFFFFFFFFFFFFFFFFFFFFFFFAA
:10066000FFFFFFFFFFFFFFFFFFFFFFFFFFFFFFFF9A
:10067000FFFFFFFFFFFFFFFFFFFFFFFFFFFFFFFF8A
:10068000FFFFFFFFFFFFFFFFFFFFFFFFFFFFFFFF7A
:10069000FFFFFFFFFFFFFFFFFFFFFFFFFFFFFFFF6A
:1006A000FFFFFFFFFFFFFFFFFFFFFFFFFFFFFFFF5A
:1006B000FFFFFFFFFFFFFFFFFFFFFFFFFFFFFFFF4A
:1006C000FFFFFFFFFFFFFFFFFFFFFFFFFFFFFFFF3A
:1006D000FFFFFFFFFFFFFFFFFFFFFFFFFFFFFFFF2A
:1006E000FFFFFFFFFFFFFFFFFFFFFFFFFFFFFFFF1A
:1006F000FFFFFFFFFFFFFFFFFFFFFFFFFFFFFFFF0A
:10070000FFFFFFFFFFFFFFFFFFFFFFFFFFFFFFFFF9
:10071000FFFFFFFFFFFFFFFFFFFFFFFFFFFFFFFFE9
:10072000FFFFFFFFFFFFFFFFFFFFFFFFFFFFFFFFD9
:10073000FFFFFFFFFFFFFFFFFFFFFFFFFFFFFFFFC9
:10074000FFFFFFFFFFFFFFFFFFFFFFFFFFFFFFFFB9
:10075000FFFFFFFFFFFFFFFFFFFFFFFFFFFFFFFFA9
:10076000FFFFFFFFFFFFFFFFFFFFFFFFFFFFFFFF99
:10077000FFFFFFFFFFFFFFFFFFFFFFFFFFFFFFFF89
:10078000FFFFFFFFFFFFFFFFFFFFFFFFFFFFFFFF79
:10079000FFFFFFFFFFFFFFFFFFFFFFFFFFFFFFFF69
:1007A000FFFFFFFFFFFFFFFFFFFFFFFFFFFFFFFF59
:1007B000FFFFFFFFFFFFFFFFFFFFFFFFFFFFFFFF49
:1007C000FFFFFFFFFFFFFFFFFFFFFFFFFFFFFFFF39
:1007D000FFFFFFFFFFFFFFFFFFFFFFFFFFFFFFFF29
:1007E000FFFFFFFFFFFFFFFFFFFFFFFFFFFFFFFF19
:1007F000FFFFFFFFFFFFFFFFFFFFFFFFFFFFFFFF09
:10080000FFFFFFFFFFFFFFFFFFFFFFFFFFFFFFFFF8
:10081000FFFFFFFFFFFFFFFFFFFFFFFFFFFFFFFFE8
:10082000FFFFFFFFFFFFFFFFFFFFFFFFFFFFFFFFD8
:10083000FFFFFFFFFFFFFFFFFFFFFFFFFFFFFFFFC8
:10084000FFFFFFFFFFFFFFFFFFFFFFFFFFFFFFFFB8
:10085000FFFFFFFFFFFFFFFFFFFFFFFFFFFFFFFFA8
:10086000FFFFFFFFFFFFFFFFFFFFFFFFFFFFFFFF98
:10087000FFFFFFFFFFFFFFFFFFFFFFFFFFFFFFFF88
:10088000FFFFFFFFFFFFFFFFFFFFFFFFFFFFFFFF78
:10089000FFFFFFFFFFFFFFFFFFFFFFFFFFFFFFFF68
:1008A000FFFFFFFFFFFFFFFFFFFFFFFFFFFFFFFF58
:1008B000FFFFFFFFFFFFFFFFFFFFFFFFFFFFFFFF48
:1008C000FFFFFFFFFFFFFFFFFFFFFFFFFFFFFFFF38
:1008D000FFFFFFFFFFFFFFFFFFFFFFFFFFFFFFFF28
:1008E000FFFFFFFFFFFFFFFFFFFFFFFFFFFFFFFF18
:1008F000FFFFFFFFFFFFFFFFFFFFFFFFFFFFFFFF08
:10090000FFFFFFFFFFFFFFFFFFFFFFFFFFFFFFFFF7
:10091000FFFFFFFFFFFFFFFFFFFFFFFFFFFFFFFFE7
:10092000FFFFFFFFFFFFFFFFFFFFFFFFFFFFFFFFD7
:10093000FFFFFFFFFFFFFFFFFFFFFFFFFFFFFFFFC7
:10094000FFFFFFFFFFFFFFFFFFFFFFFFFFFFFFFFB7
:10095000FFFFFFFFFFFFFFFFFFFFFFFFFFFFFFFFA7
:10096000FFFFFFFFFFFFFFFFFFFFFFFFFFFFFFFF97
:10097000FFFFFFFFFFFFFFFFFFFFFFFFFFFFFFFF87
:10098000FFFFFFFFFFFFFFFFFFFFFFFFFFFFFFFF77
:10099000FFFFFFFFFFFFFFFFFFFFFFFFFFFFFFFF67
:1009A000FFFFFFFFFFFFFFFFFFFFFFFFFFFFFFFF57
:1009B000FFFFFFFFFFFFFFFFFFFFFFFFFFFFFFFF47
:1009C000FFFFFFFFFFFFFFFFFFFFFFFFFFFFFFFF37
:1009D000FFFFFFFFFFFFFFFFFFFFFFFFFFFFFFFF27
:1009E000FFFFFFFFFFFFFFFFFFFFFFFFFFFFFFFF17
:1009F000FFFFFFFFFFFFFFFFFFFFFFFFFFFFFFFF07
:100A0000FFFFFFFFFFFFFFFFFFFFFFFFFFFFFFFFF6
:100A1000FFFFFFFFFFFFFFFFFFFFFFFFFFFFFFFFE6
:100A2000FFFFFFFFFFFFFFFFFFFFFFFFFFFFFFFFD6
:100A3000FFFFFFFFFFFFFFFFFFFFFFFFFFFFFFFFC6
:100A4000FFFFFFFFFFFFFFFFFFFFFFFFFFFFFFFFB6
:100A5000FFFFFFFFFFFFFFFFFFFFFFFFFFFFFFFFA6
:100A6000FFFFFFFFFFFFFFFFFFFFFFFFFFFFFFFF96
:100A7000FFFFFFFFFFFFFFFFFFFFFFFFFFFFFFFF86
:100A8000FFFFFFFFFFFFFFFFFFFFFFFFFFFFFFFF76
:100A9000FFFFFFFFFFFFFFFFFFFFFFFFFFFFFFFF66
:100AA000FFFFFFFFFFFFFFFFFFFFFFFFFFFFFFFF56
:100AB000FFFFFFFFFFFFFFFFFFFFFFFFFFFFFFFF46
:100AC000FFFFFFFFFFFFFFFFFFFFFFFFFFFFFFFF36
:100AD000FFFFFFFFFFFFFFFFFFFFFFFFFFFFFFFF26
:100AE000FFFFFFFFFFFFFFFFFFFFFFFFFFFFFFFF16
:100AF000FFFFFFFFFFFFFFFFFFFFFFFFFFFFFFFF06
:100B0000FFFFFFFFFFFFFFFFFFFFFFFFFFFFFFFFF5
:100B1000FFFFFFFFFFFFFFFFFFFFFFFFFFFFFFFFE5
:100B2000FFFFFFFFFFFFFFFFFFFFFFFFFFFFFFFFD5
:100B3000FFFFFFFFFFFFFFFFFFFFFFFFFFFFFFFFC5
:100B4000FFFFFFFFFFFFFFFFFFFFFFFFFFFFFFFFB5
:100B5000FFFFFFFFFFFFFFFFFFFFFFFFFFFFFFFFA5
:100B6000FFFFFFFFFFFFFFFFFFFFFFFFFFFFFFFF95
:100B7000FFFFFFFFFFFFFFFFFFFFFFFFFFFFFFFF85
:100B8000FFFFFFFFFFFFFFFFFFFFFFFFFFFFFFFF75
:100B9000FFFFFFFFFFFFFFFFFFFFFFFFFFFFFFFF65
:100BA000FFFFFFFFFFFFFFFFFFFFFFFFFFFFFFFF55
:100BB000FFFFFFFFFFFFFFFFFFFFFFFFFFFFFFFF45
:100BC000FFFFFFFFFFFFFFFFFFFFFFFFFFFFFFFF35
:100BD000FFFFFFFFFFFFFFFFFFFFFFFFFFFFFFFF25
:100BE000FFFFFFFFFFFFFFFFFFFFFFFFFFFFFFFF15
:100BF000FFFFFFFFFFFFFFFFFFFFFFFFFFFFFFFF05
:100C0000FFFFFFFFFFFFFFFFFFFFFFFFFFFFFFFFF4
:100C1000FFFFFFFFFFFFFFFFFFFFFFFFFFFFFFFFE4
:100C2000FFFFFFFFFFFFFFFFFFFFFFFFFFFFFFFFD4
:100C3000FFFFFFFFFFFFFFFFFFFFFFFFFFFFFFFFC4
:100C4000FFFFFFFFFFFFFFFFFFFFFFFFFFFFFFFFB4
:100C5000FFFFFFFFFFFFFFFFFFFFFFFFFFFFFFFFA4
:100C6000FFFFFFFFFFFFFFFFFFFFFFFFFFFFFFFF94
:100C7000FFFFFFFFFFFFFFFFFFFFFFFFFFFFFFFF84
:100C8000FFFFFFFFFFFFFFFFFFFFFFFFFFFFFFFF74
:100C9000FFFFFFFFFFFFFFFFFFFFFFFFFFFFFFFF64
:100CA000FFFFFFFFFFFFFFFFFFFFFFFFFFFFFFFF54
:100CB000FFFFFFFFFFFFFFFFFFFFFFFFFFFFFFFF44
:100CC000FFFFFFFFFFFFFFFFFFFFFFFFFFFFFFFF34
:100CD000FFFFFFFFFFFFFFFFFFFFFFFFFFFFFFFF24
:100CE000FFFFFFFFFFFFFFFFFFFFFFFFFFFFFFFF14
:100CF000FFFFFFFFFFFFFFFFFFFFFFFFFFFFFFFF04
:100D0000FFFFFFFFFFFFFFFFFFFFFFFFFFFFFFFFF3
:100D1000FFFFFFFFFFFFFFFFFFFFFFFFFFFFFFFFE3
:100D2000FFFFFFFFFFFFFFFFFFFFFFFFFFFFFFFFD3
:100D3000FFFFFFFFFFFFFFFFFFFFFFFFFFFFFFFFC3
:100D4000FFFFFFFFFFFFFFFFFFFFFFFFFFFFFFFFB3
:100D5000FFFFFFFFFFFFFFFFFFFFFFFFFFFFFFFFA3
:100D6000FFFFFFFFFFFFFFFFFFFFFFFFFFFFFFFF93
:100D7000FFFFFFFFFFFFFFFFFFFFFFFFFFFFFFFF83
:100D8000FFFFFFFFFFFFFFFFFFFFFFFFFFFFFFFF73
:100D9000FFFFFFFFFFFFFFFFFFFFFFFFFFFFFFFF63
:100DA000FFFFFFFFFFFFFFFFFFFFFFFFFFFFFFFF53
:100DB000FFFFFFFFFFFFFFFFFFFFFFFFFFFFFFFF43
:100DC000FFFFFFFFFFFFFFFFFFFFFFFFFFFFFFFF33
:100DD000FFFFFFFFFFFFFFFFFFFFFFFFFFFFFFFF23
:100DE000FFFFFFFFFFFFFFFFFFFFFFFFFFFFFFFF13
:100DF000FFFFFFFFFFFFFFFFFFFFFFFFFFFFFFFF03
:100E0000FFFFFFFFFFFFFFFFFFFFFFFFFFFFFFFFF2
:100E1000FFFFFFFFFFFFFFFFFFFFFFFFFFFFFFFFE2
:100E2000FFFFFFFFFFFFFFFFFFFFFFFFFFFFFFFFD2
:100E3000FFFFFFFFFFFFFFFFFFFFFFFFFFFFFFFFC2
:100E4000FFFFFFFFFFFFFFFFFFFFFFFFFFFFFFFFB2
:100E5000FFFFFFFFFFFFFFFFFFFFFFFFFFFFFFFFA2
:100E6000FFFFFFFFFFFFFFFFFFFFFFFFFFFFFFFF92
:100E7000FFFFFFFFFFFFFFFFFFFFFFFFFFFFFFFF82
:100E8000FFFFFFFFFFFFFFFFFFFFFFFFFFFFFFFF72
:100E9000FFFFFFFFFFFFFFFFFFFFFFFFFFFFFFFF62
:100EA000FFFFFFFFFFFFFFFFFFFFFFFFFFFFFFFF52
:100EB000FFFFFFFFFFFFFFFFFFFFFFFFFFFFFFFF42
:100EC000FFFFFFFFFFFFFFFFFFFFFFFFFFFFFFFF32
:100ED000FFFFFFFFFFFFFFFFFFFFFFFFFFFFFFFF22
:100EE000FFFFFFFFFFFFFFFFFFFFFFFFFFFFFFFF12
:100EF000FFFFFFFFFFFFFFFFFFFFFFFFFFFFFFFF02
:100F0000FFFFFFFFFFFFFFFFFFFFFFFFFFFFFFFFF1
:100F1000FFFFFFFFFFFFFFFFFFFFFFFFFFFFFFFFE1
:100F2000FFFFFFFFFFFFFFFFFFFFFFFFFFFFFFFFD1
:100F3000FFFFFFFFFFFFFFFFFFFFFFFFFFFFFFFFC1
:100F4000FFFFFFFFFFFFFFFFFFFFFFFFFFFFFFFFB1
:100F5000FFFFFFFFFFFFFFFFFFFFFFFFFFFFFFFFA1
:100F6000FFFFFFFFFFFFFFFFFFFFFFFFFFFFFFFF91
:100F7000FFFFFFFFFFFFFFFFFFFFFFFFFFFFFFFF81
:100F8000FFFFFFFFFFFFFFFFFFFFFFFFFFFFFFFF71
:100F9000FFFFFFFFFFFFFFFFFFFFFFFFFFFFFFFF61
:100FA000FFFFFFFFFFFFFFFFFFFFFFFFFFFFFFFF51
:100FB000FFFFFFFFFFFFFFFFFFFFFFFFFFFFFFFF41
:100FC000FFFFFFFFFFFFFFFFFFFFFFFFFFFFFFFF31
:100FD000FFFFFFFFFFFFFFFFFFFFFFFFFFFFFFFF21
:100FE000FFFFFFFFFFFFFFFFFFFFFFFFFFFFFFFF11
:100FF000FFFFFFFFFFFFFFFFFFFFFFFFFFFFFFFF01
:10100000D1002043F1150060000000000000000046
:1010100020100060001000600084016000000000EB
:10102000000000600090010000000000FFFFFFFFD3
:10103000FFFFFFFFFFFFFFFFFFFFFFFFFFFFFFFFC0
:10104000FFFFFFFFFFFFFFFFFFFFFFFFFFFFFFFFB0
:10105000FFFFFFFFFFFFFFFFFFFFFFFFFFFFFFFFA0
:10106000FFFFFFFFFFFFFFFFFFFFFFFFFFFFFFFF90
:10107000FFFFFFFFFFFFFFFFFFFFFFFFFFFFFFFF80
:10108000FFFFFFFFFFFFFFFFFFFFFFFFFFFFFFFF70
:10109000FFFFFFFFFFFFFFFFFFFFFFFFFFFFFFFF60
:1010A000FFFFFFFFFFFFFFFFFFFFFFFFFFFFFFFF50
:1010B000FFFFFFFFFFFFFFFFFFFFFFFFFFFFFFFF40
:1010C000FFFFFFFFFFFFFFFFFFFFFFFFFFFFFFFF30
:1010D000FFFFFFFFFFFFFFFFFFFFFFFFFFFFFFFF20
:1010E000FFFFFFFFFFFFFFFFFFFFFFFFFFFFFFFF10
:1010F000FFFFFFFFFFFFFFFFFFFFFFFFFFFFFFFF00
:10110000FFFFFFFFFFFFFFFFFFFFFFFFFFFFFFFFEF
:10111000FFFFFFFFFFFFFFFFFFFFFFFFFFFFFFFFDF
:10112000FFFFFFFFFFFFFFFFFFFFFFFFFFFFFFFFCF
:10113000FFFFFFFFFFFFFFFFFFFFFFFFFFFFFFFFBF
:10114000FFFFFFFFFFFFFFFFFFFFFFFFFFFFFFFFAF
:10115000FFFFFFFFFFFFFFFFFFFFFFFFFFFFFFFF9F
:10116000FFFFFFFFFFFFFFFFFFFFFFFFFFFFFFFF8F
:10117000FFFFFFFFFFFFFFFFFFFFFFFFFFFFFFFF7F
:10118000FFFFFFFFFFFFFFFFFFFFFFFFFFFFFFFF6F
:10119000FFFFFFFFFFFFFFFFFFFFFFFFFFFFFFFF5F
:1011A000FFFFFFFFFFFFFFFFFFFFFFFFFFFFFFFF4F
:1011B000FFFFFFFFFFFFFFFFFFFFFFFFFFFFFFFF3F
:1011C000FFFFFFFFFFFFFFFFFFFFFFFFFFFFFFFF2F
:1011D000FFFFFFFFFFFFFFFFFFFFFFFFFFFFFFFF1F
:1011E000FFFFFFFFFFFFFFFFFFFFFFFFFFFFFFFF0F
:1011F000FFFFFFFFFFFFFFFFFFFFFFFFFFFFFFFFFF
:10120000FFFFFFFFFFFFFFFFFFFFFFFFFFFFFFFFEE
:10121000FFFFFFFFFFFFFFFFFFFFFFFFFFFFFFFFDE
:10122000FFFFFFFFFFFFFFFFFFFFFFFFFFFFFFFFCE
:10123000FFFFFFFFFFFFFFFFFFFFFFFFFFFFFFFFBE
:10124000FFFFFFFFFFFFFFFFFFFFFFFFFFFFFFFFAE
:10125000FFFFFFFFFFFFFFFFFFFFFFFFFFFFFFFF9E
:10126000FFFFFFFFFFFFFFFFFFFFFFFFFFFFFFFF8E
:10127000FFFFFFFFFFFFFFFFFFFFFFFFFFFFFFFF7E
:10128000FFFFFFFFFFFFFFFFFFFFFFFFFFFFFFFF6E
:10129000FFFFFFFFFFFFFFFFFFFFFFFFFFFFFFFF5E
:1012A000FFFFFFFFFFFFFFFFFFFFFFFFFFFFFFFF4E
:1012B000FFFFFFFFFFFFFFFFFFFFFFFFFFFFFFFF3E
:1012C000FFFFFFFFFFFFFFFFFFFFFFFFFFFFFFFF2E
:1012D000FFFFFFFFFFFFFFFFFFFFFFFFFFFFFFFF1E
:1012E000FFFFFFFFFFFFFFFFFFFFFFFFFFFFFFFF0E
:1012F000FFFFFFFFFFFFFFFFFFFFFFFFFFFFFFFFFE
:10130000FFFFFFFFFFFFFFFFFFFFFFFFFFFFFFFFED
:10131000FFFFFFFFFFFFFFFFFFFFFFFFFFFFFFFFDD
:10132000FFFFFFFFFFFFFFFFFFFFFFFFFFFFFFFFCD
:10133000FFFFFFFFFFFFFFFFFFFFFFFFFFFFFFFFBD
:10134000FFFFFFFFFFFFFFFFFFFFFFFFFFFFFFFFAD
:10135000FFFFFFFFFFFFFFFFFFFFFFFFFFFFFFFF9D
:10136000FFFFFFFFFFFFFFFFFFFFFFFFFFFFFFFF8D
:10137000FFFFFFFFFFFFFFFFFFFFFFFFFFFFFFFF7D
:10138000FFFFFFFFFFFFFFFFFFFFFFFFFFFFFFFF6D
:10139000FFFFFFFFFFFFFFFFFFFFFFFFFFFFFFFF5D
:1013A000FFFFFFFFFFFFFFFFFFFFFFFFFFFFFFFF4D
:1013B000FFFFFFFFFFFFFFFFFFFFFFFFFFFFFFFF3D
:1013C000FFFFFFFFFFFFFFFFFFFFFFFFFFFFFFFF2D
:1013D000FFFFFFFFFFFFFFFFFFFFFFFFFFFFFFFF1D
:1013E000FFFFFFFFFFFFFFFFFFFFFFFFFFFFFFFF0D
:1013F000FFFFFFFFFFFFFFFFFFFFFFFFFFFFFFFFFD
:10140000824205D051F8043B40F8043B8242F9D8AF
:10141000704700BF044A05494FF0000342F8043BFF
:101420009142FBD8704700BFC08A0020809E0220F6
:1014300008B5BFF34F8F00F06FF9544C544B0820A0
:101440005449C3F85401544AC3F800115348C3F82F
:10145000F0405349FFF7D4FF524A53495348FFF72E
:10146000CFFF534CFFF7D6FF4FF470004FF0E02151
:101470000023504AC1F8880D44F823200133B02BD3
:10148000FAD14D4B80214D4A03F8011B9342FBD109
:101490004FF0E0254A4E4B4A4FF0FF31C5F8084D5A
:1014A000D5F8243D43F4E023C5F8243DF36923F047
:1014B0007F0343F04003F361736A23F07F0343F03B
:1014C000400373629166D1661167516700F02CF991
:1014D0003D4A3E4BA2636322E36300246A61032317
:1014E0003B4AAC612B61C5F8202DD5F8FC2D394B5A
:1014F00042F080723849C5F8FC2D1A6842F00102AA
:101500001A605B680B6000F0DFFA344800F050FCB2
:10151000F16E334B334A41F44051F1661C60C3F81D
:101520000841C3F81841C3F82841C3F83841936B08
:10153000DB0708D442F615632B4951651365936B9D
:1015400043F001039363274A284C936843F0011347
:10155000936000F077F900F05FF800F045FC00F0D0
:10156000E5FA00F0DBF82368132BFCD900F07AFBD6
:101570002368B3F5967FFBD300F0D4F800F0D0F8E1
:1015800000F02EFC00F024FC30BFFDE70C0D111321
:1015900000800D401B10182078D6000000000000CD
:1015A00054200060C08A0020D0F6006000000020B7
:1015B00000880020D5AE000000E400E0A0E400E0D8
:1015C00000C00F4000C00A40A99E0000AD9E000070
:1015D00000002020001000E0B89C02200046C32339
:1015E0000040084000400D400000C056BC9C022056
:1015F000054B4FF42A01054A05485A641864054A08
:1016000099639546FFF714FF00C00A40AFAAAAAA43
:1016100007002000000007200F4B40F2376C0F4AF4
:10162000A020D96E41F44031D966D96E41F44071A1
:10163000D966C2F844C09064936C1B06FCD4084A77
:1016400040F23761A02351649364936C13F08003DC
:10165000FBD1044A1370704700C00F4000400C409B
:1016600000800C403E9E0220294A00210123C2F83E
:10167000A000C2F8A410C2F8B0305369D907FCD555
:1016800001234FF4803C22495361C2F8A000C2F804
:10169000A4C0C2F8B0304B69DB07FCD501234FF47E
:1016A000003C1B4A4B61C1F8A000C1F8A4C0C1F8BE
:1016B000B0305369D907FCD50123DFF858C014496D
:1016C0005361C2F8A000C2F8A4C0C2F8B0304B69A0
:1016D000DB07FCD5D1F8003145F60D504FF0210C59
:1016E0009AB2C1F814C0824210D045F69D518A4288
:1016F0000AD1C3F34253032B08D0A3F10403B3FA76
:1017000083F35B0918017047002070470820704779
:1017100000402A4004000300704700BF704700BF2C
:10172000704700BF00BF70474FF0E02300214FF02B
:10173000100C3448C3F8941DC3F89CCD4FF0110C25
:10174000C3F8A00D3048C3F89CCD4FF0120CC3F87D
:10175000A00D2E48C3F89CCD2D4AC3F8A00DDFF88C
:10176000D0C042F015022B48C3F89CCDC3F8A00DA1
:10177000DFF8C0C02848C3F89CCDC3F8A00DDFF83F
:10178000B8C0C3F89C2D2548254AC3F8A0CDC3F89E
:101790009C0DC3F8A02D02F5A022DFF8A0C00C32EA
:1017A0002048C3F89CCDC3F8A02D1F4AC3F89C0D58
:1017B000C3F8A02D02F14062DFF884C002321B485A
:1017C000C3F89CCDC3F8A02D0A32C3F89C0DC3F812
:1017D000A02D00BF00BF00BF00BF00BF0122C3F8A3
:1017E000942DBFF34F8FBFF36F8FC3F8501FBFF31C
:1017F0004F8FBFF36F8FD3F8142D42F44032C3F8EC
:10180000142D70473F000010250008070900100044
:10181000809E0220210002072500081316002020C8
:1018200027000B13180000602F000B071A00008020
:1018300013002000140000200900001017000040D1
:101840001900007030B5864B85B0DFF874E21822BD
:10185000844D0120C3F85CE28349C3F86052A5F5CA
:101860008055DFF860C2814CC3F864E2C3F8685267
:101870002125C3F86CC2C3F870C2C3F874C2C3F8A0
:1018800078C248F20C7CDA661A675A679A67DA6798
:10189000C3F88020C3F88420C3F88820C1F82C0343
:1018A000734AC1F83003C1F83403C1F83803C1F8F2
:1018B0003C03C1F85003A1696E4B0A406E486F4962
:1018C00013436F4AA361D4F8843043F00C03C4F887
:1018D00084304FF0FF34036843F002030360036871
:1018E00003EA0C031A43674B026044608A68664C43
:1018F0001340664A43F000538360C36823F07803C3
:10190000C360036A23401A43604B0262026A2240AA
:101910005F4C1343002243628462C46240F2056458
:10192000D1F8B83023F03F0343F00103C0F8B830DA
:10193000D1F8BC30574923F03F0343F00103C0F80E
:10194000BC3002610567C0F880404567C0F884403C
:101950000224036823F00203036081614E4B4F4968
:10196000C46143F8042B8B42FBD1434C236843F002
:1019700001032360256815F00105FBD145480222CB
:1019800040F2F561A06140F29940E26140F26642A6
:10199000C4F8001242F20141C4F81022404AC4F8CF
:1019A0002002C4F8302240F23542C4F834123D48D7
:1019B000C4F840223C4AC4F850022846C4F85422D5
:1019C00042F201223949C4F86012C4F86422FFF7D8
:1019D0004BFE0246002839D0810201234FF48020BB
:1019E00021662549C4F8A050C4F8A400C4F8B0305A
:1019F0004B69D807FCD515050124039228464C6194
:101A0000FFF732FE039A2A4B0244D2B21A7080B119
:101A1000194980024FF4802348660846C1F8A05057
:101A2000C1F8A430C1F8B0404369DB07FCD50123FD
:101A3000436120490024204801230094401A00EB10
:101A400002521E4800F0C0F905B030BD1B4B1849CA
:101A500018600870D860C3E9010005B030BD00BF50
:101A600000801F40F910010000841F4000C00F409B
:101A7000FFFCFF1F0003008000402A4000802A4036
:101A80001200FFFFFF37F70000FFF07C40000080EE
:101A9000FF000F83F05AF05A00422A4000432A40C8
:101AA0009F041830EB06180A063201263806180A79
:101AB0003F9E022000000070000000704096002051
:101AC000F9B00100F970010010B5174A4FF48054C5
:101AD0004FF4005E4FF4404C4FF4803043F242012B
:101AE000136913F0020F0DD113F4005F0FD013F43C
:101AF000805F0FD0002BF3DA13F4803F0CD15B062C
:101B00000ED510BDC2F818C050619161E8E7C2F867
:101B100014E0E5E75461E3E74FF480339361DFE7D6
:101B200040235361DCE700BF00800D40414A0320A1
:101B30004149F3EE095AD2F880309FED406A23F014
:101B400001039FED3F5ADFF814C100B5C2F88030A1
:101B5000C2F89000D1F8E010DFF804E1CBB23948C8
:101B6000CEF8003007EE903A0B0DC1F30B21F8EEE2
:101B7000E77A06EE903A07EE101A334BB8EEC77AC2
:101B8000CCF80010F8EEE66A304937EEC66A37EE58
:101B9000C55A76EEC76A77EEE57A26EE266AC3ED79
:101BA000006A25EE265AD2F8803067EEA64AC0EDCC
:101BB000007AC6EE275A264885EE276AC4EEA76A41
:101BC00075EE875AFCEEE55A36EE076A15EE90CAB6
:101BD000BCEEC66A43EA0C5376EE877AC2F88030D0
:101BE00016EE103AD2F890C1FCEEE77A01EA034112
:101BF00041EA0C014FF0000C17EE903AC2F8901138
:101C0000C3F30B03D2F890110B431249C2F8903181
:101C1000D2F8803043F00203C2F880300E4B80F8D7
:101C200040C0C1F840314FF0E0230122C3F8082141
:101C300000BD00BF00810D4000441F400000AA42CB
:101C40000000B44254970220589702200000FF0F72
:101C500000E400E0008800208DB000004C970220D6
:101C600050970220314B40F6617210B5C3F8202125
:101C700040F2044400F0A4F82D4A2E49D2F88030F6
:101C80002D4843F00303C2F880302C4BC1F860416B
:101C900002681A4203D1D1F8A8319A071BD0254A0D
:101CA0004FF00041244B5963D2F8403143F0020316
:101CB000C2F84031D2F840319B07FBD44FF40030DA
:101CC0004FF0E0211C4B4FF00042C1F88C0219206C
:101CD0009A6300F081F8184B0021164C4FF08042B7
:101CE0000A209A634FF420721960C4F8A8011448BE
:101CF00000F062F84FF4800203464FF4810040F296
:101D000043111860C4F858311A640E4B0E4AC4F8D7
:101D10004811C3F804224FF0E0224FF400310123B0
:101D2000C2F80C11C4F8403110BD00BF00800D4056
:101D300000C00F4000002E4000900D40001C1E000F
:101D4000000000200088002091B2000008B50E4B72
:101D50001B6E9B0700D4FBBE72B60C4B00200C4AD6
:101D6000C3F8400103F160430A49A3F55F231164FE
:101D70009D46BFF34F8F4FF40013074A0748DB69B6
:101D800002609B68984700BF00441F4000002E403F
:101D900000C00A4003002000000012EB0080202059
:101DA000F8B500BFF8BC08BC9E46704700000000B4
:101DB0005FF800F0B9A200005FF800F015D0000055
:101DC0005FF800F0FDB900005FF800F08DC400007E
:101DD0005FF800F01DAD00005FF800F0CDA5000039
:101DE0005FF800F0B1D100005FF800F029C30000F7
:0C1DF00005010000792B00000DA100008F
:101DFC006CC00F40030000000E0D00007983000042
:101E0C002A3600001400000013000000010000003E
:101E1C00F4841F402B32000014000000130000005B
:101E2C0001000000F8841F402D3100001400000058
:101E3C001300000001000000F0841F402CFFFF0085
:101E4C001400000000000000000000000100000071
:101E5C0000000000EC841F400000000000000000A7
:101E6C006CC00F4030000000100F000079830000A0
:101E7C000127000017000000120000000001000004
:101E8C0014851F401AFF0000120000000000000023
:101E9C000100000018851F401BFF0000120000000D
:101EAC00000000000100000010851F400026FF000C
:101EBC0017000000120000000000000001010000EB
:101ECC00010000000C851F400C851F400000000025
:101EDC006CC00F40C0000000504F00004D8400004B
:101EEC000CFF0000130000000000000000000000C8
:101EFC0024851F400BFF00001300000000000000B1
:101F0C000000000028851F400DFF0000130000009A
:101F1C00000000000000000020851F400A2524005E
:101F2C001300000012000000120000000102030068
:101F3C000000000000000000000000000000000095
:101F4C001603550053004200200053006500720038
:101F5C00690061006C000000180354006500650006
:101F6C006E00730079006400750069006E006F00EC
:101F7C000403090409026200030100C032080B00CB
:101F8C000202020100090400000102020100052402
:101F9C000010010524010101042402060524060099
:101FAC00010705820310001009040100020A000059
:101FBC0000070503024000000705840240000009E9
:101FCC0004020002FF6AFF000705810240000107BE
:101FDC00050102400001000009026200030100C07B
:101FEC0032080B0002020201000904000001020287
:101FFC00010005240010010524010101042402063E
:10200C0005240600010705820310000509040100E0
:10201C00020A000000070503020002000705840203
:10202C000002000904020002FF6AC70007058102D2
:10203C000002010705010200020100000A0600026D
:08204C00EF0201400100000059
:10205400000000000000000000000000000000007C
:10206400000000000000000000000000000000006C
:10207400F8B54FF084439D695A6915400DD0254F3A
:1020840001269D6195FAA5F4B4FA84F457F8243036
:1020940006FA04F49847A543F4D11F4B9D695A6985
:1020A40015400DD01D4F01269D6195FAA5F4B4FA93
:1020B40084F457F8243006FA04F49847A543F4D17D
:1020C400174B9D695A6915400DD0164F01269D6125
:1020D40095FAA5F4B4FA84F457F8243006FA04F413
:1020E4009847A543F4D1104B9D695A6915400DD00A
:1020F4000E4F01269D6195FAA5F4B4FA84F457F8BD
:10210400243006FA04F49847A543F4D1BFF34F8F63
:10211400F8BD00BF008300200040004280830020FF
:10212400008000420084002000C00042808400201F
:102134000548064B1B1AD90F01EBA301491002D025
:10214400034B03B118477047C08A0020C08A00209F
:102154000000000008B5054B1BB105490548AFF365
:102164000080BDE80840FFF7E3BF00BF00000000A7
:10217400E89600200090016000207047704700BF7F
:102184000A2910B4837C2FD00D2921D0427C90F8E9
:102194000CC094450FD990F80DC09C4513D9046A1E
:1021A40054F823309954427C017B0132837CD2B2AF
:1021B4009142427412D80133427B0021DBB2417454
:1021C400934283740DD300238374012010BC7047A1
:1021D40000210A464174017B9142ECD9427B93422F
:1021E400F1D2012010BC704701330021DBB20A4652
:1021F40041748374EFE700BF10B5044600230A4A14
:102204004FF48070A1600121A08204F124002177A1
:102214001946A3612362C4E90023C4E903334022BD
:102224000CF020FF204610BD9C0D0020F8B504469C
:102234008068414B2173627303F16006B0F8645007
:10224400B0F86670B5FBF1F5B7FBF2F7EDB23B49B8
:10225400FFB21A79AA4203D85A79BA4298BF1968C8
:1022640008339E42F5D1083009F0C8F8A168627BB2
:1022740091F89D00236A1746A07391F89E00E073BD
:1022840091F9AE1021747BB1002A42D0002553F895
:10229400250018B10AF00EFE627B236A0135174649
:1022A400AA42F4DC002B34D1B8000AF001FE064641
:1022B4002062002F38D000252F4600E0266A207BBC
:1022C40001300AF0F5FD202146F82500227B0CF0B0
:1022D400C9FE226A237B52F825200135D754637B3B
:1022E400AB42EBDC4FF0000204F11106A4F811201C
:1022F4005BB10025236A2021227B53F82500013598
:102304000CF0B0FE637B9D42F4DB4FF0000333809E
:10231400F8BD18460AF0CEFD677BB8000AF0C8FD88
:1023240006462062002FC6D104F111064FF00003C7
:10233400A4F811703380F8BD80020020881F0020AB
:1023440038B5437B05465BB100242B6A20212A7BE8
:1023540053F8240001340CF085FE6B7BA342F4DCBB
:102364004FF00003A5F8113038BD00BF4FF0000353
:10237400A0F81130704700BF037B03F1FF3C5FFA04
:102384008CFC8B4288BF8C46417B4B1E80F811C06D
:10239400DBB2914288BF134683747047002283687E
:1023A4000121427503F1080009F0F8BC0122836899
:1023B4000021427503F1080009F0F0BC2DE9F04F4B
:1023C400447B8DB090F91020836812FB04F1B3F8BC
:1023D400649089B2B3F86630994280F0EF805B1A5A
:1023E400611C93FBF1F30893774985690B685B1BC8
:1023F400B3F5FA7F05D90B688361037F83F001038A
:102404000377002C00F0CD80074600F1240300245C
:10241400089D3E7BC8460693002E00F08B80386AE8
:10242400013E4FF0FF3B50F8241001EB0B030E4428
:10243400C1F1010E03EB0E0113F801CFBCF1200F23
:1024440018BF8B469E42F5D10BF10106BB7B13FBF3
:1024540006F189B2414580F0A180B8EB010148BF83
:1024640001314910079112FB045A1FFA8AF10391B2
:10247400002E50D0A10009940026079C0491CDE9B8
:102484000A851D460DE003980244B86892B20830EC
:1024940008F06EFF5E453BDA0136BD7B97F91020EC
:1024A400386A049B15FB0645C358A9B29B5D072BEC
:1024B400E9D8082A6FDD52100398043A02441FFA3F
:1024C40082F909F10808069A05944C4602EBC30AFE
:1024D4001FFA88F901F10708072501E0013D0ED331
:1024E4009AF800302B41DB07F8D5A8EB0501B86852
:1024F400224689B2083009F055F8013DF0D2621C39
:102504000AF1010A94B24C45E6D15E45059CC3DB51
:102514000B9DDDE90948BB7CA34218D001347B7BC9
:10252400089AA34215443CDD3E7B97F91020002E07
:102534007FF475AF12FB04539BB20393B8F1000F01
:102544003FD04FEA58030793BB7CA342E6D1BB7B41
:102554007E7C0799FA7C06FB0316B6B222BB3B7D50
:10256400002BDBD03B7F002BD8D0B8680221083089
:1025740009F036F897F910303146039A9BB200936C
:10258400B868BB7B083008F013FBB8680121083039
:1025940009F026F8C2E7DDF80C9092E700210791D4
:1025A40061E70DB0BDE8F08F0399FA7BB8680A447F
:1025B4003146083092B208F0E1FFD0E700230893D7
:1025C40012E7CDF81C80A6E7BC9C0220437D03B92A
:1025D400704710B504468068083008F07DFB20463B
:1025E400FFF7ECFEA068BDE81040083008F080BB9F
:1025F400494B70B51A5C52B1484A52F8201031B1B7
:10260400474951F8201052F8202091426CD2454A93
:10261400454952F8204051F820108C4231D2DFF85D
:1026240030C1424B5CF8204053F820E0002C3AD1F2
:102634000EEB803E3E493F4C31F81E1024F810103A
:102644003D4C4FF001063D4DDFF8D4E02E5454F8D4
:102654002050294444F8201052F82010013142F847
:1026640020105EF8202001324EF8202053F820205C
:10267400013243F8202053F82020B2F5804F2AD0AD
:1026840070BD1B5C83B30021DFF8C4C0274B42F844
:1026940020104CF8201043F820105CF8204053F828
:1026A40020E0002CC4D0E143254D01F0010101EBF1
:1026B400400155F82150A54225D0BEF1000F1ED18E
:1026C400DFF890E01B495EF8204031F81010013427
:1026D4004EF82040B4E7002243F820205CF8203074
:1026E40001334CF8203070BD0123144A154C1354A7
:1026F40024881049144A21F81040135470BD0D4920
:1027040031F810109CE7114C54F82110094C31F8A1
:102714001E1024F8101093E7D4960020C4960020CD
:102724006C9702201C9E0220D89600201096002050
:1027340014970020249600205C9702200C8D002022
:10274400C48200205A850020B49C0220380D002049
:1027540000970020A89D0220036818470B680360B7
:10276400704700BF0B680360704700BF704700BF2D
:10277400084611460BF0DEBC38B5D0F8B430044638
:10278400083098474FF6FD73984201D9012038BDAF
:102794000346B4F8BA20B4F8B81004F1080008F0FD
:1027A400E7FD94F89030032BF0D8DFE803F0140E23
:1027B4000802B4F8BA301B1AA4F8BA30E6E7B4F841
:1027C400B8301B1AA4F8B830E0E7B4F8BA301844AB
:1027D400A4F8BA00DAE7B4F8B8301844A4F8B8009A
:1027E400D4E700BF00B583B0019009F075FC0198EF
:1027F40003B000BD0BF034BC38B505460CF048FD01
:10280400441E2C44A5420AD2234601E0AB4220D008
:102814001C4618780CF04AFB631E0028F6D10023EE
:1028240063702878A0B12C4602E014F8010F18B1A7
:102834000CF03CFB0028F8D1A54209D020460CF04E
:1028440027FD2146421C2846BDE838400CF078BBE1
:1028540038BD2C46E3E700BF836C13B1184603F080
:102864005BBFC06C08B102F095BB4FF0FF307047FE
:10287400836C53B1187810F008000DD0D8695B69E7
:10288400C01A48BF6FF000407047C36CA3B193F8FF
:10289400310010F0080000D17047186919685A69AE
:1028A400401A5B6862EB0303B0F1004F73F100035D
:1028B400F2D36FF0004070471846EDE72DE9F04F72
:1028C400057983B00F46002D4CD12A4E34689AB155
:1028D400814688460192D9F80000274A03681B699B
:1028E400934229D10BF0BCFB48B933681B1B642B02
:1028F4002BD8019BAB42EED803B0BDE8F08F019B0F
:102904000024D9F800A0A3EB050B3768834528BF42
:10291400834605E03368DAF80820DB1B93420DD2C6
:102924002819ABEB040140440BF00AFB0444A34513
:10293400F0D825443468DCE79847D5E74FF0010325
:10294400254434688AF80C30D3E7019A4746014697
:10295400521B78190CF086FB012389F8043003B06C
:10296400BDE8F08F0021384603B0BDE8F04F0CF00D
:1029740079BB00BFBC9C0220A5070000836C00B596
:1029840083B05BB101220DF10701184603F0DAFDB3
:1029940001280BD19DF8070003B000BDC06C28B11D
:1029A40001220DF1070102F02BFAF1E74FF0FF309D
:1029B400F2E700BF836C13B1184603F0ABBFC06CE1
:1029C40008B102F027BF7047836C13B1184604F0B6
:1029D400DBB9C06C08B103F00BB9704700B5836C68
:1029E40083B08DF807103BB101220DF107011846A1
:1029F40004F0CAF903B000BDC06C0028FAD001226B
:102A04000DF1070103F0F4F803B000BD2DE9F04720
:102A1400002A4BD00D46044601EB02090026DFF8DC
:102A2400948000F108074FF6FD7A03E00120A945E0
:102A3400064420D02368384615F8011B1B6843451B
:102A440014D1D4F8B43098475045EFD80346B4F8BD
:102A5400BA20B4F8B810384608F08AFC94F89030DC
:102A6400032BE3D8DFE803F01C16100A204698472E
:102A7400A9450644DED13046BDE8F087B4F8BA3043
:102A84001B1AA4F8BA30D1E7B4F8B8301B1AA4F86A
:102A9400B830CBE7B4F8BA301844A4F8BA00C5E7A4
:102AA400B4F8B8301844A4F8B800BFE71646304666
:102AB400BDE8F0872907000010B483B00B46CDE9C8
:102AC4000012C27C002A30D072B6C27CD40708D56A
:102AD4004FF0E02C4469DCF8801121408162CCF88D
:102AE4008011910708D54FF0E02C8469DCF884113B
:102AF4002140C162CCF88411540708D54FF0E02C72
:102B0400C469DCF8881121400163CCF888111107ED
:102B140008D54FF0E02C046ADCF88C1121404163A5
:102B2400CCF88C11D2063AD462B68268934240D073
:102B3400234A836092692349C2F3011CC2F382626F
:102B440051F82CC00132BCFBF2F103B38B4232D8F2
:102B5400B1FBF3F2B1FBF2F18B422ED3B2F5817FDC
:102B64001BD2022A27D9023A530803EB032342EA71
:102B74000323C36002680321002010615162012114
:102B84001364019B1366116103B010BC7047944534
:102B9400EFD34A1CB2F5817FE3D30B4BE9E74FF047
:102BA400E021446AD1F8902122408263C1F8902147
:102BB400BAE7C368DEE70023DBE71146E9E700BFB5
:102BC40000C00F401C0F0020FF7F7F000EB400B533
:102BD40082B0083003AA52F8041B019208F0E0FE08
:102BE40002B05DF804EB03B0704700BFA2B32DE957
:102BF400F04115460E460746826800F10C0810E0C5
:102C0400C2F58074314608EB0200AC4228BF2C4662
:102C1400224626440AF0B2F8BA682D1B2244BA6050
:102C240014D0B2F5807FEBD1D7F800C011460B4C1D
:102C34004046DCF800305B68A34209D10BF07AFA15
:102C44000023BB600BF0A4FABA68D9E7BDE8F081B1
:102C5400604641469847F3E7704700BF21070000EC
:102C640070B51D4C05461D480E46FFF769FB202232
:102C7400294620460CF076FA0022237884F8202096
:102C840013B12046FFF7B8FD13480CF001FB1249BD
:102C94000246124809F07EFA012200210F48FFF78C
:102CA4006BFB202231460C480CF05CFA002223789E
:102CB40084F8202013B10848FFF79EFD06480CF065
:102CC400E7FA05490246054809F064FA0348BDE8F5
:102CD4007040FFF77BBC00BFDC8E00205C960020B8
:102CE40030B54E4C95B0D4F88024002A4CD0002343
:102CF400114668464A4A6D46009303F0F1FE0028E7
:102D04004FD0D4F8800400285BD00024014601236E
:102D1400444A2846009403F0E3FE002867D140F2B9
:102D24000223404A3D49284605F044F83E4C9DF8AC
:102D34000C3004A9DDE901022373C4E9010204F1A2
:102D4400100004F063FFA06C78B14FF4000103F0AD
:102D5400F3FFA0B1A36C002B43D0DB690022A3F5E1
:102D6400000313430BD115B030BDE06C00284FD0E5
:102D74004FF40002002302F0DDFD0028EAD12B49C4
:102D84002B48FFF76DFFFEE7D4F884146D46002945
:102D9400C5D013460C926846214A02F001FC002873
:102DA400AFD1D4F8802432B3002002F2444101238D
:102DB4001B4A0090284603F051FFD4F880040028F1
:102DC400A3D1D4F884140029A9D00C900123154A66
:102DD400284602F0E5FB0028A1D0284602F030FC8A
:102DE4009DE7E26C002ACAD0D2E90432B7E728464C
:102DF40004F060FC93E7D4F8841400298FD00C927B
:102E0400012301F58961064A284602F013FE78E79A
:102E140008490948FFF724FFFEE700BF8097022016
:102E2400100300201C030020CC9D0220540300202A
:102E340064030020340300204403002008B5264B1B
:102E4400264A1878117890B125484FF0000C83F881
:102E540000C0244B00681860002934D1224B1A7832
:102E640022B1224A127802F0FF0CF2B108BD002907
:102E7400F4D11F4B1B78002BF0D019494FF47A7012
:102E8400DFF860C01B4B0968DCF800C01B88A1EBAD
:102E94000C0100FB03F39942E0D30821164808F023
:102EA40087FF01230D4A1370D8E70122102110482F
:102EB40083F800C009F0B6FE022211210D48BDE8D6
:102EC400084009F0AFBE80210B4808F071FF4FF0B5
:102ED4000003024A1370C1E7449E0220439E02206D
:102EE400BC9C022054960020459E0220479E02204E
:102EF400658500205C850020D49C022038B5102014
:102F0400002409F0D5FC0546112009F0D1FC60F33A
:102F14000704122009F0CCFC012D60F30F2400D922
:102F240038BDA4B2002CFBD0024A034B15701C80A0
:102F340038BD00BF658500205C8500202DE9F04F79
:102F4400DFF8AC9191B06448962707F0C5FEDFF82E
:102F5400A481002299F80010604802AD98F800306E
:102F640009AC08AECDE9001011465B4807F01AFE23
:102F7400594807F0BDFEDFF880E1DFF880C1BEE804
:102F84000F000FC59EE8070003C52A70BCE80F00B8
:102F94000FC49CE8070003C422700DF107040DF16F
:102FA4002305642009F01EF904284FF000014A4863
:102FB40084BF0121484808F013FB14F8011F15F8D9
:102FC400012F454808F0EEFAB442EAD1424807F02E
:102FD4008FFE0A2009F022FB013FDED101213E4889
:102FE40008F0FEFA3C4807F077FE3D4C99F80000E3
:102FF4003A4698F8003039466FF00106394F4FF0E1
:10300400000BCDE90004344807F0CCFD324807F04A
:103014006FFE354A08213048B2F86430B3F17504C4
:1030240048BFA3F17404B2F866300091C4F34704B6
:10303400A3F10E02A3F10C057523D2B2214604F1CB
:10304400020907F0DBFD2448EDB207F051FE361B00
:103054005FFA89F9D7F800803B68A3EB0803B3F55E
:10306400FA6F13D2C3EBC30203EB021A1F4BA3FB89
:103074000A3ACAF3C71ADA450AD8052009F0CEFA83
:103084003B68A3EB0803B3F5FA6FEBD34FF0710A77
:1030940009EB0B042146013404232A46A4B20E484A
:1030A40008F076FA3319DBB29A45F3D80BF1010331
:1030B400AAEB0B020848DBB2013A534588BF002251
:1030C40013445FFA83FB07F013FEBBF1710FC3D106
:1030D40011B0BDE8F08F00BFD49C02202805002069
:1030E40028090020BC9C0220CC9C0220D34D6210F5
:1030F4005E8500205F85002074030020E00200202C
:103104002DE9F84F2C4C4FF480222C4BDFF8D08063
:1031140004F104092A4F2B4D2B4EDFF8C0A0C3F84D
:10312400842014F8013BFBB94C4508F1010807F170
:10313400020705F10205F4D12449C824244A486849
:103144001268244B120C04FB02F25208A3FB023255
:10315400120A4B681B1A9A42FBD8184B4FF4802270
:10316400C3F88820BDE8F88F3B88B5F900209B1888
:103174001CD4B3F5803F4FEA13221ADA4FF0005BF8
:103184001548C6F888B08AF801208AF80230134A34
:1031940098F8003011468AF80030032307F002FB48
:1031A4000023C6F884B004F8013CBDE700231A46A6
:1031B400E4E7FF231A46E1E70C8D0020008000427B
:1031C400249600200892002000400042001000E0F5
:1031D400F081002011239708F4810020209600201C
:1031E400580D0020224B2DE9F0475B68002482B083
:1031F400204E9A46DFF89480FFF782FFA1462246CC
:103204001D4F355D9DB118F80430E0B2FBB13B5D54
:103214001A49362B4FEA031006F8049001EB031306
:1032240008F8049003D80958DB68C1F888300134E1
:10323400042CE6D19AB10E4B114A5B681168A3EBDA
:103244000A03994200D2136002B0BDE8F08701344A
:10325400FFF7CEF905F0FF02042CD2D1EAE70948C2
:10326400019208F039FF084B019A1A70E3E700BF96
:10327400001000E010970020340D002030100020D2
:10328400C0960020F8820020479E0220B49C0220B1
:103294002DE9F8434FF48022264B06460024DFF83C
:1032A400BC80254F254DC3F8842046FA04F3DB0780
:1032B4001AD40134042CF8D12149C824214A48687D
:1032C4001268214B120C04FB02F25208A3FB0232D7
:1032D400120A4B681B1A9A42FBD8164B4FF48022F1
:1032E400C3F88820BDE8F88338F8143037F914207F
:1032F4009B1819D4B3F5803F4FEA132117DA134A08
:103304004FF00059105D124AC5F888901070517042
:103314001146937003230F4807F044FA0E4B002222
:10332400C5F884901A55C4E700231946E7E7FF233C
:103334001946E4E700800042089200200040004261
:10334400001000E0F081002011239708580D0020A0
:1033540020960020F48100200C8D0020249600206B
:103364001D4B4FF4802CC3F884C0A3F580434FF069
:10337400005CC3F888C0194B1B685866D86D10F4FC
:10338400F81FFBD0586F5966D96D11F4F81FFBD0A4
:10339400596F5A66DA6D12F4F81FFBD05B6F4FF069
:1033A40000500F4A4FF0C80C0E4B0F49C2F884006E
:1033B40048681A680D4B120C0CFB02F25208A3FB6E
:1033C4000232120A4B681B1A9A42FBD8024B4FF482
:1033D4008022C3F88820704700800042F4810020D6
:1033E40000400042F0810020001000E01123970803
:1033F400174A0021174B125C10B504460C201C70B0
:10340400FFF7AEFF00221C201146FFF7A9FF012C95
:10341400114894BF00220122104B032C4FEAC23200
:1034240003F10801028007D000221A80043323F834
:10343400022C9942F9D110BD094A043314885088EA
:103444000432994223F8044C23F8020CF5D110BD40
:10345400300D0020648500205A8500200892002049
:10346400308E0020204A4FF0FF332048127803604A
:10347400531F032B1AD8DFE803F00E0A06021C4977
:103484001C48FFF7EDBB1A491B48FFF7E9BB1B4972
:103494001B48FFF7E5BB1B4B1B781BB91A491B489C
:1034A400FFF7DEBB1A491948FFF7DABB013A194B9B
:1034B400D1B253F821308BB1174B5B5C83B1174BFE
:1034C400DFF864C05B5CC3F102035CF82310DFF82F
:1034D4005CC003605CF82200FFF7C2BB1049F6E74A
:1034E40010490123F3E700BF6385002040850020D5
:1034F400EC03002004040020F0030020C803002093
:10350400D80300206585002094030020B403002024
:1035140090030020D896002010970020B49C02202D
:1035240098030020A4030020000F0020F00E0020C8
:103534002DE9F04300248FB08046DFF860912546E2
:1035440048FA04F3DA0726D559F824C00023444A7C
:10355400444F454E45484649BCF1000F1BD047F83F
:10356400243046F82430165D424A40F82430362E82
:1035740041F82430E0B242F824303F4A3F49135521
:103584004FF001023E4B1A550FD9FFF731F80123D2
:10359400A3402B43DDB20134042CD1D115B1394CF5
:1035A400237853B10FB0BDE8F083330101EB061665
:1035B400CB58F268C3F88420E7E73349334B344AE5
:1035C4000293049291ED007BB5EEC07BF1EE10FA0C
:1035D4002BD49FED216BB4EEC67BF1EE10FA24DC04
:1035E400B3EE085B04AEBEEE006BA7EE056BFCEE1B
:1035F400C67B17EE902A102A1AD8DB683046984703
:103604000123284623700024FFF742FE45FA04F301
:10361400DB0706D40134042CC4D045FA04F3DB07D9
:10362400F8D5E0B2FEF7E4FFF4E71A4B04AEE5E7A1
:1036340031460AA80893CDED017AFFF78FF8019A75
:1036440008A9154808F0C4FC089B0AA8DB68984739
:10365400029BD2E7AFF30080000000545555A5410A
:10366400340D00201C9E022000970020109600209C
:103674006C9702205C970220B49C0220301000203A
:1036840010970020479E0220C88100200C0F0020C4
:10369400951100001D070000F8820020D896002034
:1036A40010F00F0039D0204A00232DE9F0419C4648
:1036B4008E461E4CB2F800801D4F1E4E40FA03F297
:1036C400D20713D51C4A04F803C002F803C0F25C05
:1036D4001A4D362A27F813E008D81101F04505EBF6
:1036E40002126D58D26819D0C5F884200133042B16
:1036F400E4D1134CFFF7CCFD237863B100230B49CD
:10370400CA5C013302F0FF052AB9042BF8D10D4835
:1037140008F0E2FC2570BDE8F08170470133C5F87C
:103724008820042BCAD1E4E75A8500201097002092
:1037340024960020340D0020B49C02203010002078
:10374400479E0220F882002070B5064672B6134DDB
:103754000F20134C2988FFF7A3FF002311494FF0D2
:10376400FF329C4644F823C001EBC30041F83320E8
:1037740001334260042BF5D13046FFF739FE298826
:103784000023094A0F2061F30F0361F31F43C2E9C9
:103794000033FFF77DFD62B670BD00BF5A8500207F
:1037A400D8960020C482002024960020374A08B509
:1037B4001368012B10D0022B08D0BBB90123344964
:1037C40013600B70BDE80840FFF74CBE0123136083
:1037D400BDE80840FFF746BE2D4B1B78072B4CD89D
:1037E400DFE803F0050505050539311908BD72B692
:1037F400013B284A0120DBB29840D25CC0B21AB126
:10380400254AD35C002B33D0FFF792FE62B6BDE8A5
:103814000840FFF727BE72B620490022204B0F2034
:1038240009881A70FFF73CFF62B61E490846FFF785
:1038340017FA4FF47A7008F0F1FE4FF0E0231A4AB9
:10384400C3F80C2DFEE70223184919481360BDE89C
:103854000840FFF705BA174A012017491378087082
:10386400B3FA83F35B091370BDE80840FFF7FABDB0
:103874000A4B1988FFF714FFC8E700230F491048C3
:1038840013600968BDE80840FFF7EAB950960020C4
:103894006385002010970020B49C02205A850020E4
:1038A400499E0220EC0300200400FA0518040020BD
:1038B4002404002065850020459E0220A482002067
:1038C400D881002038B529205E4D08F0C3FC5E4A3B
:1038D4000346242014682B6008F042FF5B4B021E51
:1038E400197818BF012291422ED059491A700C60E0
:1038F400584A00202B68126857499342087017DA17
:10390400564A0120564912780870002A40F08C80EB
:103914000021544C544A21701168544C01292068E8
:1039240030D0C72B2CDC01239842136062D038BD01
:103934004F4A12689342EBDD484A01204849127805
:103944000870002AE4D06BE01970414B1B68E41A3C
:103954004B2C94BF00240124002818BF0024002C01
:10396400C6D03E4901223C4B3D4809781A7002708A
:1039740000294AD13B4C217800295BD02B68C9E748
:1039840002292CD03A490968994228DA02230128ED
:103994001360CCD1374B1A78082A18BF501C187002
:1039A400FFF760FD2368012BC1D1324A1278042A43
:1039B400BDD8013A3049D2B251F8221000293ED084
:1039C4002E49895C19B12E4B9B5CC3F102032D4A2D
:1039D40012689A42ABD0BDE83840FFF743BD1D4999
:1039E40009689942DEDA224909689942DADD00233E
:1039F4001360D7E71F4B1A78012A14BF02F1FF3274
:103A040008221A70FFF72EFDCCE712492B680968CB
:103A140014488B42027007DB154A1268934286DD14
:103A2400114B02221A6038BD114A01200E49126856
:103A34000860F3E7FFF7BAFE074B19789EE70B46D9
:103A4400C5E700BF088D0020BC9C022062850020D1
:103A540058960020D4810020329E0220439E0220EA
:103A6400449E0220349E0220188D0020509600208F
:103A7400D081002063850020D89600201097002074
:103A8400B49C0220408500200023DFF85CC0194666
:103A940040FA03F2D2071CD510B45CF82320104C72
:103AA40032B10122E45C9A4084B10E4CE45C6CB9FE
:103AB4000133042B06D040FA03F2D407EDD40133CA
:103AC400042BF8D1084610BCFFF732BD1143C9B22C
:103AD400EEE70133042BDBD10846FFF729BD00BF15
:103AE40010970020B49C0220D8960020C0F1010C4D
:103AF400002370B5DFF868E05FFA8CFC134C0EEB22
:103B040080021846D15C89B1E15C114D71B1E95C68
:103B14000EEB8C0651B9F55C0E491DB111F80C1071
:103B240002290CD0012199400143C8B20133042B6E
:103B3400E8D1094BBDE870401988FFF7B1BD0749CA
:103B440011F80C100029F1D1ECE700BF1097002008
:103B5400B49C0220C89C02205A850020C49C0220E8
:103B6400288E0020F8B5214B13F800C05FFA8CFCB6
:103B740059B31F494FF0010E00231E4D81F800E098
:103B84001D491F461C4601EB8001CA5C82B10EFA36
:103B940003F255F82300224350B1184E1848F65C3E
:103BA4002EB1C05CBCF1040FC0B200D088B1D4B255
:103BB4000133042BE9D1134B38461988FFF770FD04
:103BC4002046BDE8F840FFF7B3BCBCF1020F09D0B2
:103BD400F8BD0CFA03F23A43D2B2BCF1010F08BFAC
:103BE4001746E5E7BDE8F840FFF780BFC89C022010
:103BF400449E0220D8960020288E00201097002092
:103C0400B49C02205A850020164A0B46125C362AC0
:103C14000AD815494FEA021C01EB021251F80C10A4
:103C2400D268E3B1C1F88420104A115C8B4203D0FE
:103C340019461354FFF796BF00B583F0010183B012
:103C4400115401930090FFF78DFF019B074A0098E0
:103C54001946135403B05DF804EBFFF783BFC1F8B2
:103C64008820E1E72C0D002030100020C49C0220A5
:103C7400074A084B91681B78C1F3001181F00101D8
:103C8400C9B213B10020FFF7BFBF034B19707047CF
:103C940000C00042499E0220C49C0220074A084BEF
:103CA40091681B78C1F3401181F00101C9B213B1CD
:103CB4000120FFF7A9BF034B5970704700C00042B1
:103CC400499E0220C49C022072B61B4BB3EE085BD3
:103CD4001A4A03EB5003DFF870C019491278CCF884
:103CE4000000B3FBF0F307EE903AB8EE677B87EE83
:103CF400056B81ED006B0AB962B670479FED0C7BD2
:103D0400B4EEC76BF1EE10FAF6DCBEEE007BA6EE65
:103D1400057BFCEEC77B17EE903A102BECD9094AD1
:103D24001268002AE8D0C2ED007AE5E7AFF300801C
:103D3400000000545555A54100366E01479E0220EF
:103D4400C8810020F88200203C850020F8B51D4B76
:103D54000D461D4C01EB801153F820301746A06C22
:103D6400C9031E46A8B102F00FFDB8B1A6EB853217
:103D7400A06CB2F5804F28BF4FF48042550078B153
:103D84002A46394602F0DEFB281AB0FA80F04009D0
:103D9400F8BDD4F84CC0BCF1000F08D10020F8BD28
:103DA400E06C60B12A46394601F02AF8ECE7034694
:103DB4000A46604601F004F90028D7D1EEE74FF037
:103DC400FF30E1E7D8960020CC9D02202DE9F04396
:103DD400002583B0234C244E244F002372B6E25CAA
:103DE400D2B1F25CC2B957F8230043F6FF722049FE
:103DF400821851F82310920BCDB969B191420BD2BC
:103E04006FEA0108DFF8749008F0010808EB430832
:103E140059F828208A4210D162B60133042BDDD12F
:103E24006B1C0125022BD8D103B0BDE8F08301310E
:103E34008A42E2D80F4AD25CEEE74FF0FF3249F8EB
:103E4400282062B60C4AD8B2009352F82820019177
:103E5400FFF77CFF009B0028DFD0019949F8281068
:103E6400DBE700BF10970020B49C0220D896002006
:103E740000970020D4960020380D0020C482002032
:103E84002DE9F04F95B0002401227A4804A98DF859
:103E94001040FEF713FD9DF81050042204A9754844
:103EA4000494FEF70BFD6A1EDDF810805FFA82FAB7
:103EB400BAF1030F04D808F1FF316F4B99422DD9A1
:103EC40018EB08044FF0000343EB030754EA07031D
:103ED40019D0DFF8A0910EE0412C77F1000201D354
:103EE40040251E462A46FEF7E9FC641B67EB0607DD
:103EF40054EA070307D099F8043004A95D4825461D
:103F04003E46002BE8D00023012204A959488DF82D
:103F14001030FEF76BFE15B0BDE8F08F72B64FF0AF
:103F2400010B564B0BFA0AF01988C0B2FFF7B8FB25
:103F3400534A4FF0FF3342F82A40524A02EBCA0177
:103F440042F83A304B6062B64F494FEA4A57CDF8CF
:103F540004A0454601EBCA33DFF81891BA46CDF800
:103F64000C805F4602931EE0E343019A03F00103D1
:103F740003EB4203454A52F823B04FEA4608594638
:103F84003C484246FEF79AFC99F80430002BBAD11B
:103F9400A7B90027AD1B0AF5004A661CFFF716FFF8
:103FA400002D2DD03446B5F5804F2E4628BF4FF452
:103FB4008046002CD8D1DDF808B0DEE7344B986C8D
:103FC40090B1514602F0E0FB0028E2D0304B986CEF
:103FD40000283AD05946424602F0D6FEA8EB000724
:103FE400B7FA87F77F09D5E7294BDA6C002AD0D0D6
:103FF40003461046524600F0E3FF0028E6D1C8E726
:10400400DDF80C80DDF804A0002F3FF47CAF204BDA
:10401400986C18B302F07EFC00283FF474AF7CB1B6
:1040240006F00106174A012C06EB4A0342F8234026
:1040340006D086F00106013C06EB4A0342F8234011
:104044000F4A012342F82A805EE7114BD86C0028FE
:104054009FD05946424601F0CBFDBFE7D86C0028FB
:104064003FF451AF01F0D6FB00283FF44CAF002CD5
:10407400D6D1E5E71C8D00203F420F005A85002071
:10408400D8960020C482002014970020380D002008
:10409400CC9D0220C04BC14A186803681B69934237
:1040A400F0B58DB040F0B28009F0DAFF08B90DB078
:1040B400F0BD4FF00003012208A9B7488DF8203065
:1040C400FEF7FCFBB64A9DF820301278B5499A42B7
:1040D4000B70ECD14FF000010122B34B8DF820108E
:1040E40008A9AD481A70FEF7E9FB9DF82020AD49F8
:1040F400A2F121030A70422BD9D801A252F823F06D
:10410400692400005F2000005F2000005F200000A1
:104114005F2000005F2000005F2000005F2000009F
:104124005F2000005F2000005F2000005F2000008F
:104134005F2000005F2000005F2000005F2000007F
:104144005F2000005F2000005F2000005F2000006F
:104154005F2000005F2000005F2000005F2000005F
:104164005F2000005F2000005F2000005F2000004F
:104174005F2000005F2000005F2000005F2000003F
:104184005F2000005F2000005F2000004924000041
:104194005F2000005F200000B92300008523000099
:1041A400052300005F2000005F200000FB220000C8
:1041B4005F2000009D2200005122000035250000F0
:1041C4000525000057250000B3240000BD2500008C
:1041D4005F2000005F2000005F200000DF2400005B
:1041E4008D250000112200005F2000005F200000E8
:1041F4005F2000005F2000005F2000005F200000BF
:104204005F2000005F200000C121000098474DE7B7
:104214000023012208A960488DF82030FEF74EFBE8
:104224009DF820400023022208A95B48ADF8203005
:10423400FEF744FB012CBDF8203000F20182002B74
:1042440000F0FE815948012208A9047058488DF8ED
:1042540020200380574B50481A70FEF7C7FC26E70E
:1042640072B604AA08A90023DFF860E11746DFF854
:1042740060C15EF8230042F8040B5CF823000133AC
:10428400042B41F8040BF4D162B61022394642489B
:10429400FEF7ACFC102208A93F48FEF7A7FC06E78E
:1042A40008A904223C48FEF709FB08AB09A91A78BF
:1042B4000133012A00F2BB818B42F8D172B63E4B26
:1042C4009DF820C09DF821009DF822109DF8232020
:1042D40083F800C058709970DA7062B6012204A99C
:1042E4002D488DF81020FEF781FCE0E6032308A991
:1042F400012229488DF82030FEF778FC4FF00403A2
:1043040008A9012224488DF82030FEF76FFC2B4BBE
:1043140008A9042220480893FEF768FC284B08A942
:1043240004221D480893FEF761FC4FF4804308A95A
:10433400042219480893FEF759FC224B042208A9C9
:1043440015480893FEF752FCB1E60DB0BDE8F04005
:10435400FFF796BD0822104808A9FEF7AFFA08AB8C
:104364000DF11F020DF1270012F8011F012900F2BF
:104374005E819042F8D172B60022134913F801CB42
:10438400881801F802C0013293F803C0042A80F8A7
:1043940004C0F3D1A1E700BF1C8D0020A5070000D5
:1043A40060850020339E0220449E02206585002003
:1043B4005C850020459E0220D496002040420F00D8
:1043C400A086010000366E01288E00206C97022022
:1043D4005C9702205723012208A9A7488DF82030B2
:1043E400FEF704FC0123042208A9A3480893FEF75E
:1043F400FDFBA2490022A24BA24809681A600DB035
:10440400BDE8F040FEF72CBC72B6002004AA08A94F
:10441400DFF8A4E206461746DFF8A0C29A4B9B5D7C
:104424004BB19A4DAC5D012505FA06F30343DBB2AB
:10443400002C08BF18465EF8263042F8043B5CF8AE
:10444400263041F8043B731C042B1E46E6D1904AE7
:1044540000231468136062B6012203A98DF80C00CE
:104464008548FEF7C3FB394610228348FEF7BEFB9E
:1044740008A910228048FEF7B9FB864A8648002323
:104484001268A4FB00010AF06FF83246039003A9F6
:104494007948FEF7ABFB0AE6102208A97648FEF736
:1044A4000DFA72B67D4B0B9A089CDDE909011C607C
:1044B40058609960DA6010E74FF00003012208A900
:1044C4006D488DF82030FEF7F9F99DF8203008A9E1
:1044D4000222694801934FF00003ADF82030FEF743
:1044E400EDF9019BBDF820100F2B40F2B5804FF081
:1044F4000003012208A960488DF82030FEF776FBFE
:10450400D5E50023042208A95B480893FEF7D6F9F1
:104514000898634A411E914240F29B800023012285
:1045240008A955488DF82030FEF760FBBFE500234D
:10453400012208A950488DF82030FEF7BFF99DF8F4
:10454400200072B6574B00F00F001988FFF7A8F847
:1045540062B6ACE572B6534B0F201988FFF7A0F88A
:1045640062B6514BDFF81CC10FCBACE807004349DE
:104574006046434A4FF0000C096820F80C39C2F831
:1045840000C03CE70023012208A93B488DF82030F5
:10459400FEF794F99DF8200072B600F00F00FFF7C3
:1045A40073FA62B683E500233348012208A98DF823
:1045B4002030FEF783F99DF820000023032840D81B
:1045C4003A4B1B78834201D0FFF7BEF8012208A9B9
:1045D40029488DF82020FEF709FB68E506222648C5
:1045E4002849FEF76BF9324A264BDFF890C003CA1C
:1045F400C3F80600C3F80A109078118800221874D2
:104604001846D981DCF800101D4BF7E6022208A9F0
:104614001948FEF753F99DF82030022B01D9042BD9
:1046240005D19DF82130022B1CD9042B1AD000236C
:10463400012204A910488DF81030FEF7D7FA36E5A8
:104644000023012208A90C488DF82030FEF7CEFA89
:104654002DE5FFF739FBB9E772B61846FFF720F8E6
:1046640062B6B3E772B6134B9DF820109DF8212073
:1046740019705A7031E600BF1C8D0020A4820020FE
:1046840050960020D881002010970020B49C02206E
:10469400C0960020F081002000CA9A3BC4960020F6
:1046A4009F8601005A850020500400206485002064
:1046B40060040020C89C0220D8960020A89D0220F7
:1046C40038B572B6194A42F21074194B00201460BE
:1046D4001849194A1B78C2E90001F3B962B6174BAD
:1046E4001B78032B02D00320FFF72EF872B60023A9
:1046F400134D144C4FF0010C13491A46EA54C818D0
:1047040044F8232001F803C001330271042BF5D1CE
:104714000E4B1A705A7062B638BD0D4B1B68002BD5
:10472400DCD040F65F121A60D8E700BF3C85002059
:10473400479E022000005940C88100206485002063
:10474400D4960020C4960020288E0020C89C022005
:10475400F8820020F0B5012183B02220002408F063
:1047640011F801211C208D4D08F00CF88C4805F03F
:10477400FFFE8C4B8A4893E80600FEF79DF98A49B0
:104784004FF48020894B4FF00052C1F88800C3F8E1
:1047940084202046013408F08BF805F8010B082C1E
:1047A400F7D1FEF7ABFB00221C20FD241146FEF7D7
:1047B400D7FD0320FEF71CFE1F2200211020FEF768
:1047C400CFFD7B4900237B4A09880F2061F30F0347
:1047D40061F31F43C2E90033FEF75AFD764807F040
:1047E400D3FA754806F0E8FA0021734807F0D6FAC0
:1047F400A223B422714972480094FEF7E7F9714C80
:10480400FEF79CFB80216C48261D07F0D1FA02229A
:1048140010216D48FDF70AFD6B48FDF791FD6A48CC
:10482400FDF7A4FD6848FDF7B9FD642007F0F6FE26
:104834006548FDF7BBFD0021022007F0A3FF00211E
:10484400032007F09FFF0221242007F09BFF012192
:10485400084607F097FF0021012007F05FFF0121C0
:10486400042007F08FFF0021042007F057FF14F8FD
:10487400015B0121284607F085FF0021284607F047
:104884004DFFA642F3D1514C4FF000012046A4F253
:104894008C4504F0E7FE2046C5F8884404F07CFA11
:1048A400002869D10123D5F88814009028461A46B7
:1048B40003F006FA002855D0D5F88034002B60D0D8
:1048C400DB79402B65D0FEF70BFAFFF7F9FE404B7E
:1048D400402118681971A0B13E4B3F4AC3183F4CA0
:1048E4001B11D1541378507891788342D27828BF21
:1048F40003468B4228BF0B46934228BF134684F8D5
:104904007A30374F0024374E374D17F8010B07F034
:1049140027FFB0FA80F316F8010B5B092B55295DCC
:1049240007F0FCFE601C01240228EED104222F496A
:1049340008F08AF904222E49032008F085F9274952
:1049440040202C4A2C4B81F89D0011684FF0010245
:104954002A481A7000222A4B1A6003B0BDE8F040BE
:10496400FEF77EB90346D5F8881401220090284644
:1049740003F0A6F900289FD122492348FEF770F9D5
:10498400FEE7D5F88434002B9DD093F84434402BB3
:1049940099D11E491E48FEF763F9FEE7308E0020C8
:1049A400F4810020108D002000800042004000426D
:1049B4005A85002024960020D49C02206C040020F8
:1049C400CC9C0220340D00205C9600200C9C02201C
:1049D400F882002000BFF7BFA882002000E400E0B6
:1049E400280D00202C0D0020C49C0220211C000056
:1049F4004D1C0000A4820020499E0220D881002082
:104A0400509600203403002044030020300400208A
:104A14003C040020F0B583B072B6454B0027454CEA
:104A24000F2019882770FEF73BFE62B6424D4349BA
:104A34004348FEF715F92E6803E02B689B1B642B93
:104A440050D8242007F08CFE0128F6D03D4D0026D6
:104A54003D493E48FEF704F93D4FFFF731FE2E7104
:104A64000BE009F0FDFA034601220DF10701284687
:104A740083B18DF80760FDF721FF286803681B697F
:104A8400BB42EED09847034601220DF107012846A8
:104A9400002BEED14FF47A7007F0C0FD01232D49AD
:104AA4002D4A0B70137072B62C4A2D4B117818696D
:104AB400DD69002931D1C0F888505278196CDB6C5B
:104AC400002A31D0C1F884300123237062B625490D
:104AD4000022254B254809681A6003B0BDE8F04060
:104AE400FEF7BEB8012F4FF0844687F0010320493A
:104AF4004FF004074FF04000324609D104261C4908
:104B04004020C2F88860C1F888002E681F4698E7E4
:104B1400C6F88470C1F88400F7E7C0F8845052786E
:104B2400196CDB6C002ACDD1C1F88830CCE700BF0A
:104B34005A850020499E0220BC9C0220700400205B
:104B4400840400201C8D002094040020A004002074
:104B5400A5070000349E0220449E0220C49C02202B
:104B640030100020A482002050960020D88100201C
:104B740000C0004210B5124CFFF728F9FFF78AFA7B
:104B8400A16869B120680F4A03685B68934212D137
:104B940004F10C0009F0CEFA0023A36009F0F8FA3E
:104BA400FEF74CF9FEF78EFE237903B910BDBDE87C
:104BB4001040FFF72FBF0A4604F10C019847EBE7BA
:104BC4001C8D00202107000038B507F04DFE00249D
:104BD4002D4B2E4A2E491A601C7101F108002D4AF2
:104BE4000D469C602C4BC1F8B840C1F8B430C1E903
:104BF400002406F07FFE294A294B05F108002949C3
:104C04002A60294A06F0F0F81023252205F108004D
:104C1400112105F02FFF29462448FDF7EDFA244A17
:104C24002449254809F09AFC24492548254B086065
:104C34002548264A486026482649C3F88C04264855
:104C4400C3F898140721C3F8A0044FF02850C3F800
:104C5400A4144FF47A71C3F88044C3F88444C3F8AD
:104C6400884483F89444C3F89C44C3F8A844C3F824
:104C7400B044C3F8AC04194B546014739464916049
:104C8400D464136038BD00BF1C8D002094820020C2
:104C9400CC9C0220CC0D002095980000B40D00207F
:104CA400B1870000CC130020E18800005C9600204E
:104CB400B482002095070000F8820020108D0020A7
:104CC40080C3C9018097022007000080CC9D022088
:104CD400080E0020800E002000093D00E40D002095
:104CE40030B500F1240385B08C460446154693E89C
:104CF400070001AB83E807004FEA4C121946206A0B
:104D040001F018FA012806D12A4601A9206A01F007
:104D1400CDF905B030BD002005B030BD10B5044656
:104D240000F078FD002384F8313084F8333010BD6E
:104D340090F831C0BCF1000F01D00020704710B5CD
:104D440082B00C463822614601900AF08BF90122A8
:104D5400019B402110461C6283F8332083F83110F4
:104D640002B010BD70B514460A789E460B46202A40
:104D740003D113F8012F202AFBD02360A3601978F4
:104D8400C1B32F2929D05A1C1C4DA1F1220C1F2973
:104D94005FFA8CFC06D9BCF11D0F25FA0CF303D87D
:104DA400DB070FD5002070BD81F0FF0C4FEADC1348
:104DB40001F0DF0CBCF15C0F0CBF002303F0010316
:104DC400002BEFD02E29134602D0202918BFA26051
:104DD40012F8011B71B12F29D7D113F8012F202A02
:104DE400FBD02F2AF9D02146CEF80030BDE8704020
:104DF40001F078B82F29F0D0F5E700BF0121003584
:104E04002DE9F04F90F8333083B00446DD076FD5B9
:104E140058060E46924640F1AA80D4E90023D4E90C
:104E240004101AEB020543F10003A94270EB0303DB
:104E3400C0F0A380BAF1000F56D05546D4E9003231
:104E4400276AD7F8381411EA030970D1134370D1D3
:104E540094F831305A064CBFD7F83414E169A16193
:104E640097F845240239D7F82C34C9F3080B91403C
:104E740040F2FF1003EB59231944BBF1000F42D158
:104E8400854240D9D7F8180281423CD0B5F5806FED
:104E940056D301239340A3EB59296B0A994528BFA4
:104EA400994681420AD801EB0903984206D207F5D4
:104EB4000470019105F0E2F90199C8B1D7F8140220
:104EC4004B46324607687F69B84788B14FEA49299B
:104ED4004B464E44D4E900125B1842F10002B5EB94
:104EE4000905C4E90032ABD1504603B0BDE8F08FE8
:104EF40094F832304FF0FF3043F0020384F832303C
:104F040003B0BDE8F08F002207F5047005F0E0F966
:104F14000028EDD0CBF5007900EB0B013046A94514
:104F240028BFA9464A4607F029FF4B46D1E7A169A5
:104F340096E794F83330A1695B060DD501318EE70D
:104F4400D7F81402324603681B6998470028CFD06B
:104F54004FF400739946BCE704F11802384601F097
:104F6400C1F80028C4DB0BD0276AA16978E794F85C
:104F7400313019077FF55EAF4FE7A1EB020A59E71D
:104F840094F8313013F0500FB2D0AAEB050A504612
:104F9400ABE700BFF0B583B00122044685690DF18B
:104FA4000701D0E90067FFF72BFF0128A5610CBFBB
:104FB4009DF807004FF0FF30C4E9006703B0F0BD6F
:104FC4002DE9F04F044690F83110806983B0804693
:104FD40000295BD0D4E900CE9E4508BF94455FD03C
:104FE40052EA030058D00F0704D5D4E9045095427F
:104FF40098414BD3206A551E94F83360834690F849
:105004004504009663F100060930C0B225FA00F9A0
:10501400C0F12007A0F12005BA4606FA07F701956A
:1050240026FA05F5009E49EA0709760649EA0505C8
:105034003AD41CF1FF3626FA00F04EF1FF365CEA52
:105044000E0E06FA0AF70097019F26FA07F6009F4C
:1050540040EA070040EA060001D0854228D249060A
:105064004CBFDBF83414E169A1611746994606E0A8
:10507400A169013D206A01F035F8002806DD04F13C
:105084001802002DF4D13A464B4607E00020C4F83C
:10509400188003B0BDE8F08F0021A161C4E90023AA
:1050A400012003B0BDE8F08FE1692944A161F5E76F
:1050B4002D1ADAE72DE9F04F8DB00C461946064655
:1050C400009390F83130002B40F0D580904694F84E
:1050D400312012F0500F00F0CE8001F00302032AB9
:1050E40000F0C980013201F008010A430192B8F1CD
:1050F400000F00F0CA80D8F80C2002F10E07B44A61
:10510400A2FB0727D4E90021FF080A4307F102079D
:10511400FFB204D00022A3610023C4E900234FF0AE
:1051240000094D46202204A92046FFF769FE10B36A
:10513400202840F0A0809DF910309DF81020002B0D
:10514400C0F2A580B9F1000F04D12368A3F1200BAC
:10515400A3699A4609F10103DBB2B94538BF994600
:10516400002A00F0FE80202204A920460025FFF733
:1051740047FE0028DCD1009B9A057CD5019BC3F334
:10518400400383F00103DB0775D4B8F1000F72D03C
:10519400B94580F0678143464D46B0461E462022FD
:1051A40004A92046FFF72CFE6B1C00285AD02028A7
:1051B40060D125B92268A2F1200BA2699246DDB222
:1051C400BD42ECD333464646382200213046984649
:1051D40094F8335009F046FF236AC5F3801533620F
:1051E400282386F82C5086F83130D8F80030C6E9E8
:1051F40009ABC8F804304FF000097C1E01225FFAA5
:1052040089F13046FFF76CFD0546A0B390F90030F4
:10521400002B30DB2022002109F024FFB9F1000F1C
:1052240000F0AD80B9F1010F00F0C280C1232A461D
:10523400203502F8023BD8E90130834203F101032F
:1052440007D0C8F8043013F8011C22F8021BAA4244
:10525400F3D109F101094F45D0D1304600F0DAFA13
:1052640005460EE02046D4F8189000F00BFB002809
:1052740040F08280464600231D4686F8313086F889
:10528400333028460DB0BDE8F08F032747E74DBB08
:10529400B94538BFA946852A7FF444AF2946382248
:1052A4003046012509F0DEFEBDF814309DF81120CA
:1052B40013F0100F03F0370386F8302043F0080290
:1052C40008BF134686F831302368226A203B3262D5
:1052D400A269C6E9092394F83330C3F3801386F82E
:1052E4002C301FE7C02A10D0C12A7FF43CAF4246BD
:1052F40004A9304600F0C2FD00283FF434AFD8E9D9
:1053040001329A4268D005460CE79DF81130019AA3
:10531400990786F8332003D542F0400386F83330EA
:10532400099BF361DDE90623C6E90423DDE90A23C9
:10533400C6E90223B8F1000F4ED0D8F80030D8F8EF
:105344000C20C8F804309DF813309A427FF40BAF58
:10535400B8F81050BDF81430ED1AB5FA85F56D099A
:10536400E0E6B8F1000F86D0009B980583D5019B39
:1053740099073FF50DAF7EE7C4F8189020E7852321
:105384002B70144B86F830406C701B68002B3DD09A
:105394000DF10B020DF10E0103A89847BDF80C3076
:1053A4006B81BDF80E302B819DF80B302B7550E7C7
:1053B4004FF4E0732B80019B63F07F0386F8333056
:1053C400D8F80C30EB70B8F81030AB8041E700BF70
:1053D40089888888BC8E0020009B1A053FF54BAF56
:1053E400009B13F4884F17D196F833309B077FF551
:1053F40048AF96F83130DF063FF53DAFDC073FF5A7
:105404003AAF43F0200386F831303AE745F62143BA
:105414006B81EB816B821CE796F83130D9063FF53E
:105424002AAFDA073FF527AF009B5B0534D596F822
:1054340033309F077FF51FAF002200233046FFF76C
:10544400BFFD00283FF417AF304600F05DFB002895
:105454003FF411AF96F8333098077FF512AF96F802
:105464003130CEE738220021304694F8335009F029
:10547400F9FD236AC5F380153362282386F82C507E
:1054840086F83130D8F80030C6E909ABC8F80430E2
:10549400002F7FF4B0AEE0E6009B5C04DAD5304622
:1054A400D6E90423FFF78CFD0028D3D1E3E600BF3F
:1054B4002DE9F043002497B00E4690F83110019284
:1054C400149400293DD196F8311011F0500F38D0C2
:1054D40099461378044615462F2B36D0002701AB86
:1054E40003AA29462046FFF73DFC50B3019D2B78C3
:1054F400002B3ED0002303AA31462046FFF7DAFDF5
:10550400F8B1A44608AE04F13008DCF800000CF150
:10551400100C5CF80C1CB6465CF8082C10365CF8D1
:10552400043CC445AEE80F00EFD1DCF80000306065
:10553400204600F06FF908AE84F8317084F83370B7
:10554400CDE7002017B0BDE8F08315F8011F2F291F
:10555400FBD0366A38220195A1B9204609F082FDB4
:10556400012340222662184684F8333084F831201F
:10557400E8E74B4603AA31462046FFF79BFD17B0E8
:10558400BDE8F083002108A809F06CFD0123109602
:1055940008AE8DF8533040238DF851309EE700BF9C
:1055A40019B101F58961FFF783BF0846704700BF51
:1055B4008169F8B50446006A01B10131012200F0A5
:1055C400BFFC0128074632D901230146206A1A4646
:1055D40000F014FD054650B3A36994F833204BB38F
:1055E400510612D5591CB94218D022F04002E16983
:1055F40084F8332005E0206A00F0C0FD3146B0B1E4
:10560400A3694E1C99423246F5D34FF0FF32394616
:10561400206A00F0B3FD50B1A16911B92846A76111
:10562400F8BD3A46206A00F0A9FD0028F6D100250D
:105634002846F8BD42F0400284F83320EEE700BF6C
:1056440090F833309A073ED5C16970B50546E1B983
:1056540000242146012228460134FFF741FB90B182
:105664000378E1B203F07F03037095F830308B4286
:10567400F0D200232C6A85F83130204685F8333087
:1056840004F0FCFD30BB002070BD5B06006A1CD535
:1056940090F84534D5E902240933013ADBB244F1E8
:1056A400FF34C3F1200CDA40203B04FA0CFC24FA4A
:1056B40003F342EA0C021A430023013200F09EFC79
:1056C4000028C5D1DFE70020704700F07BFD0028EB
:1056D400BED1D8E704F5047004F0D0FD0028D2D080
:1056E400D4F840040368BDE87040DB69184700BF84
:1056F400F0B5002783B006463C46394600223046C2
:10570400FFF7EEFA0546002855D00278C02A5BD090
:10571400C12A22D0852A4ED196F8313003F03703BE
:1057240083803B4B1B6883B10DF103020DF106012D
:1057340001A898479DF803306B75BDF80630AB811E
:105744002B82BDF80430EB816B82326A92F81032FE
:1057540043F0010382F810322A78A2F18500002375
:10576400B0FA80F04009E103012B01EB54010A4433
:1057740094B24FEAC43206D128B102EB540229791B
:1057840004230A4494B20133202B01D0EA5CEAE7F3
:10579400013796F83030F9B28B42AFD2012206F1CC
:1057A4002401306A00F082FC28B1356A448028461E
:1057B40004F064FDE8B996F83230002043F00103A8
:1057C40086F8323003B0F0BD96F8332043785206A1
:1057D4004CBF43F0020303F0FD034370D6E90423F6
:1057E400C0E90223F3694361D6E90223C0E9062331
:1057F400ABE705F5047004F041FD0028DBD0D5F8D3
:1058040040040368DB6998470028DBD1D3E700BF75
:10581400BC8E002090F83120F2B190F9331090F84A
:105824003320002912DB026A10B582B014460190BD
:10583400104604F023FD019B80B993F83220002028
:1058440042F0010283F8322002B010BD02F07F0260
:1058540080F83320FFF74CBF0120704704F5047033
:10586400019304F00BFD019B0028E6D0D4F840041A
:105874000268D269904710B1012002B010BD019BAB
:10588400DBE700BF70B590F8313005465A064CD4BA
:1058940080682B6AD3F83C341844B0F1806F01D38C
:1058A400002070BD2846FFF783FE0028F8D0286A40
:1058B4000024AE6990F84534023E9E40D0F82C3462
:1058C4001E440522311900F5047004F001FD4FF463
:1058D400007200210028E3D009F0C4FB286A0123E8
:1058E40090F845241C4493409C42EAD395F8313007
:1058F4005B0615D495F8332062F07F02D5E90231B6
:1059040085F83320D0F83C249B1841F10000AB60AB
:10591400D5E90431E8609B1841F10001C5E904317F
:105924002846BDE87040FFF775BF006A00F022FD0D
:10593400AFE700BF52EA030140D090F83310890763
:105944003CD5C169002939D170B50446006A1546B1
:10595400013A90F845C41E4663F1000E82B00CF182
:10596400090C5FFA8CFCCCF1200322FA0CF2ACF1A6
:10597400200C0EFA03F32EFA0CFC1A4342EA0C0232
:105984000132019200F0DCFA0128014618D9019A8B
:1059940001230190206A00F031FB88B194F8333080
:1059A4002046019963F03F03E16184F83330C4E990
:1059B400025602B0BDE87040FFF72CBF00207047CC
:1059C400002002B070BD00BF91F8313013F0500FC9
:1059D40002D100210846704710B540F6022382B078
:1059E4000446FFF767FB38B13023204684F8313092
:1059F400FFF748FF014618B90021084602B010BD60
:105A0400A069002200230191E0612046FFF7D8FA43
:105A1400C12294F83130019984F83320002BECD062
:105A24004123204684F8333002B0BDE81040FFF72C
:105A34005FBE00BFF0B5002497B00D4690F831105A
:105A440001921494002946D195F8311011F0500FA9
:105A540041D01E461378044611462F2B3ED001AB8D
:105A640003AA2046FFF77EF9002834D0019B1B7857
:105A7400002B41D0002303AA29462046FFF71AFB36
:105A840030B946B303AA29462046FFF79DFF10B359
:105A9400A44608AD04F13007DCF800000CF1100C4A
:105AA4005CF80C1CAE465CF8082C10355CF8043C21
:105AB400BC45AEE80F00EFD1DCF8000028602046BA
:105AC400FFF72CF9019901AB03AA204608ADFFF7B3
:105AD40049F90028CAD1002017B0F0BD0131019165
:105AE4000B782F2BFAD0296A08A8FFF721F9002890
:105AF400F1D0019908ADB2E703AA29462046FFF781
:105B040063FF17B0F0BD00BF90F833309A0764D537
:105B1400C169B9B313F0400C70B50446D0F818E06D
:105B240082B0006A30D090F845C4A2680CF1090C28
:105B3400E568013A5FFA8CFC45F1FF35CCF12006AB
:105B440022FA0CF2ACF1200C05FA06F625FA0CFC4C
:105B5400324342EA0C020132BEF1000F20D1C4F8F4
:105B64001CE001918ABB63F07F03204694ED007B27
:105B740084F8333084ED027B84ED047BFFF74AFE26
:105B840002B070BD01207047BEF1000F0FD101912A
:105B9400C4F81CE000F016FBE0B194F83330E2E7FF
:105BA4000139A1EB0E010A440EF10101D9E701AA62
:105BB4007146CDF804C000F095FA00280ADB0ED136
:105BC40001990029E9D0206AE4E7002300F016FADD
:105BD4000028E2D1002002B070BD002070474FF0D1
:105BE400FF32A169206A00F0C9FA0028E8D1F1E780
:105BF4002DE9F84F90F8333004469D0740F1AC800E
:105C040093461A070E4600F12581D4E90031BBF111
:105C1400000F00F0D1805D464FF00109206AA169B0
:105C2400D0F8382412EA03086CD1002900F0D5809A
:105C340094F833305B0640F1ED80A268E368013AE2
:105C440043F1FF3C90F845340933DBB2C3F1200E35
:105C5400DA40203B0CFA0EFE2CFA03F342EA0E0261
:105C64001A43E36913448B4240F2DB800131A161A2
:105C740090F845240239D0F82C3491401944B5F5F4
:105C8400007F72D3B5F5806FD0F81832C0F0AB80C6
:105C940009FA02F2A2EB08086A0A904528BF904666
:105CA400994204D808EB01029A4200F2CB80D0F862
:105CB400140243463246D0F800C0DCF824A0D04792
:105CC400002849D04FEA48284346A5EB0805226836
:105CD400464461689B182269606941F100019A4257
:105CE4008841C4E9003102D3002D97D164E094F8CF
:105CF400332062F07F02C4E9043184F83320002D9C
:105D04008CD159E090F845240239C8F3080A4FEAC7
:105D140058289140D0F82C3441441944BAF1000F6A
:105D2400ADD0012200F5047004F0D2FAA0B1CAF596
:105D3400007850443146A84528BFA846C24442468C
:105D440007F01CF8BAF5007FBED1206A00F5047094
:105D540004F094FA0028B7D194F83230002043F0CC
:105D6400010384F83230BDE8F88F2268276963693B
:105D7400BA42626872EB030333D2012200F5047065
:105D840004F0A6FA0028E7D02A46314606F0F6FFCA
:105D940020696269D4E90031EB1841F100019842AD
:105DA4008A41C4E9003107D294F8332062F07F02BB
:105DB400C4E9043184F83320D4E9020298428A41C8
:105DC40050D32D4B1B682BB194F8333063F07F0311
:105DD40084F833305846BDE8F88FE16949B3A161CE
:105DE40046E70522CAE7994206D1002380F810321B
:105DF4004FF0FF33C0F81832D0F81402324603686B
:105E04001B6A98470028A7D04FF40073A5F50075C6
:105E140098465CE704F1180200F064F900289BDB63
:105E240004D12046FFF7C4FB002895D0A169206A5D
:105E34001EE72046FFF7BCFB00288DD0A169206A2D
:105E4400E16115E7002380F810324FF0FF33C0F80A
:105E540018322CE7D0E90423FFF7B2F800287FF4C6
:105E6400D4AE79E794F833205846C4E9023162F09D
:105E74007F0384F83330AEE7BC8E002070B515463E
:105E840001F1020E01F12004D2E901269642BEF886
:105E940000000EF1020E02F101025FFA80FC1CD038
:105EA400ACF120037E28ACF161016A60DBB212D848
:105EB40012F8010C192998BF9C46A0F12003A0F107
:105EC4006101DBB2192998BF1846844503D1A64560
:105ED400DCD1012070BD002070BDB0FA80F0400913
:105EE40070BD00BF30B50D688C684D60A54224D0EC
:105EF4002846002201304FEAC23C48600CEB5202B3
:105F040010F8013CA3F1200CA3F1610E5FFA8CFCA4
:105F1400BEF1190F98BF634684421344C3F34E0283
:105F240002EBC33292B2E5D1641B0A82601ECC60DC
:105F3400FE288CBF0020012030BD0022F4E700BF02
:105F44002DE9F84F8A4680469146002940D08F1E9D
:105F5400D8F83034BB4241D907F007030125C7F311
:105F6400C80B9D403E463C46D8F82C1400224046BF
:105F740001EB143104F0ACF9E8B10BF1FF3C8444BB
:105F840000F2FF101CF8011F0AE04A452AD0A7427C
:105F940010D0D8F83024A24214D913F0FF050CD045
:105FA400013429424FEA4503A4EB0602EDD0A7428F
:105FB4002646EED10120BDE8F88F84454FF0010557
:105FC400E0D101E00026344601254FF0000BCBE779
:105FD400D0F82074D8F83034BB42BDD8002701254E
:105FE400BB46BFE7BAF1000F04D1B9F1010F08BFF6
:105FF400C8F82064B01CBDE8F88F00BF2DE9F0415B
:1060040014468A1ED0F8305482B01119A9423BD8E4
:10601400D0F82064002B3BD1B24238BFC0F8202412
:1060240002F007011D4601230646C2F3C8078B4050
:10603400D0F82C1401EB1231012230460193009167
:1060440004F046F900B3009900EB070E00F5007860
:10605400019B01319EF800C05A001CEA030F8CEA30
:10606400030C14BF01200020A8420DD0013C8EF87F
:1060740000C017D012F0FF03ECD10EF1010E1F4641
:106084000123F045E6D1D7E7002002B0BDE8F08156
:10609400B242C5D8B142C3D9A94228BF0021C0F831
:1060A4002014BDE7012002B0BDE8F08138B50C46EC
:1060B4000B6890F845C400F50470D0F82812023B30
:1060C400656803FA0CF3294003EB5123D0F81C1242
:1060D400194404F0FDF818B16368C3F308031844C5
:1060E40038BD00BFD0F8303401338B4202D24FF0B8
:1060F400FF3070470B46D0F8241400F5047001EB10
:10610400D31110B582B014460022019304F0E0F8D4
:1061140050B1019B9900C1F3080143585A1C07D0A0
:106124000120236002B010BD4FF0FF3002B010BD5B
:106134000020F7E74B6870B5D0F838441C4013448E
:106144004B60144490F845340933DBB2DC4012D080
:1061540006460D46013C02E02A60013C0BD3296847
:106164002B7A4A1C002BF7D12A463046FFF7BAFF98
:106174000128F2D070BD012070BD00BF012904D9EF
:10618400D0F8303401338B4201D2002070470B46E3
:10619400D0F8241400F5047001EBD31110B582B0CB
:1061A40014460122019304F093F8024638B1019B8E
:1061B40001209900C1F30801545002B010BD002021
:1061C40002B010BD2DE9F04F05460C4683B04FF0E8
:1061D4000008D5F830340F4601339C423DD8D5F839
:1061E4002414002205F504704FEAD41B01EBD411EA
:1061F40004F06EF888B3A300C3F30803C258511C1B
:106204002FD0012C29D916464FF0010AD5F8302495
:106214000132944221D8D5F82414012205F50470E2
:106224000193594404F054F8B8B1019B40F8038039
:10623400BAF1000F1AD0631CB34208D0E21B00234A
:10624400394628460132FFF7D9FE30B13746D5F832
:106254003034344601339C42C1D9002003B0BDE838
:10626400F08F012CF9D94FF0000ACFE7E21B534617
:10627400394628460132FFF7C1FE0028EDD003B0AD
:10628400BDE8F08F70B50446154600204FF0FF328C
:1062940082B0C4F8401484F844046160C4F8141251
:1062A400207084F81002A260C4F81822F5B1042DFD
:1062B40002D9002002B070BD0246014604F5047004
:1062C40004F5047604F004F80028F2D06FF070436B
:1062D40000F5DF70EB18190100EB03131A79002A9B
:1062E400E7D0425C5206E4D19B6801E004F50476F1
:1062F400002219463046019303F0EAFF05460028C0
:10630400D7D005221A49033008F0F0FE0028D0D176
:1063140095F86C20019B092ACBD12A6D01461A44B9
:10632400C4F824246A6DC4F82824AA6D1A44C4F855
:106334002C240122EB6DC4F830342B6EC4F83434B1
:1063440095F86D50C4F8200405F1090384F8455408
:1063540002FA03F3581EC4F83C34C4F83804204647
:10636400FFF7EEFD4023012084F84434A2E700BF88
:1063740020050020F8B5D0F830340546D0F8344470
:1063840001339C4207D9002695F845040930C0B270
:1063940006FA00F0F8BD002600F50477D5F82414B9
:1063A40000223846013601EBD41103F091FFA4001A
:1063B4000028E8D0C4F308040459631CE4D0D5F8D9
:1063C40030340133A342DED3E8E700BF024630B5E0
:1063D40052F8101F83B004468068019101F084FADA
:1063E40060B10199A37859B1013103F0BF02256965
:1063F4008D4218BF134663F07F03A37003B030BD12
:1064040043F04003F7E700BFF8B5047814F0400404
:1064140004D11A4B054642699A4202D300263046FB
:10642400F8BDFFF7D3FF06460028F7D0A868037924
:106434008279CBB12F694369023F97401F4407E03B
:1064440008F010FE0134A868E3B202799A420AD92E
:1064540005223919243003F03BFF4FF40072002168
:106464000028EDD1DAE782794FF400736969304688
:10647400934011FA83F36B61F8BD00BF00FE1F0067
:1064840010B5044680680A462430A16903F020FF51
:1064940020B1A38803F00F0300EB431010BD00BF2D
:1064A400CA68034610B50C4682B022B90178A1B17E
:1064B400002002B010BD232200210130019308F016
:1064C400D1FD019B1021012219709A70D4E90212A6
:1064D40099601A62012002B010BD2422A4680190C0
:1064E40008F0C0FD019B9C60E279102A06D0202AA6
:1064F400DED18021012219709A70EBE74021F9E77F
:1065040090F800C0BCF1000F01D00020704710B516
:1065140082B00C4624226146019008F0A3FD019B41
:106524009C60E279102A0AD0202A06D18021012217
:10653400197010469A7002B010BD0020FBE740218C
:10654400F5E700BF2DE9F04F837883B00446DE07FA
:1065540040F19680914602780F46150700F1998024
:10656400500608D5A36819896369C3EB41139BB22C
:10657400994528BF9946B9F1000F7DD0636912F09F
:1065840040004D464FF00008A668C3F3080B3FD007
:10659400326A02EB5321BBF1000F57D1B5F5007FEE
:1065A40054D3F36A8B4251D0B5F5806FC0F0A2800A
:1065B40022784FEA552B520605D43279A2EB080211
:1065C400934528BF93468B420BD30BEB01029342B6
:1065D40007D206F12400019103F050FE019900282E
:1065E4004ED0B06A5B463A4606687669B0470028E2
:1065F40046D04FEA4B266369AD1B334463613BD0FD
:1066040022783744C3F3080BA66812F04000BFD1C8
:1066140096F8058008EA5328BBF1000F40D1B8F181
:10662400000F3DD1002B43D111064FF000084CBFA1
:10663400336A236AB5F5007F2361A3F10203B179BC
:10664400726903FA01F303EB0201AAD2002206F1F4
:10665400240003F03DFE98B1CBF5007600EB0B016E
:106664003846AE4228BF2E46324606F087FB6369A1
:10667400AD1B33446361C3D1484603B0BDE8F08F1A
:1066840063784FF0FF3043F00203637003B0BDE85A
:10669400F08FC36941695B1A994528BF99466AE737
:1066A4002169B2797369023943449140194472E70C
:1066B400120721690CD5A3785B0609D54B1C013957
:1066C40080462361B379726901FA03F3991865E787
:1066D40004F11002304601F08DF80028D0DB13D00D
:1066E400A6684FF000082369B279023B93407269AF
:1066F400991853E7B06A3A4603681B69984700281B
:10670400BED04FF4007676E7237813F0D00FB7D0DD
:10671400A9EB05094846B0E770B582B001220446EA
:106724000DF10701D0E90465FFF70CFF01280CBF48
:106734009DF807004FF0FF30C4E9046502B070BD56
:10674400436913F4F07F10B5044684B00BD00129DB
:1067540009D103F120024261A06803F4F0733430DC
:10676400184404B010BD01220DF10F01204601931D
:10677400FFF7E8FE019B40B2012803D162691F3292
:106784006261E9E70020ECE72DE9F0410269044683
:1067940003781746002B38D00E464169B1423ED0EB
:1067A400002E36D0180729D5E269B2422DD3D4F889
:1067B40008C0751EA2789CF8060012F0400F00F184
:1067C4000900C0B225FA00F52CD14A1EC24009B115
:1067D40095422BD21B064CBFDCF82030236A236180
:1067E40006E02169013DA06801F004F800280CDDF1
:1067F40004F11002002DF4D1A2780CE05A06D6D58B
:10680400A3681B89B6EB431FF6D900202761BDE8B6
:10681400F0818278066122F020026661A270012074
:10682400BDE8F081236A2B442361F4E7AD1ADFE766
:10683400F0B50E4683B01546002124220446019388
:106844009DF8207008F00EFCB068326AA58005F04F
:106854000F05C4E9020200F1340202EB4512D17AB9
:106864000B072DD401F03701019B2170D57A15F067
:10687400180F02D141F00801217003F00301E77001
:10688400012923D002293BD0D1B95F0518D403F0E4
:10689400080141F00101A170C16A908AA161518B84
:1068A40041EA00412162D269E2615B0402D4012021
:1068B40003B0F0BDE1692046FFF766FF0028F6D17A
:1068C400002318462370A37003B0F0BD022521787D
:1068D400CF06F5D4CE07F3D441F02001217003F0A4
:1068E40008010D43A570C16A968AA161518B41EAE2
:1068F40006415E05D6D529B965F07F05A570D4E7B4
:106904000325E4E7019301F077F80028D8D0A578AF
:10691400019BF1E70378002B60D030B590F9023089
:1069240085B00446002B0EDBA36803F124001D464A
:1069340003F0A4FC002842D16378002043F0010353
:10694400637005B030BD80680122A169243003F072
:10695400BFFC0028F0D0A38803F00F035A0100EB1A
:106964004313825CE52AE7D0227802F03702DA7218
:106974002278120701D5E269DA61226A1848110CFB
:106984005A830568998275B10DF10B020DF10E0160
:1069940003A80193A847019BBDF80C20BDF80E1075
:1069A4001A835A82D982A37803F07F03A370A36861
:1069B40003F124001D4603F061FC0028BCD005F55A
:1069C4000D7003F05BFC0028B6D028680368DB690F
:1069D40098470028B0D0012005B030BD0120704791
:1069E400BC8E002010B50446FFF794FF00232370EB
:1069F400A37010BD2DE9F041002494B00E46017837
:106A040001920B94002935D1317811F0D00F31D097
:106A140098461378044615462F2B2DD000271CE0EA
:106A2400019D2D78002D3ED000F0B2FCA6460DF15C
:106A34002C0CF8B10BAEBEE80F00ACE80F00BEE8BA
:106A44000F00DEF80050ACE80F002046CCF80050F0
:106A5400FFF760FF019D2770A770294601AB03AAC9
:106A6400204600F0DBFD0546002303AA31462046FC
:106A7400002DD5D100201AE00135019529782F2960
:106A8400FAD0B6682422A9B9204608F0EBFAA66029
:106A9400F379102B22D0202BECD1802201232270F9
:106AA4001846A37003E0434603AA00F071FC14B037
:106AB400BDE8F08100210BA808F0D4FA0D96F37913
:106AC400102B09D0202BD5D180238DF82C30012315
:106AD4000BAE8DF82E30A1E74023F6E74022DDE728
:106AE40019B101F24441FFF785BF0846704700BF62
:106AF40091F800C01CF0D00F01D100207047F0B510
:106B040040F6022389B004460F4600F041FC38B138
:106B1400012210232046A2702370FFF775FC10B9E0
:106B2400002009B0F0BD22692378226243B1636971
:106B340033B1A378002223F02003C4E90422A37014
:106B44002046FFF7E7FE0028EAD0A0680122A169E9
:106B5400243003F0BDFB0028E2D0B4F804C01022B6
:106B6400EE460CF00F0C4FEA4C1300EB4C1C8CF867
:106B74000B20C058236ADCF80410DCF808209D1EA2
:106B8400DCF80C30AEE80F00A368DCF810009B7949
:106B9400DCF81410DCF818209D40DCF81C30AEE85A
:106BA4000F004FF020330122CDF80130CDF805302D
:106BB400ADF80930A368596903F12400294403F0AE
:106BC40087FB84460028ABD04FF02E066D46EE4678
:106BD4008DF800600FCDCCF80000CCF80410CCF890
:106BE4000820CCF80C308DF801600FCDCCF81000E3
:106BF400CCF81410CCF81820CCF81C303B6A1A0CD2
:106C0400ADF81A30ADF81420BEE80F00CCF820001F
:106C1400CCF82410CCF82820CCF82C30BEE80F0097
:106C2400CCF83000CCF83410CCF83820CCF83C3018
:106C3400A46804F1240003F021FB00283FF470AFA2
:106C440004F50D7003F01AFB00283FF469AF2068C7
:106C54000368DB6909B0BDE8F04018472DE9F0414D
:106C6400002494B00D46017801920B9400293FD181
:106C7400297811F0D00F3BD0984613780446164675
:106C84002F2B37D0002726E0019E3678002E4AD0DD
:106C940000F07EFB034603AA294620462BB9B8F12F
:106CA400000F25D0FFF724FF10B3A6460DF12C0CDE
:106CB400BEE80F00ACE80F00BEE80F00DEF800509D
:106CC400ACE80F002046CCF80050FFF723FE0BADD4
:106CD400019E2770A770314601AB03AA204600F03D
:106CE4009DFC0646002303AA29462046002ECBD14C
:106CF40000201BE00136019633782F2BFAD0AD68C3
:106D0400242200210BA808F0ADF90D95EB79102B86
:106D14000FD0202BECD180238DF82C3001230BAD28
:106D24008DF82E30AEE703AAFFF7E2FE14B0BDE8FB
:106D3400F0814023F0E700BFC1B183789B0715D5EC
:106D4400036A9BB90346806810B582790C46013901
:106D540082B009320193D2B2D14003F12002013151
:106D640000F002FE20B9002002B010BD00207047E0
:106D7400019B9A781846DC6162F01F029A7002B097
:106D8400BDE81040FFF7C6BD2DE9F04783780446FF
:106D94009D0740F1A58017461A070E4600F1D080E2
:106DA4006269D31980F09C80002F77D03D46A0689B
:106DB400C2F30809216990F8058018EA522838D1ED
:106DC400B9F1000F35D1002974D0A3785B0677D5CB
:106DD400E369934274D901312161023982794369AB
:106DE40091401944B5F5007F43D3B5F5806FC36A6C
:106DF4007DD30279A2EB08086A0A904528BF904621
:106E0400994240F29180806A43463246D0F800C0ED
:106E1400DCF82490C847002862D0A5EB48254FEA47
:106E240048286169464408EB01026261002DBED125
:106E340034E0023982794369914019444144B9F1FB
:106E4400000FCFD00122243003F042FA002847D0AB
:106E5400C9F5007848443146A84528BFA846C1442E
:106E6400424605F08BFFB9F5007F33D0A5EB08054A
:106E7400D7E76269E3699A4220D2A37813F0200F1E
:106E840014BF05220122243003F022FA40B32A461B
:106E9400314605F073FF62692A446261E3699342F3
:106EA4005BD3314B1B681BB1A37863F07F03A370E2
:106EB40038461AE0216A71B321618EE70522E2E7C0
:106EC40004F1100200F096FC002809DB3FD0A06812
:106ED400216982E7A068243003F0D0F90028C5D1E5
:106EE4006378002043F001036370BDE8F0879942A2
:106EF40005D1002380F824304FF0FF33C362806A49
:106F0400324603681B6A98470028E9D0A5F5007546
:106F14004FF4007885E72046FFF758FA0028DFD0C1
:106F24002169A068216258E708EB01029A427FF6C2
:106F34006AAF002380F824304FF0FF33C36262E766
:106F4400C169FFF721FC00287FF42AAFC8E7204677
:106F5400FFF73CFA0028BAD1C2E7A3783846E261C9
:106F640063F07F03A370C0E7BC8E00202DE9F047D7
:106F740006468AB09146054688461F4601AC0FCEA8
:106F84000FC40FCE0FC433682360D9F80030C9F89A
:106F94000430002F3CD0BA460127A8EB070101A812
:106FA40089B24901FFF7F0FBA0B3002101A8FFF764
:106FB400C7FB064670B30024E2B2314628460134CA
:106FC40000F002FC5FFA80FCD9E90132ACF1610106
:106FD4009A4203F1010EACF120021FD07F28D2B2F5
:106FE40018D8C9F804E0192998BF944693F800E02A
:106FF400AEF12003AEF16102DBB2192A98BF9E46BE
:10700400E64507D10D2CD7D10137FFB2BA45C4D21A
:10701400012000E000200AB0BDE8F087B0FA80F05B
:1070240040090AB0BDE8F0872DE9F04780468AB0F0
:1070340014460F461E460DF1040902F1110C02F12B
:107044001C0E0025B8E80F00A9E80F00B8E80F00EF
:10705400A9E80F00D8F80030C9F80030EB011CF89B
:10706400012F03EB5503F4451344DDB2F6D1236835
:107074006360002E65D04FF0010A4FF000094FF015
:107084000F08A7EB0A0101A889B24901FFF77CFBAD
:10709400002857D0002101A8FFF752FB002851D047
:1070A400039A564500F1010E92F8243043F001038F
:1070B40082F824304FF000030CBF46F040025246E1
:1070C4009C46A0F80B8002704573A26843836068F5
:1070D40090420CD0431C63600378BCF1040F12D8B7
:1070E40060680CF1010C2EF8023B9042F2D1B9F128
:1070F400000F1CD009F10109BCF1040F4FF6FF7316
:107104005FFA89F9ECD9BCF10A0F06D8AEF803305E
:107114000CF1010C0EF1020ED9E7BCF10C0FAEF824
:10712400053008D00EF1020E4FF00C0CCFE74B46A1
:107134004FF00109D1E70AF1010A5FFA8AFA5645CC
:107144009FD201200AB0BDE8F08700BF02464FF08D
:10715400203152F8123B2DE9F04FC0F81210846828
:107164005160C2F807101D782E2D03D113F8012F9A
:107174002E2AFBD0611E99420BD90A4602E09342A3
:1071840000F0868092F800C01146013ABCF12E0F3F
:10719400F5D19C4279D94FF0000AB5F12E0C4FF08D
:1071A40007074FF0080818BF4FF0010CD646D34626
:1071B40007E001330A274FF0080E4FF010089C42F5
:1071C40053D91A782E2A08BF8B420CBF01260026F9
:1071D400EFD0222A37D07C2A35D0A2F15B09B9F14D
:1071E400020F30D9A2F12A09B9F1050F8CBF00258D
:1071F40001252D2A08BF00252DBBA2F13A09B9F1BA
:10720400050F20D9A2F12109B9F15D0F51D87745B5
:1072140043D28B4294BF4FF0000C4FF0010C0A2F65
:1072240008BF4CF0010CBCF1000F33D0837C202B41
:107234002BD0037C012143F27E12034441745A8211
:107244000120BDE8F08F7745E3D35F220EF1010CF6
:10725400864401338EF812205FFA8CF2B446062A73
:10726400964698BF02749C42ABD8837C202B0CD0EA
:10727400BCF1000FDDD00BEA0A03DBB2002B18BF10
:107284004FF0020A80F811A0DAE70020BDE8F08F81
:1072940019467EE70B46072791E7A2F16106192EEE
:1072A4000ED8203A4AEA08056646D2B25FFA85FA51
:1072B400CCE702F0C002802AC5D10133AC467EE798
:1072C400A2F14106192E664698BF4BEA080BBDE7AA
:1072D4002DE9F04F01F1160983B004466225CDF87B
:1072E400049001F1170A0F7C4FF07E0801F1120699
:1072F4004FF000098B46254B032F1B6828BF03273B
:107304004B440AEB07011FFA83F9019B03EB070CBB
:10731400ACF1030C09F00F034FEA1919092B03F11F
:10732400370298BF03F1300201F8012D8C45F1D1E9
:107334000BEB07030021204683F81280FFF724FAA1
:1073440001212046FFF7FCF903460B22304619467B
:107354008BB193F800C0BCF1000F13D0DB7A1B078C
:10736400EED407F0ABFD0028EAD1013D15F0FF058E
:10737400C1D1284603E06078B0FA80F0400903B038
:10738400BDE8F08F012003B0BDE8F08FBC9C022063
:107394002DE9F04F0C788DB014F0D00F55D004784F
:1073A400002C52D18C689A4D0894D4680C34A5FBF7
:1073B4000454C4F38705547CA407059500F0E380C6
:1073C40005F101085FFA88F80E464FF0000B1446E9
:1073D4000990002130460793DA4604925F46FFF78E
:1073E400D3F9D94604F112035C46CDF818B00393DF
:1073F400756900213046FFF7A3F9C5F34F1503461D
:1074040000B30278E52A24D01AB3444538BF0024D7
:107414002E2A32D0C17A0F2933D011F008012CD191
:10742400002F40F0D4800B22039907F047FD002879
:10743400DED1049B5B7C13F0010300F0E0800123A8
:107444000693D5E77378002B36D000200DB0BDE845
:10745400F08F631C002C08BFA946DBB2444538BF3B
:107464001C464AB30027C3E70AF1FF3A5FFA8AFAD7
:10747400524502D1437B5B4510D0B2FA82F77F09B3
:10748400B6E7002FF0D102F01F0A05995145AFD19C
:1074940012F04007ACD090F80DB00F46BAF1010FCE
:1074A400A6D1691C3B46049A304689B2FFF75EFDBB
:1074B400002808BF00279BE7079B9A05C5D503F062
:1074C4000303013B012BC0D8002C5FD1A946B8F1BE
:1074D400000F61D1069B2BB104993046FFF7F8FEEB
:1074E4000028B2D008F1FF38049A30465FFA88F3D6
:1074F40003EB09051F46ADB22946FFF795FD0028A9
:10750400A3D069013046FFF73FF900289DD0002140
:107514003046FFF715F90446002896D020220021B2
:1075240007F0A0FD0499D1F81220D1F8163022609A
:1075340063600B7F4A8BA37222814B7C03F0180398
:107544002373344B1B68002B5BD00DF12B020DF120
:107554002E010BA89847BDF82C302382BDF82E309D
:10756400E3819DF82B306373089A92F8243043F03A
:10757400010382F82430079B2A4631460998009774
:10758400FFF756F962E74FF001081DE7444503D3BE
:107594000DE0DCB2A0450AD900213046FFF7D0F84F
:1075A400631C0028F5D17378002B7FF44EAF44455B
:1075B40090D2089D05E02B7904EB0314A4B2444552
:1075C40088D23046FEF720FF0028F4D13DE7BAF117
:1075D400010F7FF43AAF013803F10A02CB0103EB48
:1075E400510310F8011F0B449042D9B2F6D18B45D8
:1075F4007FF42BAF079B19053FF527AFBBE71F4669
:10760400F8E745F621432383034B2361ACE700BF2E
:107614004FECC44EBC8E0020215C215C10B51C468E
:107624000B460978202903D113F8011F2029FBD028
:1076340000201360D0601978A1B12F2912D0DFF88F
:1076440070E011F0800F0DD11F290BD9A1F1220C8C
:107654005FFA8CFCBCF11D0F06D82EFA0CFC1CF052
:10766400010F06D0002010BD01F0DF0CBCF15C0F4F
:10767400F8D02E2903F1010300F1010003D02029E1
:1076840018BFC2E90230197809B12F29D9D1D068BD
:107694000138FE2804D9E5E713F8011F2029FBD09F
:1076A4002F29F9D023601046BDE81040FFF74EBDE6
:1076B4000121003570B500228AB0837801929A07BF
:1076C40024D5016A054619B1806800F095F9E8B13E
:1076D40001212846FEF7D4FEC0B1421E00F10A0C77
:1076E4000024E30112F8011F03EB540362450B4429
:1076F400DCB2F6D16FF01A0200230270AE682B7070
:1077040006F12400AB7002F0B9FD10B900200AB0F4
:1077140070BD06F50D7002F0B1FD0028F6D030689A
:107724000368DB6998470028F0D0EB78002BEED093
:10773400294601A8FEF7B4FE0028E7D0EB78002B19
:10774400E4D0012622E001A8FEF7FAFFF1B20136E7
:107754000028DBD0C37A0F2BD8D102785FFA86FCDD
:1077640002F01F039942D1D1437BA342CED16FF0E3
:107774001A030370A96891F8243043F0010381F8D7
:10778400243053060DD4EB786345BFD3A98801A8F0
:10779400891B89B24901FEF7F7FF00210028D2D1E5
:1077A400B4E7AC6804F1240002F068FD0028ADD011
:1077B40004F50D7002F062FD0028A7D0206803686C
:1077C400DB699847A3E700BF042A04D801EB420110
:1077D400B1F8010070470A2A03D801EB42018888F6
:1077E40070470C2A03D801EB4201C8887047002077
:1077F400704700BF01290FD9C3698B420CD30346DC
:1078040030B51546C27983B0202A21D0102A06D07B
:107814004FF0FF3003B030BD4FF0FF307047826946
:107824000C46C1F3072100F50D70019311440222A7
:1078340002F04EFD0028EBD06100019B01F4FF71C2
:10784400415ADA69914215D80120296003B030BD4C
:107854000C468169022200F50D7001EBD4110193ED
:1078640002F036FD0028D3D0A100019B01F4FE7183
:107874004158E6E70020CDE701290ED9C3698B42C0
:107884000BD30B4610B51446C27982B0202A19D006
:10789400102A04D0002002B010BD00207047826975
:1078A400C1F3072100F50D7001931144032202F086
:1078B4000FFD0028EED0019B590001F4FF714452E2
:1078C4000120E8E78169032200F50D70019301EBC3
:1078D400D31102F0FDFC0028DCD0019B990001F4D7
:1078E400FE714450ECE700BF2DE9F041C46882B05A
:1078F40005460E468C42904627D20C46002701349A
:10790400EB6901AA2846A34205D23FBBEC680127D4
:107914003C44A34222D3A64221461FD0FFF76AFF6C
:10792400431C1BD00028EAD0019B002BE7D107B1F0
:10793400EC606FF0704221462846FFF79DFF074632
:1079440060B126B9C8F8004009E00127D7E73146FD
:1079540028462246FFF790FF0028F3D10027384637
:1079640002B0BDE8F08100BF2DE9F043C46883B0E4
:10797400C36901349C423AD891460F468046254655
:1079840001260AE0A54214BF002606F001061D46A2
:10799400D8F81C201C469A4229D3214601AA404605
:1079A400FFF728FF411C04F1010320D0019A002AAB
:1079B400E8D1C207E6D55A1BBA42E9D10EB1C8F8DC
:1079C4000C406FF0704221464046FFF755FF0746D2
:1079D40020B90CE0013CFFF74FFF40B1AC42224616
:1079E400404604F1FF31F5D8C9F8005000E0002703
:1079F400384603B0BDE8F08370B5054682B00C4646
:107A040009E0FFF739FF621E80B1EB68A342019CD5
:107A140088BFEA605EB101AA21462846FFF7EAFE64
:107A2400064600222146731C2846EAD1002002B0F3
:107A340070BD00BF70B5044615464FF0FF3282B0EA
:107A440000202160E262C4F83C220122E071A162BC
:107A5400C4F8381284F8240084F83402E260F5B1E2
:107A6400042D02D9002002B070BD0246014604F183
:107A7400240004F1240602F02BFC0028F2D06FF05D
:107A8400704300F5DF70EB18190100EB03131A794A
:107A9400002AE7D0425C5206E4D19B6801E004F17D
:107AA4002406002219463046019302F011FC0028F6
:107AB400D8D0027C022AD5D1B0F80B20B2F5007FD1
:107AC400D0D190F80DC0019B0CF1FF32BCF1010F35
:107AD40084F804C0627142D001210A4652004D1C50
:107AE400D2B2944505D0E9B20929F7D10823A3718C
:107AF400B8E78C46A171C58A25610DB9456A25612F
:107B0400C289B0F811101A4421814901A26102EB23
:107B1400450201F2FF11226202EB5122B0F8131068
:107B2400626101B9016A9B1A0B4423FA0CF35A1CD3
:107B3400E26140F6F47293420CD94FF6F472934228
:107B44000BD9C26A202322620120E3712563C4F8A1
:107B5400405288E70C23E37184E71023F4E7002202
:107B64009446A271C7E700BF81424ED00B46002263
:107B7400014610B582B08263986BCA630446E0B1D3
:107B84002420CDE9001300F099F800220099019B0C
:107B9400026088639B6B83420DD09E468446BEE898
:107BA4000F00ACE80F00BEE80F00ACE80F00DEF8F1
:107BB4000030CCF8003002B010BDDA6B002AFAD0E5
:107BC40038200091019300F079F80099019B046337
:107BD400C863DB6B8342EED003F1300219681033C3
:107BE40053F80CEC10300C4653F808CC53F8041C32
:107BF400934240F8104C40F80CEC40F808CC40F8A4
:107C0400041CEBD11B680360D5E7704781420AD09E
:107C140000B583B00191FFF7A7FF0022019BC3E9E0
:107C24000E2203B000BD7047002945D0F0B50446CC
:107C3400806B83B01F4616460D46C8B1FEF7D2FED0
:107C44000023D5F88024C4E90E33EAB12146242068
:107C540000F034F80023324603603B46D5F8801424
:107C6400A063FEF73DFF20BBA063002003B0F0BD7E
:107C7400E06B0028E4D0FDF751F80023D5F8802408
:107C8400C4E90E33002AE1D1D5F88434002BECD0BA
:107C940021463820019200F011F8019A3B46026314
:107CA4003246D5F88414E063FDF77AFC08B9E06342
:107CB400DBE7012003B0F0BD0020704708467047A1
:107CC4002DE9F843002506460F460146C0F88054C6
:107CD4004FF4906098469146FFF7F0FF4FF0FF3362
:107CE400C0F84454424683603946C0F8183204460A
:107CF400C0F87854089BC0E90055C0E98455C6F81B
:107D04008404FEF7BFFA002835D105463146C6F88B
:107D140084044FF48D60FFF7D1FFC571C0F844545B
:107D24004246089B39460446C0E90955C0E98D55C9
:107D34004FF0FF35C562C0F83C52C6F88004FFF727
:107D440079FE18B9C6F88004BDE8F88304F244400B
:107D5400FEF748FE214604F24440FEF7D1FB00281A
:107D6400F0D0114B1A68AAB91C60104BB9F1000F7E
:107D740014D01E6015E004F58960FCF7CFFF21469E
:107D840004F58960FCF7D4FF0028BED0084B1A68BC
:107D9400002AE9D0054BB9F1000FEAD11A68002A8C
:107DA400E7D00120BDE8F883D88E0020D48E0020CF
:107DB400C08E002010B504460020DFF820C04FF428
:107DC4007A7E60602073C4F808E0C4E9120020469B
:107DD40040F810CBFFF728FF204610BDE40D00202B
:107DE4004FF0FF30704700BFC07D7047807E704702
:107DF40001207047007D704701207047C07E7047A6
:107E0400704700BF00B583B01C21019005F054F801
:107E1400019803B000BD00BF427D82B1024600B5A7
:107E240052F8041B83B0C9690092019088470098F6
:107E340002F0D0F90022019B5A7503B000BD7047CF
:107E4400F0B5204E83B00746346804F5167403E099
:107E54003368E31A1B0410D4381D02F0BFF9FF285D
:107E6400F6D10190FD21381D02F0D6F93A7ED2B93F
:107E7400002301207B7603B0F0BD1F223B7EFA7500
:107E840013B9002003B0F0BD0121B87D02F06EF9F2
:107E9400FF21381D02F0C0F9381D02F073F90023E8
:107EA40000203B76EEE70121B87D02F05FF90199ED
:107EB400381D02F0B1F9381D02F064F900233B7655
:107EC400D6E700BFBC9C0220437E012B3BD030B5DB
:107ED400047E83B04CB1043002F080F9B0F1FF02AB
:107EE40018BF0122104603B030BD051D009028467E
:107EF40002F03EF9009B4FF001022146987D1A766C
:107F040002F034F9FF21284602F086F9284602F0EF
:107F140065F9009BB0F1FF02197E18BF0122002908
:107F2400E0D0987D0121019202F020F9FF2128463A
:107F340002F072F9284602F025F9019A009B1046D6
:107F44001C7603B030BD0022104670472DE9F8437B
:107F54001F4F0446884691463D6805F5967503E033
:107F64003B68EB1A1B040ED4201D02F037F9FF28DE
:107F7400A076F5D0FE2819D01922237EE2753BB9EC
:107F84000020BDE8F8831E22237EE275002BF7D083
:107F94000121A07D02F0EAF8FF21201D02F03CF946
:107FA400201D02F0EFF800232376E9E74A46414614
:107FB400201D02F01FF9A07638B9201D02F00EF939
:107FC400201D02F00BF90120DBE72622D5E700BFD4
:107FD400BC9C022030B50025044683B00C212A46FF
:107FE400457600F029F8227E90B912B9012003B039
:107FF40030BD01210190A07D02F0B8F8FF21201DC1
:1080040002F00AF9201D02F0BDF8019B2376EDE78A
:108014000923E37512B9002003B030BD0121A07D0E
:1080240002F0A4F8201DFF21019002F0F5F8019858
:1080340002F0A8F82576EEE72DE9F041036882B056
:108044000F46364901920646DA698A425CD1427E7D
:10805400022A53D0012A5BD0347E351D002C3FD038
:1080640097B10C2F10D0DFF8B880D8F8004004F591
:10807400967404E0D8F80030E31A190442D4284670
:1080840002F0ACF8FF28F5D10DF1040802AC47F07A
:108094004001284602F0C0F814F8011D284602F0F9
:1080A400BBF8A045F8D1002F28464FF00A0414BFAE
:1080B4008721952102F0B0F8284602F08FF828466F
:1080C40002F08CF8020604F1FF33B07602D402B059
:1080D400BDE8F08113F0FF04F1D102B0BDE8F081F6
:1080E400284602F045F801232146B07D337602F09C
:1080F4003DF8FF21284602F08FF8B1E7DB6E984780
:108104000028A9D1FF20E2E790470028A4D1F9E78D
:10811400FFF760FF00289FD1F4E700BF1968000053
:10812400BC9C022070B5164682B00A46062104465D
:10813400FFF782FFA8B10423E375237E1BB9002354
:10814400184602B070BD0121A07D02F00FF8FF2196
:10815400201D02F061F8201D02F014F8002323769C
:10816400EDE70546402231462046FFF7EFFE034681
:108174000028E2D0227E002AE2D001900121A07DD5
:1081840001F0F4FF201DFF21009002F045F8009853
:1081940001F0F8FF019B2576184602B070BD00BFC0
:1081A400F8B500220D463A210646FFF745FFD8B937
:1081B4002C1D371D384602F011F804F8010DA542B4
:1081C400F8D1337E0BB90120F8BD0121B07D01F057
:1081D400CDFFFF21384602F01FF8384601F0D2FFE8
:1081E400002301203376EFE71222337EF2750BB9B8
:1081F4000020F8BD0121B07D01F0B8FFFF21301D42
:1082040002F00AF8301D01F0BDFF00233376EFE7DA
:1082140070B5164682B000220446FFF70DFFA8B1E0
:108224001C23E375237E1BB90023184602B070BDDE
:108234000121A07D01F09AFFFF21201D01F0ECFF38
:10824400201D01F09FFF00232376EDE70546102251
:1082540031462046FFF77AFE03460028E2D0227E0C
:10826400002AE2D001900121A07D01F07FFF201DB2
:10827400FF21009001F0D0FF009801F083FF019BE3
:108284002576184602B070BD0368224ADB6C93421F
:1082940000B585B00DD16A460921FFF7B9FF30B1A9
:1082A4009DF800309B0907D0012B25D0002005B094
:1082B40000BD69469847F2E79DF809309DF806200D
:1082C4009DF808005B009DF80A1092029DF807C013
:1082D400800903F0060302F4406240EA8C0043EA9A
:1082E400D1139DF80510104301F00F02013013441F
:1082F400073B984005B000BD9DF80730BDF8080065
:108304001B0440BA03F47C1380B21843013080028A
:1083140005B000BDC965000003680A46DFF860C007
:108324001B6E634510B5044682B015D1C07E032888
:108334004FF01201204618BF5202FFF77DFE20B90C
:1083440001231846637602B010BD0C22237EE27529
:1083540033B9002002B010BD01919847019AE6E7B5
:108364000121A07D01F002FF201DFF21019001F0F9
:1083740053FF019801F006FF00232376E9E700BFCD
:10838400AD5D000003680A46DFF860C01B6E6345FC
:1083940010B5044682B015D1C07E03284FF01901F0
:1083A400204618BF5202FFF747FE20B902230120DE
:1083B400637602B010BD0E22237EE27533B900202D
:1083C40002B010BD01919847019AE6E70121A07D12
:1083D40001F0CCFE201DFF21019001F01DFF01984A
:1083E40001F0D0FE00232376E9E700BFAD5D000075
:1083F40003682DE9F041DB6C1746404A84B004461B
:108404000E46934246D16A460921FFF701FF05460D
:10841400DDB19DF80A305A061ED52368384A1B6E12
:10842400934264D1E07E032801D076027F02324673
:1084340020212046FFF700FE28B93A462121204694
:10844400FFF7FAFD50B32723E375237EA3B9002574
:10845400284604B0BDE8F0815B009DF80B2003F0D2
:108464007E0343EAD2137A1C32431342D5D0282325
:10847400E375237E002BEAD00121A07D01F076FE76
:10848400FF21201D01F0C8FE201D01F07BFE00230A
:108494002376DCE7694698470546B9E70246262174
:1084A4002046FFF7C9FD0028CDD1164B42F21077C4
:1084B4001B681F4404E0134B1B68FB1A1B0419D4EC
:1084C400201D01F08BFEFF280646F4D1237E002BED
:1084D400BED00121A07D01F049FE3146201D01F0EE
:1084E4009BFE201D01F04EFE00232376B0E72046BC
:1084F400984798E72923E375A7E700BFC9650000FB
:10850400AD5D0000BC9C022070B5044682B0002220
:108514000E463721FFF790FD002233212046FFF756
:108524008BFDA8B11823E375237E1BB900231846DD
:1085340002B070BD0121A07D01F018FEFF21201DB5
:1085440001F06AFE201D01F01DFE00232376EDE7F5
:108554000546082231462046FFF7F8FC034600286A
:10856400E2D0227E002AE2D001900121A07D01F018
:10857400FDFD201DFF21009001F04EFE009801F04A
:1085840001FE019B2576184602B070BDF0B5044685
:1085940083B000220D463721FFF74EFD00220D2146
:1085A4002046FFF749FD38B11523E375237E1BBB35
:1085B4000023184603B0F0BD201D01F00FFE07464E
:1085C4000028F1D1402229462046FFF7BFFC03468C
:1085D4000028EBD0227E002AEBD001210190A07D5F
:1085E40001F0C4FDFF21201D01F016FE201D01F045
:1085F400C9FD019B2776DCE70121A07D01F0B6FDD2
:10860400201DFF21019001F007FE019801F0BAFD41
:1086140000232376CCE700BF70B5002282B00E465B
:1086240009210446FFF708FDA8B11C23E375237E46
:108634001BB90023184602B070BD0121A07D01F0D2
:1086440095FDFF21201D01F0E7FD201D01F09AFD9D
:1086540000232376EDE70546102231462046FFF736
:1086640075FC03460028E2D0227E002AE2D0019065
:108674000121A07D01F07AFD201DFF21009001F071
:10868400CBFD009801F07EFD019B2576184602B0D3
:1086940070BD00BF70B5002282B00E460A210446A8
:1086A400FFF7CAFCA8B11C23E375237E1BB9002382
:1086B400184602B070BD0121A07D01F057FDFF21D5
:1086C400201D01F0A9FD201D01F05CFD002323768F
:1086D400EDE70546102231462046FFF737FC0346F6
:1086E4000028E2D0227E002AE2D001900121A07D60
:1086F40001F03CFD201DFF21009001F08DFD00984C
:1087040001F040FD019B2576184602B070BD00BF04
:10871400F8B51F46437E06460D46012B144602D18A
:1087240003698B4205D029463046FFF7F5FD80B139
:10873400356187B1002501E0AF420CD021464FF4EA
:1087440000723046013504F50074FFF7FFFB002882
:10875400F2D10020F8BD3369347D3B4433610CB160
:108764000120F8BD22460C2130467476FFF764FCE4
:10877400337E054670B9002BF2D00121B07D01F0A3
:10878400F5FCFF21301D01F047FD301D01F0FAFC1E
:108794003576E5E70922F275002BDAD00121B07DA8
:1087A40001F0E4FCFF21301D01F036FD301D01F025
:1087B400E9FC3476CDE700BF0268034630B50D46C8
:1087C400284CD16983B0A14211D1447E022C05D03A
:1087D400012C10D001201D7503B030BDD26E009065
:1087E4009047009B0028F5D1002003B030BD0090D5
:1087F4008847009BF6E74FF000020C210090427678
:108804000022FFF719FC009B197EA0B90029E1D0D2
:1088140021460190987D009301F0A8FC009BFF2164
:108824001C1D204601F0F8FC204601F0ABFCDDE9FC
:1088340000321A76CEE70920D8750029D4D0214613
:10884400987D01F093FC009BFF211C1D204601F044
:10885400E3FC204601F096FC4FF00002009B1A76E0
:10886400C2E700BF1968000010B5447E82B0022C34
:1088740004D0012C08D0012002B010BD0368DB6EC7
:1088840002B0BDE8104018474FF0000100220090EC
:1088940041760C21FFF7D0FB009B197EA0B900297B
:1088A400E9D021460190987D009301F05FFC009B84
:1088B400FF211C1D204601F0AFFC204601F062FCA4
:1088C400DDE900321A76D6E70920D87509B9002007
:1088D400D2E72146987D01F049FC009BFF211C1D35
:1088E400204601F099FC204601F04CFC4FF00002B8
:1088F400009B1A76EBE700BF30B5046883B02E4BBB
:1089040064699C4220D1437E15460446012B02D162
:108914000369994207D020460091FFF7FDFC0099B6
:10892400002847D021614FF4007229462046FFF702
:108934000DFB034600283DD02169227D01312161D0
:1089440042B1184603B030BD0123A44603B0BDE8CC
:10895400304060470C210190627620460092FFF778
:108964006BFB217E0546DDE9002388B90029E8D0A8
:108974000121A07D019301F0F9FB201DFF2100904E
:1089840001F04AFC009801F0FDFB019B2576D8E735
:108994000923E37571B10121A07D019201F0E6FB89
:1089A400201DFF21009001F037FC009801F0EAFB44
:1089B400019A22760023C4E7C166000070B505461B
:1089C4001646043001F028FC4FF400723146281D8D
:1089D40001F02CFCFF21281D01F01EFCFF21281DA5
:1089E40001F01AFC281D01F0F9FB00F01F03A87622
:1089F400052B05D021222B7EEA751BB9002070BD02
:108A0400012070BD0121A87D01F0B0FBFF21281DCC
:108A140001F002FC281D01F0B5FB002300202B7699
:108A2400EDE700BF2DE9F041164D074688462C6856
:108A340004F5167403E02B68E31A1B040CD4381DE8
:108A440001F0CCFBFF28F6D14246FC213846FFF763
:108A5400B5FF18B1BDE8F0812523FB753B7E13B942
:108A64000020BDE8F0810121B87D01F07FFBFF21EA
:108A7400381D01F0D1FB381D01F084FB00230020D8
:108A84003B76EEE7BC9C02202DE9F041057D82B0E7
:108A9400D0F800E03DB1DEF824400123A44602B042
:108AA400BDE8F04160470B46164636490446DEF8F9
:108AB40060208A4234D1C07E03284FF0180120463A
:108AC40018BF5B021A46FFF7B7FA38B10D23E375F6
:108AD400237E4BBB284602B0BDE8F0813246FE211E
:108AE4002046FFF76BFF80460028F1D0264B261D59
:108AF4001B6803F5167704E0234B1B68FB1A1B0461
:108B040024D4304601F06AFBFF28F5D100900022FE
:108B14000D212046FFF790FAD8B10A23E375D7E771
:108B240000939047009BC7E7A07D012101F01EFB45
:108B3400201DFF21009001F06FFB009801F022FB43
:108B440000232846237602B0BDE8F0812423E37590
:108B5400BEE7304601F042FB0028DED1217E09B990
:108B64004546B7E701210190A07D454601F0FEFA94
:108B74000099304601F050FB304601F003FB019AA6
:108B84002276A7E7AD5D0000BC9C02202DE9F04FE2
:108B94009A46437E81B00746022B0C46904652D03B
:108BA4003B68214638469B6E984700283AD03C6182
:108BB400BAF1000F21D04FF00009DFF8A4B0274D1F
:108BC4003B685B6E5B4528D12C6804F5167403E0A2
:108BD4002B68E31A1B0418D4381D01F0FFFAFF2890
:108BE400F6D14246FC213846FFF7E8FE78B109F198
:108BF400010908F50078CA45E2D13B69387D534440
:108C04003B6120B301B0BDE8F08F2523FB753B7EAB
:108C14005BB9002001B0BDE8F08F41463846984763
:108C24000028E4D13B7E002BF3D00121B87D01F074
:108C34009DFAFF21381D01F0EFFA381D01F0A2FA68
:108C440000233B76E5E703698B42A9D1B0E73B6893
:108C54003846DB6E01B0BDE8F04F1847BC9C0220DB
:108C6400D56900000020704700207047002070473D
:108C740000207047084B0021084A9963D3F830C09C
:108C84000748C2F800C012681A639A6C22F0810285
:108C94009A640170704700BF00002C40B88E002019
:108CA4003A9E0220034B586A80F08070C0F3006043
:108CB400704700BF00002C40014B1878704700BF7C
:108CC4003A9E02202D4A2E4B526AD3F800312D4988
:108CD400C2F3C22203F03F03013230B52A4C4FF4F1
:108CE4007A75A4FB034305FB00F09B08B1FBF3FE7C
:108CF400BEFBF2FEB0EB1E1F3CD2082101231D4631
:108D04005B001A01BEFBF2F2824201D90139F6D1AD
:108D14002D02BEFBF3F2904228D259004FF0010C11
:108D240000E05918BEFBF1F282421CD90CF1010C8F
:108D3400BCF1100FF5D14FF0F00C4FF47A73134AD5
:108D4400134803FB01F1BEFBF1F10160D36A6FF339
:108D5400131343EA0C032B4343F46023D362536A93
:108D64001B07FCD530BD4FEA0C1CE6E719464FF053
:108D7400000CE2E7724600250123CCE700C00F4057
:108D840000800D4000EC695EABAAAAAA00002C404A
:108D9400388E0020704700BF014B1878704700BF21
:108DA40061850020014B1868704700BFB88E002011
:108DB400DFF81CC000B58E46BCE80F00CEF80000FA
:108DC4000120CEF80410CEF80820CEF80C3000BDF7
:108DD400448E0020DFF81CC000B58E46BCE80F00AE
:108DE400CEF800000120CEF80410CEF80820CEF80A
:108DF4000C3000BD548E0020024B01201B680B6018
:108E0400704700BF648E0020034B0A4603CB1060FA
:108E140001205160704700BF6C8E002030B50B4CB0
:108E24008C4604F14005A6460CF1100C1034BEE843
:108E34000F00AE454CF8100C4CF80C1C4CF8082CE8
:108E44004CF8043CEFD1012030BD00BF748E0020EB
:108E5400704700BF00B583B00C21019004F02CF8DA
:108E6400019803B000BD00BF064B187840B1064B13
:108E74001B7823B1054B18780230C0B2704701202B
:108E8400704700BF359E0220369E0220379E022086
:108E9400164A13789B090ED0012B01D0002070478D
:108EA400D37910891B0440BA03F47C1380B21843AD
:108EB400013080027047537A107A92F807C05B0041
:108EC4009179800903F0060340EA8C0092F80AC005
:108ED4008902527943EADC1301F4406102F00F0283
:108EE400084313440130073B98407047548E0020D8
:108EF400F8B5124B124C134D236003F0E5FB2B78AD
:108F04007BB10646104F03E005F090F92B7843B18E
:108F140003F0DAFB801BB842F6D90023236000205B
:108F2400F8BD0A4B00211A6821609207F7D51A6828
:108F3400074B1A420CBF01200020F8BD696C0000E9
:108F4400B48E00203A9E022040420F00B88E0020CA
:108F540000007F112DE9F843DFF8848098F8003091
:108F640013B90120BDE8F88303F0AEFB154D0746A5
:108F7400154C164E04E003F0A7FBC01BB04219D8F1
:108F84002B6B13EA0409F6D00022114B88F8002059
:108F94002A6B1A6019680F4A29631B681342E0D0D0
:108FA4000D4920240D4B40F2AA2200200C701A60B7
:108FB400BDE8F8832A6B064B88F800901A601B689A
:108FC4002B63EDE700002C4002007F1140420F00AC
:108FD400B88E002000007F11618500203C8E0020A7
:108FE400389E02202DE9F0418846FFF7B3FF0028A0
:108FF4003FD0224B04465A6AD1052AD51F4D204E34
:10900400AB6A43F48033AB6203F05EFB074604E0D3
:1090140003F05AFBC01BB04224D86B6A5A05F7D53B
:1090240008F13C0C08F50F7014494B6A5B05FCD53C
:10903400ACF1400353F8042F63450A62FAD103F1FB
:10904400400C8445F1D10F4B012220461A70BDE833
:10905400F0819A6A22F480329A629A6A42F4003267
:109064009A62CBE708492220084B40F2314208704B
:109074001A6000242046BDE8F08100BF00002C40A7
:1090840040420F00389E0220618500203C8E002063
:109094002DE9F041074688461F4C03F015FB1F4D90
:1090A400064604E003F010FB801BA84228D8636A3C
:1090B400D907F7D4BB02C4F8088024D427F0FF07EB
:1090C400154C174DE76003F0FFFA144E074604E011
:1090D40003F0FAFAC01BB04212D8236B2B42F7D02C
:1090E400226B104B1A601A6822631A68D20707D5DC
:1090F4001B6813F4702F0CBF01200020BDE8F08121
:109104000020BDE8F081A26CFBB222F0FF02A26451
:10911400A26C1343A364D1E700002C4040420F002B
:1091240001000F00B88E0020134B10B50C4684B01C
:109134001968FFF7ADFFE0B1104BA4461A6900921D
:109144005969019199690291D96901230CF80E2F8B
:10915400039123F0030203F0030101336A44C900BD
:109164000F2B126822FA01F20CF8012DF1D1002321
:10917400E37304B010BD00BF688E002000002C40D3
:10918400184B1B781BB1184B1B68A3B11847174B1E
:109194001B783BB9164B5B6A83F08073C3F300639F
:1091A40018467047124A134B126B1340B3FA83F3F9
:1091B4005B0918467047104B1B78002BF0D00F4A00
:1091C4000F48116800B583B00193FFF761FF019B5D
:1091D40028B1074B1B6983F48073C3F3002318463B
:1091E40003B000BD399E0220B48E0020389E0220B8
:1091F40000002C4002007F11359E0220688E002062
:1092040000001A0D08B5044B04481968FFF740FF25
:1092140008B1034B186908BD688E002000001A0DC0
:1092240000002C4008B5074B07481968FFF730FFCA
:1092340030B1064B186980F48070C0F3002008BD7B
:10924400012008BD688E002000001A0D00002C408B
:109254002DE9F843244B8946244D254C2B6003F01B
:1092640033FADFF8A8800746224E06E003F02CFA12
:10927400C01BB04223D804F0D9FF21681E48FFF771
:1092840007FF0028F2D0D8F81030DB05EED5002314
:109294004FF400722B60D8F8283023F48033C8F8D8
:1092A4002830164BC8F804201B78A3B1494614484B
:1092B400FFF7EEFE68B90E224FF4926304E000213A
:1092C4000A2240F2844329600E4C00200E49227089
:1092D4000B60BDE8F8834FEA492909484946FFF77E
:1092E400D7FE0028F5D1E6E7D5710000B48E002042
:1092F400688E002040420F0000001A0D379E0220A5
:1093040020003A19618500203C8E002000002C408A
:109314002DE9F843894690461D4C03F0D5F91D4FBD
:1093240006461D4D04E003F0CFF9801BA84223D864
:1093340021681A48FFF7ACFE0028F4D03B69DB052E
:10934400F1D5174B0122494616481A700022164BD4
:109354001A60164A164BC7F800807A60BB63FFF7A1
:1093640097FE68B9042240F22733124C00201249B8
:1093740022700B60BDE8F8830A224FF44873F4E7C7
:10938400FFF7B6FD0028F5D1262240F22A33ECE798
:10939400688E002000002C4040420F0000001A0D8F
:1093A4003A9E022011003A06B88E002040000100C7
:1093B40002007F11618500203C8E0020F8B5214C0D
:1093C40000212148A36A23F48033A362FFF760FEDF
:1093D40048B9092240F26D231C4800251C4902703B
:1093E4000B602846F8BD1B4B05461B4A136003F06F
:1093F4006BF9636A0646D80112D4184F04E004F0EE
:1094040015FF636AD9010BD403F05EF9831BBB42D9
:10941400F5D9002110480A224FF41C730160DBE7E0
:109424000022084B0C490A605A6A9207D9D5586B36
:109434009A6AD96A22F4803241F08061D962586311
:109444009A62CEE700002C400000DB0C618500200E
:109454003C8E0020556C0000B48E002040420F006A
:1094640012F0030F00D143B92B4926202B4B40F2B5
:109474002322087000201A6070472DE9F041144639
:109484001F46274A0E46274B8046136003F01CF9FB
:10949400054607E003F018F9234B401B984229D8EE
:1094A40004F0C4FE214B22481968FFF7F1FD00289F
:1094B400F0D0204B1B69DB05ECD5002218491E4B6C
:1094C40001200A601D4903EA0743087043F400734E
:1094D4001B490A6017491B4A0C604B601A4B8A638C
:1094E4001B7893B131464046FFF7D2FD78B900208E
:1094F400BDE8F081084A0A210020084B084C11708D
:1095040040F2262220601A60F1E77602EAE7BDE81D
:10951400F041FFF7EDBC00BF618500203C8E0020C8
:10952400B48E0020D571000040420F00688E0020E8
:1095340000001A0D00002C400000FF1F3A9E02207C
:10954400B88E002002007F11379E0220F8B506462F
:109554001D480C46154600781F4698B983B10F4440
:1095640001E0BC420CD033682A46214630461B69D0
:10957400013405F5007598470028F2D10020F8BDA4
:109584000120F8BD900712D0002BF9D00F4401E060
:10959400A742F5D033682A46214630461B69013478
:1095A40005F5007598470028F2D10020E7E7074841
:1095B400FFF756FF0028E3D105490C20054B40F284
:1095C400DE3208701A60D9E7399E022037003A1259
:1095D400618500203C8E0020F8B506461D480C46E7
:1095E400154600781F4698B983B10F4401E0BC4288
:1095F4000CD033682A46214630461B6A013405F5EF
:10960400007598470028F2D10020F8BD0120F8BD6C
:10961400900712D0002BF9D00F4401E0A742F5D0F7
:1096240033682A46214630461B6A013405F5007525
:1096340098470028F2D10020E7E70748FFF710FF1A
:109644000028E3D105490E20054B40F2764208700C
:109654001A60D9E7399E022027003A196185002053
:109664003C8E0020B84B01F0010100222DE9F04F9F
:10967400B64F91B0B64C824619700521B54BB64E23
:10968400B64D027222703A7032702A70D3F80021FB
:10969400DFF8E48242F08002C3F80021D3F800210D
:1096A40022F03F02C3F80021D3F8002142F018024F
:1096B400C3F80021D3F8002122F08002C3F800216E
:1096C40003F51033A64AD3F8800040F00C00C3F829
:1096D4008000586A20F460505862D86940F48030A1
:1096E400D861586A40F400605862C2F8CC11C2F8DC
:1096F400D011C2F8BC11C2F8C011C2F8C411C2F82A
:10970400C811D8F84810974B41F00041C8F84810E8
:10971400D8F82C100B43C8F82C30D8F82C3013F0A0
:109724008079FAD14FF4C870FFF7CCFA8C4947F22C
:10973400B80341F2B800C1F8CC91C1F8D091C1F896
:10974400BC91C1F8C091C1F8C491C1F8C891C1F8E5
:10975400BC33C1F8C033C1F8AC33C1F8B003C1F8AD
:10976400B433C1F8B833804B8049C8F83430804BE7
:10977400C3F8F8117F4B602183F86E104FF0E0239B
:109784004FF48041C3F80C11D8F82C3043F0006337
:10979400C8F82C30784BD96A11F00061FBD1084627
:1097A400FFF776FC50B90121744B40F2BE222170C0
:1097B4001A600025284611B0BDE8F08F4FF0030968
:1097C400DFF8B4814FF4D5716D48FFF761FC0028D0
:1097D40045D1D8F82C3043F08073C8F82C30D8F831
:1097E4002C30DB01FBD4B9F10109EBD12B78002B30
:1097F40043D14FF4401902F067FF624D80460021C7
:109804006148FFF745FC30B917215C4B40F2D32285
:1098140021701A60CDE749465C48FFF739FC0028FF
:10982400F2D002F051FFA0EB0800534BA842EBD852
:109834001A69002AE3DA1969554A11601B695D0047
:1098440001D50123337000215248FFF721FCB8B938
:1098540002214A4B4FF4377221701A60A9E7464B34
:109864001B69B3F5D57F06D00621444B4FF4317202
:1098740021701A609DE701232B70DFF83891BAE755
:1098840000214548FFF704FC30B903213B4B40F26B
:10989400DF2221701A608CE7DFF8DC80DFF8189192
:1098A400D8F810303D496FF30F033D48C9F8003034
:1098B400FFF73AFC30B90721304B4FF4397221706D
:1098C4001A6076E737493848FFF72EFC30B908218B
:1098D4002A4B40F2E72221701A606AE7D9F8001097
:1098E4003248FFF7D5FB30B90521244B40F2EA2278
:1098F40021701A605DE7D9F800102348FFF7C8FB10
:1099040030B914211D4B40F2EE2221701A6050E749
:1099140002212748FFF7BCFB0028F2D0D8F82830F2
:10992400184D23F00603C8F82830D8F8283043F03F
:109934000203C8F828304FF01013C8F8443002F07E
:10994400C3FE06463FE000BF399E0220359E02203A
:109954006185002000800D40379E0220369E022043
:1099640000801F40008000010B007F11256C000067
:109974000088002000E400E000002C403C8E002021
:1099840000001A0840420F0000001A3700000229A4
:10999400648E00200000090200001A03548E002087
:1099A40000000909448E00200000090A00001B077A
:1099B40000001A0600003040688E002002F084FE89
:1099C400831BAB4226D8D9F800107248FFF760FB1E
:1099D4000028F3D0D8F81030D805EFD501236E4E07
:1099E4006E4D002233706E4B2A60C8F800306D4B08
:1099F4006D48C8F804306D4BC8F83830D9F80010F9
:109A0400FFF746FB68B91821694B40F2D712217061
:109A14001A60CEE60A21664B4FF4E87221701A6090
:109A2400C7E600216348FFF733FB0028EBD0FFF7BC
:109A34005FFA30B926215E4B4FF4ED7221701A6043
:109A4400B7E602F041FEDFF88881834606E002F0C3
:109A54003BFE594AA0EB0B03934224D8D9F80010DB
:109A64004C48FFF715FB0028F1D0D8F81030D90581
:109A7400EDD501234C4833700026504B2E60C8F8B6
:109A840000304F4BC8F80430484BC8F83830D9F888
:109A94000010FFF7FDFA68B91521454B40F2C512D5
:109AA40021701A6085E60A21414B4FF4DF72217060
:109AB4001A607EE631464348FFF7EAFA0028EBD005
:109AC400FFF716FA054630B92621394B4FF4E472F4
:109AD40021701A606DE6324B1B781A0725D0DAF82C
:109AE400003050466A466FF07F419B6A98470028D1
:109AF4003FF45FAE9DF80D309B0716D5DAF80030C1
:109B04006A46504630499B6A984700283FF451AE54
:109B14009DF8103003F00F03012B38D00421244B9F
:109B240040F20D3221701A6043E646F2A810274C29
:109B34000523C4F8CC31C4F8D031C4F8BC31C4F81E
:109B4400C031C4F8C431C4F8C831FFF7BBF80023EE
:109B540047F2B802C4F8CC31C4F8D031C4F8BC31EF
:109B6400C4F8C031C4F8C431C4F8C83141F2B803F0
:109B7400C4F8BC23C4F8C023C4F8AC23C4F8B0337D
:109B84000123C4F8B423C4F8B8233B7012E64CF2A2
:109B94005030CCE700001A0D3A9E0220B88E002007
:109BA4006C8E00200800010000001A3702007F11AB
:109BB4003C8E002011003A3340420F00748E002086
:109BC4004000010011003A0DF1FFFF8000801F40AA
:109BD40000002C40F8B5324B0F465A6A92050DD45A
:109BE4009A6A22F480329A6272B69A6A42F4003215
:109BF4009A629A6A42F480329A6262B602F064FD12
:109C0400274C0646274D04E002F05EFD801BA84267
:109C140033D8636A1B05F7D507F13C0007F50F74C9
:109C24001F494B6A1D05FCD5A0F140030A6A43F89D
:109C3400042F8342FAD103F14000A042F1D102F093
:109C440043FD174C0746184D164E04E002F03CFD48
:109C5400C01BB0421AD8236B2B42F7D0226B134B94
:109C64001A601A6822631A6892070DD51A68104B95
:109C74001A420CBF01200020F8BD0E491B200E4BD8
:109C840040F2893208701A600020F8BD1E2009498C
:109C9400094B4FF46572087000201A60F5E700BFA5
:109CA40000002C4040420F0002007F11B88E0020BB
:109CB40000007F11618500203C8E00202DE9F843CF
:109CC400244B8946244D254C2B6002F0FDFCDFF823
:109CD400A8800746224E06E002F0F6FCC01BB04204
:109CE40023D804F0A3FA21681E48FFF7D1F900280D
:109CF400F2D0D8F81030DB05EED500234FF4007213
:109D04002B60D8F8283043F48033C8F82830164B39
:109D1400C8F804201B78A3B149461448FFF7B8F9E2
:109D240068B90C2240F2FA3304E000210A2240F21E
:109D3400EE3329600E4C00200E4922700B60BDE802
:109D4400F8834FEA492909484946FFF7A1F9002851
:109D5400F5D1E6E7D5710000B48E0020688E0020AE
:109D640040420F0000001A0D379E022030003A12C4
:109D7400618500203C8E002000002C4070B500233B
:109D84001C4D0E4603721946AB6A1B4823F48033FC
:109D9400AB62FFF77DF918B104465EB9204670BD89
:109DA400092240F20A43154800241549027020464E
:109DB4000B6070BD134B144A136002F085FC6B6A90
:109DC4000646DA0112D404E004F030FA6B6ADB01CF
:109DD4000CD402F079FC0D4A831B9342F4D9002180
:109DE40009480A2240F20E430160DCE70023064AD8
:109DF4001360D3E700002C400000DB0C61850020D9
:109E04003C8E0020556C0000B48E002040420F00B0
:109E140010B50446FFF79EF808B1237A03B910BDC4
:109E240020460121BDE81040FFF7A8BF30B590F8E7
:109E340008C0144683B00A46BCF1000F0FD0016875
:109E4400DFF828C1C969009261453FD10190FFF74D
:109E540081F8C8B1019B009A197A00293FD1384989
:109E64008B7A580613D45B00C87A611C03F07E0316
:109E7400114343EAD0130B4209D032492820324B14
:109E840040F23D3208701A60002003B030BD2F4B01
:109E94001B780BB95202640211462D48FFF7F8F8FB
:109EA40038B928490F20284B40F2453208701A600F
:109EB400EAE721462748FFF7EBF8C0B9214910200B
:109EC400214B4FF4527208701A60DDE78847009AFC
:109ED4000028D9D01A498B7A5806C4D5D7E701216E
:109EE4001846FFF74BFF009A0028F3D1CCE7002176
:109EF4001948FFF7CDF838B912491120124B40F236
:109F04004B3208701A60BFE702F0DEFB134C0546C3
:109F140021681348FFF7BCF818B1124B1B69DB0525
:109F2400B3D402F0D1FB104B401B9842F0D9054941
:109F34002920054B40F24E3208701A60A4E700BF96
:109F4400548E0020618500203C8E0020379E022024
:109F540000001A2000001A2100001B26688E002031
:109F640000001A0D00002C4040420F00C17D00008B
:109F740003463548007830B51446ADF5037D00B38B
:109F840093070FD101233148FFF76AFAB8B9304972
:109F94000B20304B40F2B13208701A6000200DF5EE
:109FA400037D30BD012302AA2848FFF759FA00288F
:109FB400EDD04FF4007202A9204602F0DFFE01202A
:109FC400EDE701930D46FEF7C5FF019B0028E5D0A0
:109FD4001A7A012A23D01A681F49D2698A4222D1E7
:109FE4000193FEF7B7FF0028D8D0019B1A7A0ABB69
:109FF400184629460193FFF761FE019B0028CDD046
:10A0040001225D601A72214618460193FFF7E2FDB2
:10A014000028C3D0019B5A6801325A60CFE75A68BE
:10A02400AA42D8D1EFE7184601939047019B002834
:10A03400B4D0DDE7184601210193FFF79FFE019B91
:10A044000028ABD0D4E700BF399E022011003A119A
:10A05400618500203C8E0020C17D000030B53C4C61
:10A064000D46ADF5037D21781446D9B1930706D08A
:10A07400214602AC4FF4007202A802F07FFE0123D5
:10A08400224629463348FFF7EBF9002841D13249EB
:10A094000D20324B40F24A4208701A6000200DF540
:10A0A400037D30BD0190FEF755FF019B0028F5D0DC
:10A0B4001A7A022A2FD01A682949D2698A422ED1E3
:10A0C4000193FEF747FF0028E8D0019B1A7A002A83
:10A0D4002CD11A682349926E8A4230D118462946F7
:10A0E4000193FFF7B5F8019B0028D7D002225D60E9
:10A0F4001A721A6818461C49526E01938A42214604
:10A1040023D1FEF76FFF019B0028C7D05A680132A4
:10A114005A600120C3E75A68AA42CCD1E9E718463D
:10A1240001939047019B0028D3D1B7E7184601213A
:10A134000193FFF723FE019B0028CAD1AEE718461E
:10A14400019329469047019BCEE79047019BDBE7AB
:10A15400399E022001003A18618500203C8E0020BF
:10A16400C17D000001720000956F000002F0D6BAB4
:10A1740008B5034653F8040B93E80600F8F79CFC73
:10A1840008BD00BF0268D37C13B3D80704D5906A16
:10A194004FF0E021C1F80001990704D5D06A4FF0CF
:10A1A400E021C1F80401580704D5106B4FF0E021F9
:10A1B400C1F80801190704D5506B4FF0E021C1F82C
:10A1C4000C01DB0604D5926B4FF0E023C3F8102199
:10A1D400704700BF006800F0E9BA00BF0268FF23BF
:10A1E40012685366D36D13F4F81FFBD0506FC0B2DE
:10A1F400704700BF30B50C4683B00546FF212046AA
:10A20400019204F02FFF2868019B2246214600F0AA
:10A21400C9FA002003B030BD03681A685166D36DD3
:10A2240013F4F81FFBD0536F704700BF02F1FF3CDB
:10A234001346BCF5007F0FD3FAB1026801391268E6
:10A24400C81811F8013F5366D36D13F4F81FFBD0FF
:10A254008142536FF5D1704710B5ADF5027D0446C8
:10A2640002A8019202F08AFD02AA019B114620680D
:10A2740000F098FA0DF5027D10BD70470378DB07F6
:10A2840001D4012070470346406810B503F1100261
:10A2940082B0016801920C6A00939968A047DDE9D5
:10A2A400003298B1197888070CD558680093D0F813
:10A2B40000C0D3E90241DCF820302144984728B19A
:10A2C400009B197821F001010120197002B010BD22
:10A2D40010B5446884B07CB31446826803468A424D
:10A2E4000AD1024612F810CB04F0030410464CEADB
:10A2F40004021A7004B010BDCDE90101FFF7BEFFDE
:10A30400D0B114F0040FDDE9013105D003F11002DE
:10A314004FF0000C9960E7E7586803F11002D0F899
:10A3240000C00192CDE90213DCF810309847039B7A
:10A33400DDE901210028EBD1002004B010BD00BFED
:10A3440090F81CC04160BCF1020FC26001D1836867
:10A35400184701F065BD00BF30B504468E4600685D
:10A36400114640F20122026123B31D46BEF1000FE3
:10A3740021D0724612F801CB9646013DC0F864C064
:10A38400026F920707D48C46013B426F19B10CF857
:10A39400012B614620684269D207F1D5002DE5D131
:10A3A40043B1026F9207FCD4426F09B101F8012B4B
:10A3B400013B03D130BD94F83CC0DEE72068026F56
:10A3C4009207EED4F0E700BF304B314910B5D3E922
:10A3D400114E9EF80400C8771A6C94F804C081F8F2
:10A3E4001CC0087752B1B2F5004F23D32949511844
:10A3F400274A1964D07682F81BC010BD19680F244F
:10A40400D86C8C6540F20134CA610C614FF47C5401
:10A414004C6103210468246883F83D101E4B9C4260
:10A4240020D1037F4260022BC26020D18368BDE843
:10A43400104018472468E18B090421D4E283DEF834
:10A444000010B4F81EE0A4F816E0CC8B240412D457
:10A45400CA83CA8BCA8200210D4A1964D07682F855
:10A464001BC010BD23461146BDE810401847BDE887
:10A47400104001F0D5BCCC8B62F30804CC83E8E730
:10A48400E18B62F30801E183D9E700BF4482002035
:10A4940000800E400180FFFFF1820000304B314903
:10A4A40010B5D3E9114E9EF80400C8771A6C94F8DD
:10A4B40004C081F81CC0087752B1B2F5004F23D311
:10A4C40029495118274A1964D07682F81BC010BD57
:10A4D40019680F24D86C8C6540F20134CA610C6190
:10A4E4004FF47C544C6103210468246883F83D10C4
:10A4F4001E4B9C4220D1037F4260022BC26020D1BC
:10A504008368BDE8104018472468E18B090421D40E
:10A51400E283DEF80010B4F81EE0A4F816E0CC8B59
:10A52400240412D4CA83CA8BCA8200210D4A196436
:10A53400D07682F81BC010BD23461146BDE81040FA
:10A544001847BDE8104001F06BBCCC8B62F30804E3
:10A55400CC83E8E7E18B62F30801E183D9E700BF2C
:10A56400F481002000800E400180FFFFF182000092
:10A5740043682DE9F04FD3E90041814D4FF0B8090C
:10A5840022684FF00F0B22EA01027E492260AA6979
:10A5940011407D4A0A43AA6190F810E07B4A03EB1C
:10A5A4000E0603EB8E0E317C02EB01118968C1F8B3
:10A5B400009090F811C003EB0C050CF10A0C95F80F
:10A5C400241002EB01118968C1F80090817C03EB2F
:10A5D400010803EB810198F838A002EB0A1ADAF8B3
:10A5E40008A0CAF80090D4F800905F6849EA070907
:10A5F400C4F80090347CDEF814E002EB04146468C0
:10A60400C4F800E095F8244053F82CC002EB04147D
:10A614006468C4F800C098F83840C96B02EB0412AF
:10A62400526811609A6C98F8441011601A6A317F6C
:10A634005B6B116095F830201A60022203681A617E
:10A64400C3F858B0C27C002A32D072B6C37CDD078E
:10A6540008D54FF0E0214469D1F88021224082627C
:10A66400C1F880219C0708D54FF0E0218469D1F816
:10A6740084212240C262C1F88421590708D54FF0D1
:10A68400E021C469D1F8882122400263C1F88821FD
:10A694001A0708D54FF0E021046AD1F88C21224032
:10A6A4004263C1F88C21DF065CD462B6C27C0368C5
:10A6B400374D8168A9425FD0314985608969354C3D
:10A6C400C1F30117C1F38261334E54F827400131BD
:10A6D400B4FBF1F4B44230D80021C16000241C6101
:10A6E40003245C620724196401211C66196112B3F6
:10A6F400D60704D5816A4FF0E023C3F8001195070B
:10A7040004D5C16A4FF0E023C3F80411540704D5FB
:10A71400016B4FF0E023C3F80811110704D5416B16
:10A724004FF0E023C3F80C11D30604D5826B4FF02D
:10A73400E023C3F81021BDE8F08F1849A1FB0461A0
:10A74400090DB4FBF1F4AC4288BF0131B1F5817F4E
:10A7540014D20229C0D902394C0804EB042441EA7A
:10A764000421BAE74FF0E022416AD2F890310B405D
:10A774008363C2F8903198E7C168AFE70849ACE752
:10A7840000C00F40CFFFFFE310000008301000208E
:10A7940000093D001C0F0020FF083D0083DE1B4321
:10A7A400FF7F7F000BB1FFF7D7BD70474268D2E946
:10A7B40000130968194200D170470346002005219F
:10A7C40010B51C6882B02061187C01930244107C8F
:10A7D40001F0D8FF019B0521587C5A68024492F885
:10A7E400240001F0CFFF019B05215A689B7C134490
:10A7F40093F8380002B0BDE8104001F0C3BF00BFB9
:10A80400A1F1280370B5064682B0252B2DD8DFE8C8
:10A8140003F01352292969562C2C2C2C2C2C2C2C6B
:10A824002C2C2C2C2C2C2C2C2C2C2C2C2C2C2C2C64
:10A834002C2C2C2C2C2C424206F12B0541362C4678
:10A8440014F8012F0121631EFF2A1046A3EB050310
:10A8540006D0DBB20F2B84BF0221104601F092FF19
:10A86400B442EDD1012002B070BD3F294FD901F0AF
:10A874003F03F01890F82C00FF28F3D011F0300FAC
:10A8840047D0102B49D001F06BFF031E18BF0123E2
:10A8940086F82730E6E701F03F04344494F82C00AE
:10A8A400002A30D1114601F039FF012194F82C001F
:10A8B40001F068FFD6E7104601F0B0FED2E7194C6C
:10A8C400022A1949194B486822688CBF02240524BE
:10A8D400A3FB0232920C04FB02F24B681B1A9A424D
:10A8E400FBD8BFE71049002A0E4C104B4868226879
:10A8F400A3FB02324FEA924208BF00224B681B1AA4
:10A904009A42FBD8AEE7022101F03CFFAAE70020FF
:10A91400A9E7114601F002FFA4E7019003F086FCC9
:10A924000198B0E7F0810020001000E083DE1B43B3
:10A93400143930B5044683B00C2908D8DFE801F097
:10A944001107071F324F0707070707070A000020F0
:10A9540003B030BD4A21204601F03EFA012003B085
:10A9640030BDA26923680AB99A68A26120465A7860
:10A97400492101F031FA3B48FFF7FAFDEEE7002ADE
:10A98400ECD0501E374C591E226853FA80F011F84F
:10A99400013F5366D36D13F4F81FFBD08842536F05
:10A9A400F5D1DBE72368A1691B7B5A1E022A4BD928
:10A9B4000723009101932B48DDE90012F8F77CF896
:10A9C4002368204649211A7801F006FA636922684F
:10A9D4002C211D46204600239278A847BEE7226812
:10A9E40000232C212046D2786569A8472368492191
:10A9F40020465A7801F0F0F91A4AD37C002BADD0E6
:10AA0400DD0704D5906A4FF0E021C1F800019C07EE
:10AA140004D5D06A4FF0E021C1F80401580704D5E9
:10AA2400106B4FF0E021C1F80801190704D5506BF1
:10AA34004FF0E021C1F80C01DB068FD5926B4FF08B
:10AA4400E023C3F8102189E79B000091DAB21B07C9
:10AA540003D5082A03D0044BACE7044BAAE7044B04
:10AA6400A8E700BF44820020070000C007000040A0
:10AA74000700008080F8351080F8362080F83730E1
:10AA8400704700BF2DE9F04F1E46531C85B090F867
:10AA9400AAB09BB281460F46924600938B19DDF80B
:10AAA40038809BB200F0A2FD002837D0002E33D0AE
:10AAB400BBFA8BF301255B09039398F8000000238C
:10AAC40000EA0501084610E0002938D112F0FF051C
:10AAD4001FFA8CF307F1010702D108F101080125DF
:10AAE400B3421ED098F800102940F41A03F1010C67
:10AAF4006A00C9B2A4B20028E6D00029E6D1002237
:10AB0400F91A89F8AAB0009289B2524648462646F4
:10AB140000F0BCFC002CD0D189F8AAB005B0BDE887
:10AB2400F08F88B999F8A930002BF5D10446039B1E
:10AB3400B91B89F8AA30002300933346E4E799F857
:10AB4400A9201AB12646B8E70024D8E71E46EEE746
:10AB54002DE9F04782B01F460B448246BDF8289089
:10AB640014469BB2884602EB09060B9DB6B20096CA
:10AB740000F03CFD90B1B9F1000F0FD007F10709C7
:10AB8400C9F3CC092246013400953B46A4B24146A0
:10AB940050464D44FFF776FFA642F3D102B0BDE81C
:10ABA400F08700BFBDF800C0CDF800C0FFF7D0BFEC
:10ABB4002DE9F04383B01F46CB188046BDF828909A
:10ABC40014469BB20E4602EB0905ADB2009500F0A7
:10ABD4000DFD80B1B9F1000F0DD04FF000092246F0
:10ABE40001343B463146A4B24046CDF8009000F013
:10ABF4004DFCA542F3D103B0BDE8F0832DE9F0414B
:10AC04001E4684B0CB188046BDF828700D469BB212
:10AC140014460393D3199BB20093039B00F0E6FC04
:10AC240010B904B0BDE8F08100232246294640460D
:10AC34000093334600F02AFC012FF2D9023F01347D
:10AC4400BFB2A4B257B9002733462246294640462C
:10AC54000A9704B0BDE8F04100F018BC0123224675
:10AC64002946404600933B4600F010FC012322464F
:10AC74003C4400934046039BA4B2591E3B4689B210
:10AC840000F004FCDFE700BF03682DE9F04306464B
:10AC940083B090F85090002490F8515093F81180AC
:10ACA40000E033681B7C2A46F76C002113FB04FC8C
:10ACB4000134304601354FEACC0CEDB217FA8CFC66
:10ACC400CDF800C001F044F8E3B2994501D9A84594
:10ACD400E7D803B0BDE8F0830268002190F8503053
:10ACE400127CC06C03FB02F2D20004F0BBB900BFBB
:10ACF40000B583B00190FFF7C7FF019803B05DF87A
:10AD040004EB01F05FB800BF836C00B583B080F83A
:10AD140051101B68019098470198836C5B6803B0DD
:10AD24005DF804EB184700BF90F8AB20034612B956
:10AD34000021FFF7E9BF0268002100B590F850C078
:10AD440083B0127CC06C0CFB02F20193D20004F0BD
:10AD540089F9019B0021184603B05DF804EBFFF765
:10AD6400D3BF00BF10B5044682B0FFF78DFF94F83F
:10AD7400513094F8500022680344517CDBB299426C
:10AD840014D994F8AB1031B920461946FFF7BCFF2B
:10AD9400012002B010BD127C0021019300FB02F2DD
:10ADA400E06CD20004F05EF9019BEDE7204601F06F
:10ADB40009F8002002B010BD10B50446FFF7B4FF37
:10ADC4002046FFF7CFFF0028FAD101462046BDE810
:10ADD4001040FFF799BF00BF0346082201481A70CC
:10ADE400704700BF1092002030B585B004460D4670
:10ADF400094900931346094A00F0F6FF0DF10F00CC
:10AE0400FFF7EAFF064B01469DF80F202046009508
:10AE140000F040FD05B030BD2D9C0000359A0000C7
:10AE240011960000405A40BA80B270470020704723
:10AE34000A46112108B5034692F800C0104683F86B
:10AE440000C092F801C083F801C092F802C083F8F0
:10AE540002C092F803C083F803C092F804C083F8D8
:10AE640004C092F805C083F805C092F806C083F8C0
:10AE740006C092F807C083F807C092F808C083F8A8
:10AE840008C092F809C083F809C092F80AC083F890
:10AE94000AC092F80BC083F80BC092F80CC083F878
:10AEA4000CC092F80DC083F80DC092F80EC083F860
:10AEB4000EC092F80FC083F80FC092F810C083F848
:10AEC40010C0FFF7AFFF844613211046A3F812C049
:10AED400FFF7A8FF844615211046A3F814C0FFF716
:10AEE400A1FFD88208BD00BF012B08D0022B03D0DC
:10AEF40043B9104480B27047801A80B27047084446
:10AF040080B27047401A80B2704700BF012B08D04E
:10AF1400022B03D043B9084480B27047401A80B270
:10AF24007047801A80B27047104480B2704700BFE7
:10AF34002DE9F04F87B006460C4690F8808090F8D3
:10AF440081B005920FE096F88520002A35D004EBF5
:10AF54000803039AAC420BF1010B4FF00008A3EB7A
:10AF6400020736D3FCB296F882204FFA8BFAB6F871
:10AF74007E904FFA88F1A2EB080596F88830039288
:10AF84005246EDB2B6F87C002746AC4228BF2F46A5
:10AF9400FFF7BCFF04904846FFF7A6FF059A002A76
:10AFA400D1D00093024696F886C03B4604993046B9
:10AFB40086F8AAC000F06AFAC9E70093024696F838
:10AFC40087C03B460499304686F8AAC000F05EFA72
:10AFD400BDE786F8803086F881A007B0BDE8F08F21
:10AFE4002DE9F04F90F89020002385B08167072A5F
:10AFF40080F884300E7840F25881A2F108040131BF
:10B00400E4B281674FF0FF3390F8915080F88440A8
:10B0140093402A1926EA03065FFA82FE4FFA86FA5B
:10B02400BEF1070F80F882A00B7843FA04F30CD921
:10B03400AEF108024F1CC4F108045FFA82FE876770
:10B04400E4B24A783946A24013434FF0FF3290F8F5
:10B05400927080F884E0AA4023EA020390F8AA20C0
:10B0640080F88620B2FA82F2520980F887205AB218
:10B0740080F88320039207EB0E0291F800C0D4B24B
:10B084004CFA0EFC072C0ED9CEF1080201F1010E88
:10B09400083CD2B2C0F878E04978E4B201FA02F28E
:10B0A400714642EA0C0C90F8938080F8844008EBD7
:10B0B400040B91F800E05FFA8BFB4EFA04FEBBF13F
:10B0C400070F0ED9C4F108024C1CABF1080BD2B225
:10B0D400846749785FFA8BFB01FA02F2214642EA5F
:10B0E4000E0E90F8942080F884B002EB0B0491F8D3
:10B0F4000090E4B249FA0BF9072C0BD94D1CCBF1A3
:10B10400080B083C5FFA8BFB8567497801FA0BF161
:10B1140041EA09094FF0FF3180F88440BAF1000F89
:10B1240002EB010401FA02F2E4B229EA02024FF04E
:10B13400010909FA04F4A2EB04024FFA82FB40F37A
:10B14400B08008EB010201FA08F8B940013FD2B21D
:10B154002EEA0808FFB22CEA010109FA02F20446B9
:10B1640009FA07F9D21A90F88830A1EB0901B0F86E
:10B174007C00A2EB080249B252B2FFF7C7FEA4F862
:10B184007C000746B4F87E00FFF7AEFE0246A4F842
:10B194007E00032B00F2A980DFE803F0898F990277
:10B1A400C6F10103411C034489B29AB2039BFB1804
:10B1B4009BB200912046394600F018FA002870D05E
:10B1C400002294F884304FF0FF38DDF80CA0A4F886
:10B1D400802094F88E00A16FC2180E78D2B21E415E
:10B1E400072A0CD9C3F1080301F1010C083ADDB2B6
:10B1F400C4F878C04B78D2B26146AB401E4394F891
:10B204008F3008FA00F084F8842003EB020C26EA5D
:10B2140000060D785FFA8CF01541F6B207280BD9B9
:10B2240001F1010CC2F108020838D2B2C4F878C0A6
:10B23400497801FA02F2154308FA03F384F884000A
:10B2440025EA0305EDB2002231462046FFF770FEE1
:10B25400012229462046FFF76BFE94F88420A76F4D
:10B26400531CC2F108003978A2F1070EDBB207F1D2
:10B2740001091141C0B2072B0A4606D9C4F87890D7
:10B284005FFA8EF37A7882400A43D20784F88430D6
:10B29400D9D494F9812052459BDB94F8863084F804
:10B2A400AA30584605B0BDE8F08F1446AAE60399C3
:10B2B400F31941189BB289B27BE7039B3118C3F1A0
:10B2C40001007B1C89B238449BB287B271E7C6F196
:10B2D40001017B1C39449BB28FB20399C1F1010077
:10B2E400511C104489B282B263E701463B4660E7D1
:10B2F400036FFF2903F117030FD860292FD9B0F882
:10B30400A0201344587818B970470344587860B3A0
:10B314001A788A42F9D1981C7047B0F8A2201344D5
:10B3240010B51A460C4600211046FFF77BFD02219A
:10B3340003441046FFF776FD844202F10402F2D87A
:10B344001A889AB152BA92B205E09A7813441888CE
:10B3540042BA92B210B19442F7D1D81C10BD402920
:10B36400D0D9B0F89E201344CCE77047104610BDE6
:10B3740030B5044690F8880083B00D4603280BD8F6
:10B38400DFE800F02C23021A616F2046CDE9002388
:10B394008847009A019B121A19462046A4F87C504B
:10B3A400A4F87E20FFF7A4FF20B101462046FFF752
:10B3B40017FE80B203B030BD616F2046CDE9002393
:10B3C40088470544DDE90023E6E7616F2046CDE9BF
:10B3D400002388472D1ADDE90023DDE7616F20464D
:10B3E400CDE900238847009A019B0244D4E700BFBB
:10B3F400014B4367704700BFDD8D0000036F8B4234
:10B4040026D003468C3000B583B01967CDE900130C
:10B41400FFF70EFD009ACAB1019BB3F8992093F887
:10B42400A510A3F8A62089B1012942F3072C52B232
:10B434000FD093F9980093F9961001448A42B8BF4B
:10B4440083F8A610604501DA83F8A70003B000BDB5
:10B45400704793F99B1093F99C008A42B8BF0A463F
:10B46400604583F8A620F1DAEEE700BF00B59DF849
:10B4740004C0D0F844E0CDF804C0B0F856C0A2EB44
:10B484000C02F4465DF804EB92B26047944690F8DF
:10B49400A42000B59DF804E002B103B900BD012B5E
:10B4A40005D0BEF1020F29D0BEF1030F57D01EF014
:10B4B400010F26D0B0F860208A42EFD8B0F862209D
:10B4C4008A42EBD96344B0F86420B0F866E09BB2DA
:10B4D40063454BD2E64548D90EF1FF339BB29A42FD
:10B4E400DCD2944538BF94469E4594BFCCEB0E0203
:10B4F400CCEB03024FF0010E93B225E00131C91ADF
:10B5040089B2B0F864206245C8D8B0F866206245B4
:10B51400C4D90B44B0F86020B0F862E09BB28B420F
:10B5240028D28E4525D90EF1FF339BB29A42B5D26B
:10B53400914238BF11469E4594BFC1EB0E02C1EB48
:10B5440003024FF0000E93B26246D0F848C0CDF823
:10B5540004E0DCF808E0F4465DF804EB60470CF125
:10B564000102D21A1FFA82FCA4E79446E645B6D833
:10B5740000BD11468E45D9D800BD00BF00B54FF0BF
:10B58400000C83B0CDF800C0FFF780FF03B000BD0E
:10B5940000B54FF0010C83B0CDF800C0FFF776FF83
:10B5A40003B000BD10B5B0F864E082B096450BD886
:10B5B400B0F866E0964507D9B0F860C08C4503D86A
:10B5C400B0F862308B4201D802B010BD4FF0000CCD
:10B5D4000123CDF800C0FFF759FF02B010BD00BF32
:10B5E400032928BF012180F8AA107047B0F864C06D
:10B5F40010B5BDF808E0B0F86640F4452CBF4FF034
:10B60400000C4FF0010C724594BF4FF0000E4FF048
:10B61400010E944217D9BEF1000F04D1BCF1000F02
:10B6240001D1002010BDB0F86020B0F862409A4209
:10B634002CBF002201228C420CD9994294BF10469F
:10B6440042F0010010BDBEF1000FEAD0BCF1000FC2
:10B65400E7D0E8E7994294BF002002F0010010BD52
:10B664002DE9F0474FF0010C02F0070490F8AA60AE
:10B674000CFA04FC9DF82050012E5FFA8CFC40F279
:10B684008C804FF0000E066822F00702367C06FB21
:10B6940002F24FF6F87616400E44C16C3144002D88
:10B6A4005BD15A1E90B2062843D9A846AA462C4616
:10B6B4006EF30705C1466EF3070A6CF30708A3F19E
:10B6C40008066CF307096EF30F256EF30F2A6CF36B
:10B6D4000F286CF30F29C6F3CC066EF317456EF3EF
:10B6E400174A6CF317486CF3174901366EF31F655C
:10B6F4006EF31F6A6CF31F686CF31F690A461068C7
:10B70400083201342843A7B280EA0800BE4242F856
:10B71400080C52F8040C40EA0A0080EA090042F8D6
:10B72400040CECD8F600B6B29E420ED09B1B3144FA
:10B734005A1E92B201320A440B784EEA03038CEA91
:10B74400030301F8013B8A42F6D1BDE8F0874FEAD2
:10B754004E0E4FEA4C0C002BF7D00A780134013B13
:10B764004EEA020214F007049BB28CEA02020A7049
:10B77400EDD190F8AA20B0F85250012A294404D9F6
:10B784004FF0010C002BE8D1DFE79646E3D04FF0F1
:10B79400010CE646002BE0D1D7E7E6467FF473AF11
:10B7A4004FF0000C6FE700BF9DF800C0CDF800C05B
:10B7B400FFF75CBE10B5B0F86E1082B0B0F86A3016
:10B7C4000446B0F86C200091B0F86810FFF70EFF43
:10B7D40018B984F8A40002B010BDB4F8683001218F
:10B7E400B4F8602084F8A4109A42B4F8622038BFF8
:10B7F400A4F86030B4F86A309A42B4F8642088BF80
:10B80400A4F86230B4F86C309A42B4F8662038BFB9
:10B81400A4F86430B4F86E309A4288BFA4F8663055
:10B8240002B010BD0021B0F85C20836DA0F8601058
:10B83400A0F862204366FFF7BDBF00BF90F850C078
:10B8440001684FEACC0210B5A0F854200B7CDB0051
:10B85400A0F8523090F851304FEAC30E9C44A0F83F
:10B8640056E04C7CE31ADB009BB2A445C8BF1A46E1
:10B874000023B1F814C0CC8A194672446EF30F0346
:10B884006CF30F0162F31F4364F31F41C0E91631E7
:10B8940010BD00BF38B5436401230025C16480F89E
:10B8A400AB304FF48071049B0446A0F8A91080F8D3
:10B8B400502080F8515080F8855080F8A5500567D5
:10B8C4001A6883649047A26C054B2046C4E91A3376
:10B8D400536898472046FFF78BFD84F8885038BD9D
:10B8E4000000FFFF19B10A2901D0084670474FF63E
:10B8F400FF707047002380F82630704700B5D0F8F9
:10B9040010E00A4600232021F4465DF804EB60476A
:10B9140000B5D0F810E013460A461721F4465DF846
:10B9240004EB604700B583B08DF807100DF10702F2
:10B934000121FFF7EDFF03B000BD00BF00B5D0F853
:10B944000CE00A4600231521F4465DF804EB604739
:10B9540000B5D0F80CE00A4600231621F4465DF841
:10B9640004EB604700B5D0F80CE013460A461721F3
:10B97400F4465DF804EB604700B50023D0F80CE012
:10B984001821F4461A465DF804EB604700B500231D
:10B99400D0F80CE01921F4461A465DF804EB604730
:10B9A40070B50C4682B006461546FFF7E5FF2378CE
:10B9B40043B91BE0612B304601D1FFF7C9FF14F8EE
:10B9C400013F9BB155F8041B2378C9B2632B8DF852
:10B9D400071010D0642BEDD10DF107020121304680
:10B9E400FFF7C0FF14F8013F002BEBD13046FFF7FF
:10B9F400CDFF02B070BD3046FFF7A0FFDFE700BF08
:10BA040070B5054682B00C4694F800C0BCF1190F1D
:10BA140015D8BCF1170F2AD80DF107024FF0010118
:10BA240028464FF0000317D1637802348DF80730AD
:10BA3400FFF798FF94F800C0BCF1190FE9D9BCF1E5
:10BA4400FE0F4FF02901284619D1627802348DF88F
:10BA5400072000F0C1F9D7E7BCF1140F61460ED9F5
:10BA640062780234EE688DF80720B047CCE70023F3
:10BA740061462846EE681A460134B047C4E702B06E
:10BA840070BD00BF30B50D46143983B00446052996
:10BA940024D8DFE801F00B2014030B0B012120460E
:10BAA400CDE90023FFF72AFFDDE90023D4F810E0F5
:10BAB40029462046F44603B0BDE8304060470121E2
:10BAC40000922046FFF71AFF00992046FFF72AFF4D
:10BAD400012003B030BD00210092F2E70020F8E716
:10BAE4000E292DE9F04F804685B0154600F0AC8054
:10BAF4000F290CD00B2903D0002005B0BDE8F08F2E
:10BB0400002A40F0AF805949FFF77AFF98E09B463E
:10BB1400FFF732FF98F8224075219BF806604046F3
:10BB24009BF805302F46F60004EB8304F6B2FFF7CA
:10BB340005FF40463146FFF70BFFF11D40464C4ED2
:10BB4400C9B2FFF705FF5B465FFA84FB1D79D9464E
:10BB54001C686A1E04F10C0AD2B2CDE900B50AEBE6
:10BB6400C20A251DCDE9027315214046FFF7E6FE02
:10BB7400494640462F1FFFF7EBFE09F101014046FD
:10BB8400B346C9B2FFF7E4FE5C214046FFF7D6FE98
:10BB9400B44617F8012BACF1200342F3000104333F
:10BBA400520803F8081C6345F7D1AF4203F1010CB6
:10BBB4002C46EED12F4A20214046FFF7D3FE152113
:10BBC4004046FFF7BBFE09F102014046C9B2FFF748
:10BBD400BFFE09F103014046C9B2FFF7B9FE5C217B
:10BBE4004046FFF7ABFE05F1040C14F8012BABF152
:10BBF400200342F300010433520803F8081C5B4598
:10BC0400F7D1644503F1010BEFD10835194A20211E
:10BC1400404609F10409FFF7A5FE55455FFA89F985
:10BC2400A2D1DDE90273DDE900B5013F0BEB850527
:10BC340017F0FF075FFA85FB88D14046FFF7A6FEA1
:10BC4400012005B0BDE8F08FFFF796FEC121404604
:10BC5400FFF774FE29464046FFF77AFE4046FFF799
:10BC640095FEEDE70449FFF7CBFEE9E7147B0020DE
:10BC7400AC9D0220889D02201C7B00200A2910B55F
:10BC8400044612D00D2906D0092916D1114900F015
:10BC940029F8012010BDA2B90F49FFF7B1FE2368AE
:10BCA40001209B7C84F8223010BD00F021F820464E
:10BCB4000A49FFF7A5FE012010BDBDE81040FFF7BB
:10BCC4000FBF0749FFF79CFE23680120DB7C84F843
:10BCD400223010BD247B0020B07A0020C87A0020D6
:10BCE400BC7A002001608B7C80F82230704700BF52
:10BCF40038B500232821456904461A46A84700237D
:10BD0400142120461A46E568A847204601224B2103
:10BD140000F062F82368204629211A7900F05CF8C3
:10BD2400204600224B2100F057F8236820462921A1
:10BD34001A7900F051F8204601224B2100F04CF80A
:10BD44002368204629215A79BDE8384000F044B8D8
:10BD540030B583B084688DF805101946069D6B468E
:10BD64008DF8062001228DF804100F210095A047BC
:10BD740003B030BD00B50023D0F808E00921F44633
:10BD84001A465DF804EB604700B50023D0F808E0DC
:10BD94000A21F4461A465DF804EB604700B5D0F872
:10BDA40008E00A4600230B21F4465DF804EB6047E3
:10BDB40000B5D0F808E00A4600230E21F4465DF8E9
:10BDC40004EB604700B50023D0F808E01021F446E6
:10BDD4001A465DF804EB604700B5D0F814E0002380
:10BDE400F4465DF804EB604703614FF0FF33C36230
:10BDF400036343638363C363A0F840300023C0E953
:10BE0400021203604FF60071FF2280F8263083612E
:10BE1400009BA0F8231080F828204361FFF7AABFF5
:10BE2400EFF3108272B6437F33B9017F012907D043
:10BE3400032911D0012343770AB962B670477047CA
:10BE4400DFF868C0DCF80010F9B1164943610B68EB
:10BE5400086083615861EDE700B5DFF854E01249EA
:10BE6400DEF800C0BCF1000F16D043610B6883619B
:10BE740058614FF0E0234FF0805C0860C3F804CDB4
:10BE84000123437702B962B600BD064BCCF800002B
:10BE94001860C0E90511CDE7C0E905CCCEF8000073
:10BEA400E7E700BFD08E0020C88E0020C48E00209B
:10BEB400CC8E002070B5EFF3108272B60C4C206863
:10BEC40080B10C4E00254369236073B19D6102B9B2
:10BED40062B6836845779847EFF3108272B620689C
:10BEE4000028F0D102B962B670BD3360EFE700BF3D
:10BEF400CC8E0020C88E0020FFF7DCBF0449054A21
:10BF04004968054B1960136801331360704700BF1B
:10BF1400001000E0BC9C0220B89C0220704700BFC7
:10BF2400704700BF704700BF704700BF70B51A4C20
:10BF34001A4D2368AB4202D0194AD16829BBA369C0
:10BF4400AB4202D0164AD169C9B9236BAB4202D0C5
:10BF5400134AD16A69B9A36CAB4209D0104AD16BB8
:10BF640031B101211B680F48D163BDE87040184707
:10BF740070BD01211B680C48D1629847EBE7012191
:10BF84001B680A48D1619847DFE701211B6804F167
:10BF94000800D1609847D2E7C08A00205C0D0020D9
:10BFA40000410840108B0020F88A0020E08A00201D
:10BFB40038B5064CA4F1600554F8083C2046183CFA
:10BFC400DB689847AC42F7D138BD00BF108B002026
:10BFD400036870B5164688B0002B50D000229A60D2
:10BFE4000122DA60324C054604A81C1951F8083BBA
:10BFF400241102935B6898472E4904EB4403DB0049
:10C0040003F10800CA5801930844D268009090478D
:10C01400DDF808C0019B2749009841F803C0264970
:10C02400DCF80830029104A99847029B04A8DB6855
:10C0340098472B68032021491E6098602B7920487B
:10C044000B550B784A78DFF88CC09342C0F828C2AD
:10C0540028BF13468878CA78834228BF0346934290
:10C0640028BF1346174C4FF0E0214FF080600122A7
:10C0740084F87A30C1F80C01104608B070BD124A39
:10C08400D36E43F44053D3660122104B1A60104A16
:10C094001346026040329C68002CA3D010339342B4
:10C0A4000360F8D100231A460360104608B070BD3F
:10C0B40000BFF7BFC08A00205C0D0020A8820020CA
:10C0C4000088002000E400E000C00F400040084069
:10C0D40000410840DD9E00000268002A32D01A4B5D
:10C0E4001A49D3181B1103EB430210B5D20082B0D6
:10C0F4000446019302F108008B5808440092DB685F
:10C104009847009A12481149019B885000212268DF
:10C1140001209160D060FF200E4AD05413785078EB
:10C1240092F802C0834228BF0346D0780A4A634586
:10C1340028BF6346834228BF034682F87A302160D1
:10C1440002B010BD704700BF00BFF7BFC08A002017
:10C154005C0D0020A882002000E400E0074B0020D2
:10C16400DFF824C0064A0749C3F800C0C3F818C062
:10C17400C3F830C0C3F848C002F0F0B9C08A002048
:10C18400B4820020619F00005C0D0020084601F08D
:10C19400BDBF00BF2DE9F0410C46D1B1EAB18046E4
:10C1A4008F1800250E4E04E001F0B0FFBC42054498
:10C1B4000CD0D8F8003014F8010B1B68B342F3D04C
:10C1C400014640469847BC420544F2D12846BDE8A2
:10C1D400F0810D462846BDE8F0811546F6E700BF1C
:10C1E4003DA1000000B9704715490A68FAB1DFF8AB
:10C1F40058C0D31700B58CFB02ECDFF850E0944430
:10C20400C3EB2C43DFF848C00CFB132244F2A71CF9
:10C214000EFB03F30CFB0233002B0FDA6FF000422A
:10C224009A180A60B2FBF0F300FB132000BD054A24
:10C23400B2FBF0F30A6000FB132070471A46F0E7E4
:10C24400408E002042CE0C1F5F0B4E83ECF4FFFFA8
:10C254001DF301002A284AD8264B70B51B780646E0
:10C26400E3B9254B9B5DFF2B2AD0244A02EB06122F
:10C2740091680A6802F44050B0F5805F31D01C0622
:10C2840020D41F4C2360236AD80704D401F0CEFFC6
:10C29400236AD907FAD51A4B586A70BD184C194D40
:10C2A40001E001F0C3FFA36C1B06FAD4AB6C13F0DE
:10C2B4008003F6D10F4A13700F4B9B5DFF2BD4D133
:10C2C400002070BD0F4C03F07F032360236ADA075C
:10C2D40004D401F0ABFF236ADB07FAD5094B586A93
:10C2E40070BD22F480521C060A60EBD4C9E700201A
:10C2F400704700BF3E9E0220A01300203010002093
:10C3040000400C4000800C40A94AAA4B90422DE901
:10C31400F047A94CD3F814E09969D4F80CC000F2A2
:10C32400088103F1437303F5F4530333A3FB0023A0
:10C33400DB0D03EB830303EB830202F2B63240F21C
:10C3440027639A4228BF1A469C4BA3FB0232D208A9
:10C35400203A984D0CF01F04D5F88030944243F0F5
:10C36400C003C5F880300BD22CF01F0C924C4CEA61
:10C37400020CC4F80CC02368002BFCDA0CF01F0478
:10C384001EF0007327D18E4D2E698E4DB54300F0FB
:10C39400FA8081F4805576464FF4805716F0605F3A
:10C3A40006D02EF0605E4EEA030E824BC3F814E012
:10C3B40015F4405F07D021F440517E4D3943A96103
:10C3C400AB6C1B07FCD44EF0007E7A49C1F814E034
:10C3D4008B6C9F06FCD47C49884200F2DF800126E6
:10C3E40035460EE0082D0CD1042E00F29180013662
:10C3F400022506FB00F38B4200F2C3805B008B42F4
:10C4040006D8013506FB05F300FB03F38B42E9D99B
:10C41400771E05F1FF384FEA872A8EEA87276B4992
:10C4240059186B4B99427CD9DFF8E4916C23694825
:10C434006349B0FBF5F0684DB0FBF6F00E6835408B
:10C444004D4508D043F400534FF480550D600B6004
:10C454000B68002BFCDA57490B6903F007034345CB
:10C4640004D0C1F810808B6CDE03FCD417F4E05FB9
:10C474000BD02EF4E05E0AF4E0534E4943EA0E0E6C
:10C48400C1F814E08B6C9D07FCD4544D54494519F4
:10C494008D4239D8534BED09A3FB05352D0B6B1E8B
:10C4A4001B028EEA030111F4407F07D02EF4407E74
:10C4B40003F440733F4943EA0E034B613D494B6922
:10C4C40023F000734B618B6C9B06FCD4464BA24259
:10C4D400A3FB00134FF0FF314FEA9343B0FBF5F594
:10C4E400B1FBF3F34149086041490D6041490B60D8
:10C4F40008D22CF01F0C30494CEA0202CA600B68C7
:10C50400002BFCDABDE8F0874FF440730425C8E73C
:10C51400771E2E494FF007084FEA872A59188EEAEA
:10C524008727294B99421CD8DFF8E89036233248F4
:10C534007EE7324B984201D80E220AE7304B9842EC
:10C5440028D9304A904227D9821A2F4B120AA3FBCA
:10C554000232D20902EB820202EB820202F2E242CE
:10C56400EDE6A3F182532948DFF8AC90A3F58933B3
:10C574007E3BA3FB01310B0D03FB00F043EA0909E9
:10C5840056E7012544E71F468EF0C0560D464FF08E
:10C59400C05303E70F22DCE61222DAE60126034643
:10C5A4004FF0000A77464FF00008354637E700BFE2
:10C5B400001C4E0E00C00F40000008401F85EB51C8
:10C5C40000800D4040300080FFB19F26808D5B00CD
:10C5D400FF7EF64D00643F4D7F3001807FD1F0082F
:10C5E4007F17B42C9F10E50083DE1B43F0810020ED
:10C5F400EC8100207C97022000B29F26FF0A6B1B6F
:10C6040000A4781F0046C32323B24C00001BB700CC
:10C614006C200080362000800020008000B9704724
:10C624002DE9F84F01218146224C234E234D54E835
:10C63400003F3268286844E80013002BF7D12049F2
:10C644004B684FF47A7BDFF87CA01B1A01270BFBA5
:10C6540002F8DAF80020A2FB03235B4594BF984458
:10C66400D84454E8003F3268286844E80073002B3B
:10C67400F7D14B68DAF800C01B1A0BFB02F2ACFBD3
:10C6840003C3B3F57A7F94BFD21802F57A72A2EB92
:10C694000802B2F57A7F08D3B9F1010F08F57A7868
:10C6A40009F1FF39DDD1BDE8F88F01F0BFFD044980
:10C6B400D7E700BFC09C0220BC9C0220B89C02208B
:10C6C400001000E07C97022010B50F4B4FF0010CD6
:10C6D4000E4CDFF844E053E8002F2068DEF8001029
:10C6E40043E800C2002AF6D1094B5B68094A5B1A89
:10C6F4004FF47A71126801FB00F0A2FB03238B4212
:10C7040094BFC018401810BDC09C0220BC9C0220DD
:10C71400001000E07C970220B89C0220362812D832
:10C7240002010C4B03EB00109B58C268D3F804C001
:10C734001CEA020F03D039B1C3F884207047836820
:10C7440029B9054A1A607047C3F888207047034A1C
:10C754001A607047301000203830010038F00100B2
:10C7640036280BD8064B020103EB00109A58C36815
:10C7740092681A4214BF01200020704700207047BD
:10C7840030100020362831D802011B4B012903EB5D
:10C7940000109B5800B55A68D0E902EC12D0042965
:10C7A40010D022EA0C025A60C9B102291FD0032911
:10C7B4004FF015020CBF114B114BCEF800304368FB
:10C7C4001A6000BD42EA0C0201295A6007D040F603
:10C7D4003803CEF80030436815221A6000BD3823B0
:10C7E4001522CEF8003043681A6000BD7047054B2F
:10C7F400CEF80030EFE700BF3010002038300100E1
:10C804003800010038F0010010B4134A0020134B23
:10C814000121134CDFF84CC0C2F8F032C2F8F40224
:10C82400C2F8B810C2F8A000C2F8A440C2F8B01010
:10C834005369DB07FCD551619CF80030DB07EFD46A
:10C844001368054943F0010313600B68DB07FCD44C
:10C8540062B610BC704700BF00802A400504012462
:10C8640001000F0000812A4010B5DFF840E04FF6C8
:10C87400FF7C0C480EF17E04A0F58053002203E0F7
:10C88400834202F1010203D2198802336145F7D1D0
:10C894002EF8022FA64500F58050EDD1024B01225F
:10C8A4001A7010BD00107C60409E0220329C022051
:10C8B40041F2BB03984238D81D4B10B51B7882B0A7
:10C8C4005BB382081B4BDFF874C0A3FB0213D11ABD
:10C8D40003EB510318495B09C3EB831E1C46A2EB0F
:10C8E4000E033CF813C059184FEA4C0C0A030CEB26
:10C8F400013CBCEB013F15D900F0030EFF204EEACA
:10C90400840E134602321B88D9B21B0A8E4508BF17
:10C9140018469445F5D802B010BD0190FFF7A4FF66
:10C924000198CEE7FF2002B010BDFF20704700BF82
:10C93400409E022005411004C0070600349C0220DA
:10C9440030B583B072B6334B40F20645324C9C612D
:10C954000224DC610024C3F8A040C3F8F052851817
:10C96400C3F8F442C3F8F842C3F8FC424FF470240D
:10C97400C3F8A4400124C3F8B04020F01F03BFF360
:10C984004F8F4FF0E024C4F85C3F20339D42FAD827
:10C99400BFF34F8FBFF36F8F1E4D6B69DC07FCD560
:10C9A4000123DFF87CC094B220F07F406B6144F433
:10C9B4007024C5F8F0C242F2012CC5F8F4C2C5F8DF
:10C9C400BC30C5F8A000C5F8A440124CC5F8B0307E
:10C9D40001E05B060AD4636913F00105F9D0412331
:10C9E400636103B0BDE83040FFF70EBF082A0DD8DD
:10C9F40042B10A48CDE9001200F0C0F9DDE90012A5
:10CA040011442A46034B40205861E4E7A2F108058B
:10CA14000822EEE700802A40F05AF05A80812A402A
:10CA24003204180800B5864672B6294B02212948FB
:10CA3400002298614FF47020D96140F20641C3F896
:10CA4400F0120121C3F8F422C3F8F822C3F8FC223F
:10CA5400C3F8A020204AC3F8A4000EEA0202C3F8D7
:10CA6400B010BFF34F8F02F1200302F580514FF055
:10CA7400E02C8B422CBF0121802102EB41118B421F
:10CA8400CCF85C2F1A4603F12003F8D1BFF34F8F83
:10CA9400BFF36F8F0E4A5369D907FCD501200F49A4
:10CAA4000F4B4FF4702C50610EEA0303C2F8F012DE
:10CAB4000749C2F8A030C2F8A4C0C2F8B0004B695C
:10CAC400DB07FCD501235DF804EB4B61FFF79CBE4B
:10CAD40000802A40F05AF05A00F0FFFF20041808A2
:10CAE40000F0FF0041F2BB03984200F28E80484BF5
:10CAF4002DE9F0471B78C2B00E460546002B00F026
:10CB04008180AB08434F05F00305A7FB0327DA1B1D
:10CB140007EB5207404A7F0945EA8705C7EB8717A9
:10CB2400DF1B3E4B32F81740FB1860004FEA033816
:10CB340000EB0330B0EB033F68D94246FF211346B4
:10CB440002321B885FFA83FC1B0AAC4508BF1946F6
:10CB54008242F4D38E4244D0B4F5006F44D302AC85
:10CB64004FF48072FF21204602F07CFA08F10202A1
:10CB740008F580532A48934294BF01234FF400637D
:10CB8400424603EBC72318184000134602321B88A1
:10CB94008242D9B24FEA13236354F6D10DF1070947
:10CBA40066550DF2071A00254C464046FFF73AFF3A
:10CBB40014F801CF02220DF1060108EB4500631EB3
:10CBC400BCF1FF0FA3EB090306D043EA0C230135A4
:10CBD400ADF80630FFF7B4FE5445E9D10E4B23F807
:10CBE400175042B0BDE8F08702A945EA06250222A3
:10CBF40001340D80FFF7A4FE074B23F8174042B021
:10CC0400BDE8F087FFF730FE7BE77047FF21A1E71F
:10CC1400409E022005411004349C0220C0070600F7
:10CC240000003E3062B170B505460C468E182046B1
:10CC3400013415F8011BFFF755FFA642F7D170BD6B
:10CC4400704700BF704700BF36285CD8DFF808C1C2
:10CC5400000170B55CF80030DFF800E173455BD08B
:10CC640052D8B3F1844F55D0AEF5804E734549D1B7
:10CC7400344E6044344CDFF8E8C0C4F8B4C2D0E9A0
:10CC8400015CC0684FF0E02E4FF00054042ACEF847
:10CC9400104137D8D3F814E02EEA000EC3F814E09C
:10CCA4004FF0050EC5F800E0DCF800E04EF4803EDD
:10CCB400CCF800E0D3F804C02CEA000CC3F804C09C
:10CCC400DFF8A0C05CF822C090FAA0F2B2FA82F2B7
:10CCD40046F8221022D0D9690F2A21EA0001D9612D
:10CCE40020DC52004FF0030ED9680CFA02FC0EFA55
:10CCF40002F221EA020242EA0C02DA6098615A69FD
:10CD040002435A6170BD7047DFF85CE07345F9D1A6
:10CD14000E4EAEE70E4EACE70E4EAAE7DA690243BA
:10CD2400DA61EBE7103A4FF0030E196952000CFA7E
:10CD340002FC0EFA02F221EA020242EA0C021A6131
:10CD4400DCE700BF8083002000880020808400206E
:10CD54000083002000840020301000200080004266
:10CD640021000000FC02002000C0004208B5F7F7D3
:10CD7400F1FCF7F7FFFE01F059FAFAE7844641EABD
:10CD8400000313F003036DD1403A41D351F8043B3F
:10CD940040F8043B51F8043B40F8043B51F8043B91
:10CDA40040F8043B51F8043B40F8043B51F8043B81
:10CDB40040F8043B51F8043B40F8043B51F8043B71
:10CDC40040F8043B51F8043B40F8043B51F8043B61
:10CDD40040F8043B51F8043B40F8043B51F8043B51
:10CDE40040F8043B51F8043B40F8043B51F8043B41
:10CDF40040F8043B51F8043B40F8043B51F8043B31
:10CE040040F8043B51F8043B40F8043B403ABDD29F
:10CE1400303211D351F8043B40F8043B51F8043B41
:10CE240040F8043B51F8043B40F8043B51F8043B00
:10CE340040F8043B103AEDD20C3205D351F8043BD0
:10CE440040F8043B043AF9D2043208D0D2071CBF9C
:10CE540011F8013B00F8013B01D30B8803806046C5
:10CE6400704700BF082A13D38B078DD010F003033B
:10CE74008AD0C3F10403D21ADB071CBF11F8013BAB
:10CE840000F8013B80D331F8023B20F8023B7BE7FA
:10CE9400043AD9D3013A11F8013B00F8013BF9D225
:10CEA4000B7803704B7843708B78837060467047BF
:10CEB40001F004BD01F00ABD01F008BD01F1FF3C21
:10CEC40070B566464FF0000E01E00EF1010EB0FBA6
:10CED400F2F402FB1403092B03F1370598BF03F1A5
:10CEE40030059042204606F8015FEED201EB0E03B6
:10CEF40000225A70BEF1000F11D0481C70440CF18E
:10CF040002021CF8014F10F8015DA1EB0C03521A48
:10CF14008CF80050013B047073449A42EFDB0846DE
:10CF240070BD00BF72B6EFF30583524CC4F8843071
:10CF34001EF0040F0CBFEFF30882EFF309824FF0E9
:10CF4400E0234D4DD3F8280DD3F82C1DC4E922015C
:10CF5400D3F8341DD3F8383DC4E924139369A834B5
:10CF640044F8103CD36944F80C3C00F0B9F804EDE3
:10CF7400020A01F07BFA0B2344F8040C4FF0FF3251
:10CF84003E4844F8283C2B68202104355A4042F39B
:10CF94000003013903EA000383EA5202F7D1A542F0
:10CFA400F1D1344BC3F8A820BFF34F8F4FF0E023E7
:10CFB4003149334AC3F8701FC3F8702FBFF34F8F42
:10CFC400BFF36F8F2F4A02242F48D36E2F4943F4A7
:10CFD4004053D3660460D3692D4823F07F0343F0A4
:10CFE4004003D3610B68834240D8274D00204FF0A3
:10CFF400E0234FF0FF3228600121C5F808012548DD
:10D004000C460E46C5F80001C5F80811C3F8802186
:10D01400C3F88421C3F88821C3F88C21C3F8902174
:10D0240001E000F05DF9D5F80C31002BF9D04F2C5C
:10D03400C5F80C6104F10104F3D9174B0220174918
:10D044004FF00042C1F840015A63D5F80C313BB9A6
:10D05400134814490C4A0163D2F80C31002BFAD05E
:10D064004FF0E023104AC3F80C2DFEE7FFF74CF90C
:10D07400BBE700BF00FF272080FF27202083B8EDF7
:10D08400A0FF272000C00F4000400840F08100208E
:10D09400803DCD0B009F240000900D4000002E40E9
:10D0A40000800F40F100AD0B0400FA05094A08B5F1
:10D0B4000346106823B1034407498B4201D8136027
:10D0C40008BD02F097F80C2203464FF0FF301A60B7
:10D0D40008BD00BFB082002000002820FFF722BF57
:10D0E400124AD2F880305B07FBD5D2F88030104862
:10D0F400C3F30B230F4990ED007A07EE903A91EDBC
:10D10400006AB8EE477A0C4AF8EEE77A0B4BD2ED98
:10D11400006A77EEC77A93ED007AB8EE477A67EE45
:10D12400867A87EEA60A37EE400A704700810D40E2
:10D134004C970220549702205897022050970220BF
:10D14400836B70B586460E4610461BB1536843F494
:10D154000043536072B6DEF8342042B31B4B1060B8
:10D16400D3F8B02132421ED1194C656805E06268DB
:10D17400A2EB050CBCF5166F0BD2D3F8402142F498
:10D184008042C3F84021D3F8B811D3F840215204A7
:10D19400EDD5314007D10D4ACEE90201D2F8B031C4
:10D1A4003343C2F8B031CEF8340062B670BD0749DB
:10D1B400CEE90202D1F8B0313343C1F8B031CEF830
:10D1C4003000CEF8340062B670BD00BF00002E40BF
:10D1D400001000E070B5056B95B12B46002403E008
:10D1E4001B680134012B0CD05A681206F8D503636E
:10D1F40006462CB12846B36B2D689847013CF9D1FB
:10D2040070BD00220023C0E90C23F1E700B501BB87
:10D21400DFF8A0C0234B0021234A4FF0010E4FF04A
:10D2240001109960C3F800E0CCE902314FF0800CA2
:10D23400C3F804C0C2F8BC01D2F8B0311B4843EAB9
:10D244000E03C2F8B0310160D2F8B031002BFBD12B
:10D2540000BD0904164BDFF85CC04FF0010E41F02D
:10D2640080019860104A596000F58051C3F800E0CD
:10D27400D96000F50051CCF84830196100F54051EF
:10D2840000F58040596100219861CCF84C10D2F827
:10D29400B03143F48033C2F8B031D2F8B031002B4E
:10D2A400FBD1B7E7408B002000002E4034960020CD
:10D2B400608B002000000020074901220B78824087
:10D2C40023EA02030B7033B9044AD2F8483123F03D
:10D2D4008003C2F848317047469E022000002E4069
:10D2E4002DE9F047A64C82B0D4F84461F107C4F8A4
:10D2F40044614CD5D4F8AC31002B43D0A14DA24F9E
:10D30400DFF8B882C4F8AC31D5E90A20D4F840314A
:10D3140043F40053C4F84031D4F840319B04F5D5AC
:10D32400D4F840314FF0011123F40053C4F84031D4
:10D33400C4F8B411D4F8B43113F00113FAD191B292
:10D3440084463B60B1F5086F00F03A8100F29580A5
:10D3540040F2023E714500F0928100F2A4808229DD
:10D3640000F0E181B1F5817F00F0B381802940F0C4
:10D374009580864802210380FFF748FFD4F8AC313A
:10D38400002BBFD17E4AD2F8BC31002B42D17206A9
:10D3940016D57B4BD3F8AC21C3F8AC21D3F8BC2110
:10D3A400C3F8BC21D3F8B041002CFBD14FF0FF32BD
:10D3B400C3F8B421D3F8843100F040FD744B1C60F1
:10D3C400F40103D5734B1B6803B19847B00103D52F
:10D3D400714B1B6803B19847710708D5684BD3F8A4
:10D3E400843113F4007345D06C4B01221A70644BE2
:10D3F400D3F848311A060AD5330608D5684A137893
:10D404002BB1013BDBB21370002B00F06D8202B034
:10D41400BDE8F0875C49C2F8BC310868034240F0BB
:10D4240098815B4A12681340B1D01C0C554D1FFA09
:10D4340083F810D094FAA4F7B7FA87F705EBC7106E
:10D444004030FFF7C7FE012303FA07F7BC43F1D1CD
:10D45400B8F1000F9BD0012798FAA8F4B4FA84F429
:10D4640005EBC41007FA04F4FFF7B4FE38EA040825
:10D47400F2D18CE7494A1370B9E742F2212E714583
:10D484005AD049D8B1F5106F00F0A28042F2210CB5
:10D49400614503D1010C072900F08C814FF0011381
:10D4A400C4F8C0316AE7B1F5A06F00F0CA80A1F5F5
:10D4B400D0610129F2D83B4B59680029EED01FFAFC
:10D4C4008CFE120C03E019690C330029E6D0B3F882
:10D4D40000C09445F7D1B3F802C0F445F3D14FEA44
:10D4E400122C000CBCF1030F00F0CB811B8983428A
:10D4F40028BF0346B2F5007F9A4640F09A81274B35
:10D504001B78002B40F0EE81274952462748DFF86C
:10D514009C90FFF733FC9EE142F22133994214D0F0
:10D524004FF6C0039942B9D183B2FF2BB6D843F466
:10D534006E4363F30F0CBEE780B230B91C4B120C80
:10D5440019681C4B19601C4B1A700023C5F84880DD
:10D55400EB64C8F808300123C8F800308023C8F809
:10D5640004304FF00113C4F8BC31D4F8B03143F4A3
:10D574008033C4F8B031D4F8B031002BFBD1FDE6D0
:10D5840000002E4000000020349600201497022052
:10D5940038960020C49D0220C89D02204E9E022081
:10D5A4004F9E02203C7B0020801F0060000024204E
:10D5B400BC9C0220C09D02204C9E0220408B002077
:10D5C400B34B0121B3481B780370FFF71FFED5E668
:10D5D400AF49120C01930A70AF4AC4F8C821AF4A8C
:10D5E400C4F8CC21AE4AC4F8D02100F029FC802232
:10D5F4000199AC4801F036FDAB498022019BA96436
:10D604004A60AA4AEB64C5F8A02002F13C428B6050
:10D6140002F56C2202F56F72C5F8E02001220A605F
:10D624004FF00112C4F8BC21D4F8B02142F4803286
:10D63400C4F8B0219E4A3B60D2F8B031002BFBD134
:10D644009CE69949EB648B600123A9640B608023F9
:10D654004B604FF001139649C4F8BC31D4F8B03193
:10D6640043F48033C4F8B031D1F8B031002BFBD18E
:10D67400130C5B0643F08073C1F854317EE610F05E
:10D68400780F7FF40BAF00F07F028A4B000653F84B
:10D6940022104CBF41F4803141F0010143F82210C3
:10D6A4000021814BE96499600121AB6419608021F8
:10D6B4007F4A59604FF00113C2F8BC31D2F8B0313F
:10D6C40043F48033C2F8B031D2F8B031002BFBD12F
:10D6D40054E610F0780F7FF4E1AE00F07F02754B52
:10D6E400000653F822104CBF21F4803121F00101CF
:10D6F40043F8221000216C4BE96499600121AB646A
:10D70400196080216A4A59604FF00113C2F8BC3194
:10D71400D2F8B03143F48033C2F8B031D2F8B0312A
:10D72400002BFBD12AE610F078037FF4B7AE00F0AB
:10D734007F01604A000652F82110564A138036D5FC
:10D74400C90301D50123137002215248FFF75EFD7E
:10D7540014E60020086058490C88486842F2210108
:10D764008C427FF45EAE80B200287FF45AAE5349F7
:10D77400534C03C9A18086284FEA11412060A1714E
:10D784007FF44FAE72B64F48017841F00801017042
:10D79400D2F848110D0605D480200143C2F8440193
:10D7A400C2F8481162B6484A5021117039E6CB07D5
:10D7B400CAD5C7E74049EB60444BC1E900200122C8
:10D7C400AB601A60424A5A603C4A9A60D4F8B0117D
:10D7D40041F00101C4F8B01102F58051D96002F59D
:10D7E4000051196102F5405102F5804259619A6174
:10D7F4002F4AD2F8B031002BFBD12B49EB648B605C
:10D804000123A9640B6048F280034B604FF00113BD
:10D81400C2F8BC31D2F8B03143F48033C2F8B0312D
:10D824004FF48033224A3B60D2F8B031002BFBD155
:10D83400A4E5B2F5E06F7FF468AE264B1B78002BAD
:10D844004ED12549DFF8949052464846FFF796FAA0
:10D85400072389F8013029F01F0309EB0A02BFF3FB
:10D864004F8F4FF0E021C1F8703F20339A42FAD82D
:10D87400BFF34F8FBFF36F8F18485146FFF7C6FCB5
:10D884007CE50B78834228BF03469A463DE600BFF9
:10D894004D9E0220149702200200CC00C800020012
:10D8A4000200C80080000020408B00205DCFC6B875
:10D8B40000002E40C0012E40008D00202C96002038
:10D8C400B89D0220469E02204F9E0220608B0020BD
:10D8D400800007004E9E0220E41F00600000242008
:10D8E4000449AFE7044910E60320FFF7E5FC01F023
:10D8F400E3FE00BF801F0060E41F00602DE9F043D9
:10D90400841E83B0022C02D903B0BDE8F083124D0B
:10D9140090460F46C60105EBC0143C22002101903D
:10D92400201D994601F09EFBB8FA88F23904520989
:10D9340041EA42710122A951C4F83890A260B9F1B8
:10D94400000FE1D00549019B9A400B681A430A6015
:10D9540003B0BDE8F08300BF00000020389600202B
:10D964002DE9F043A0F1020E83B0BEF1020F02D9FB
:10D9740003B0BDE8F0839146C201124F884602F11C
:10D98400400605463C220021F4190193201D01F0B4
:10D9940069FBB9FA89FC4FEA0842019B4FEA5C1C17
:10D9A40042EA4C72BA510122A363A260002BDFD079
:10D9B400054905F110000B6882401A430A6003B060
:10D9C400BDE8F083000000203896002012044FF0D8
:10D9D400010C816042F08002C0F800C0C36101F50F
:10D9E400805C01F54053426001F5005201F580412D
:10D9F400C0F80CC08161C0E904237047831E022B68
:10DA040000D9704700F1100C064B0A4603EBC01016
:10DA140000B54FF0010E0EFA0CF15DF804EBFFF7C0
:10DA24008FBB00BF40000020831E022B00D970472B
:10DA34004FF0010C034B0A460CFA00F103EBC01043
:10DA4400FFF77EBB0000002040687047144B0A2299
:10DA5400DFF850C0D3F8200220F07F4000EB8003B1
:10DA640000B55B0085B0604538BF18466946FFF7CE
:10DA740025FADFF834C06B4600226046197801327B
:10DA8400013341B10A2A20F8021FF7D116228CF87B
:10DA9400002005B000BD52008CF8002005B000BD88
:10DAA40000441F40809698004485002000F0E6BAA8
:10DAB40000F0B4BA00F01ABB00F06ABB00F044BB3B
:10DAC40070B5164D4FF0E02415494FF40032154E51
:10DAD40005EB401582B001EB4021C4F88C210346CC
:10DAE400328828460191FFF771FF019933880B446E
:10DAF400BFF34F8FC4F85C1F20318B42FAD8BFF3B9
:10DB04004F8FBFF36F8F03202946FFF78DFF4FF42C
:10DB14000033C4F80C3102B070BD00BF808B00200C
:10DB2400800024202C9E0220264B1A884368C3F3CD
:10DB34000E43D21A002AF0B5C46983B028DD224806
:10DB4400224D01782D78CBB2DFF894C0A942204D44
:10DB540009D01CF803100F4635F811100E46C1F514
:10DB640000718A421AD90133002125F81420082BA8
:10DB7400184D88BF0B4625F8141098BF19460CF8A9
:10DB84000340154B017019680A441A6003B0F0BDD4
:10DB9400204603B0BDE8F040FFF792BF0F4906EB03
:10DBA40047200192084401EB4421FFF7E7F8019A6A
:10DBB40009492046B31825F817300B6813440B6045
:10DBC400E7E700BF2C9E0220419E0220429E0220D5
:10DBD40020970220309702201C97022080002420E6
:10DBE40040970220224B1A78002A3FD102F0FF030B
:10DBF400204A1278002A39D01F4A1288002A35D0C8
:10DC04001E49C2F5006210B5087884B01C4901EBC6
:10DC140040141C4901EBC0212046CDE902230191A7
:10DC2400FFF7D4FEDDE901120A44BFF34F8F4FF032
:10DC3400E020039BC0F8701F20318A42FAD8019378
:10DC4400BFF34F8FBFF36F8F04202146FFF7D6FE3B
:10DC54000A480021084B027819800132019BD2B294
:10DC6400032A98BF1346037004B010BD704700BF69
:10DC74004B9E02204D9E02202E9E02204A9E022090
:10DC8400808C0020801024202DE9F04F87B0049070
:10DC9400002900F0BF8000235F4C604F4FF0010962
:10DCA400DFF890A15E4E029303915E4B5E4A1D78AD
:10DCB4003B8802EB451284F800900192002B40F05F
:10DCC400A58098461D469B460198FFF7BDFE10F0BF
:10DCD400800000F08B80BFF34F8F9AF8003084F8F7
:10DCE40000B00DB9D6F80080002B7BD13368A3EBCC
:10DCF4000803782B00F283804C4B1B78002B71D0E7
:10DD040000F094FA3B88012584F80090002BDBD0C6
:10DD140044491A46C3F500600D78039900EBC52009
:10DD2400DFF814B19142584417D20593DDE9032179
:10DD34000192FFF723F8019A4FF04041059B9B1A8B
:10DD44003B803B4BC3F88410BFF34F8F02980023F2
:10DD54001044237007B0BDE8F08F0499FFF70EF864
:10DD640000230BEBC5214FF400620198FFF72EFE50
:10DD74000BEBC521BFF34F8F01F1200201F50063C6
:10DD8400934294BF012340234FF0E02201EB43135D
:10DD9400C2F8701F20318B42FAD1BFF34F8FBFF30B
:10DDA4006F8F04200199FFF729FE1E4A137801336F
:10DDB400DBB2042B28BF002313703B88039AD11ACB
:10DDC400029A1A4403910292049A1A440023049278
:10DDD400174A3B80C2F88430BFF34F8F2370002969
:10DDE4007FF463AF029807B0BDE8F08F4FF4006290
:10DDF4000C4B8AF800001D7813463A808DE7012306
:10DE040002988AF8003007B0BDE8F08F1A46C3F5CF
:10DE1400006082E70846E6E74B9E02202E9E022021
:10DE2400BC9C02204A9E0220808C00204D9E022031
:10DE340000002E40489E022080102420704700BF1E
:10DE44002D4B002180222D4870B51B7800242C4EC8
:10DE54008B420CBF40234FF400732A4D33802B8038
:10DE640001F000F9284A2146284B14704FF48072BF
:10DE740027481C8001F0F6F8264A1021264B022080
:10DE8400C2E90044C2E90244244AC3E900441470CC
:10DE9400234AC3E90244234B1C70234614602246E0
:10DEA400FFF75EFD204B224631880320FFF726FD55
:10DEB4002346012229880420FFF752FD204601341D
:10DEC400FFF7FEFD082CF9D1184B00214A2218480F
:10DED400184C0460C3F88410C3F88020D3F8482198
:10DEE400154942F08072C3F8482121B1134A1378CE
:10DEF40043F00103137070BD4E9E0220808C0020FD
:10DF04002C9E0220309E02204A9E02202E9E022039
:10DF1400808B00202097022030970220419E02200F
:10DF24001C970220429E0220D9BA000000002E4015
:10DF3400C49D022095BB000000000000509E0220FA
:10DF44002DE9F84F4FF400324FF0E023C3F88C2151
:10DF54002B4B1C78002950D082468B46E4B2002714
:10DF6400DFF8B490274B5046274AABEB07081B78E1
:10DF7400A34204F1010437D0092C244B244928BFBF
:10DF840000241E5D39F8163031F8165003EB462193
:10DF9400ED1A1144A8452A4617D21E4C4246504653
:10DFA400FEF7ECFE236839F816105846A3EB0B0372
:10DFB40088443B4429F8168023604FF0E0234FF453
:10DFC4000032C3F80C21BDE8F88FFEF7D7FE114AE2
:10DFD4002F4430461368AA445B1B1360084A14702C
:10DFE400FFF76EFDBB45BDD84FF0E0234FF4003280
:10DFF4003846C3F80C21BDE8F88F0846DDE700BFBA
:10E00400429E0220419E022080002420409702204C
:10E01400209702201C970220309702200B4B0C4AB9
:10E0240012781978D3B28A420DD0013309480A4ACA
:10E03400092B0A4928BF0023C35C31F8131002EBF3
:10E044004323585C70474FF0FF307047419E0220D5
:10E05400429E022040970220800024203097022014
:10E06400054B186800B1704700B583B0019000F00B
:10E07400DDF8019803B000BD1C9702202DE9F84F8C
:10E08400144E154D33782A78934220D0DCB2DFF851
:10E094005090DFF850B0DFF85080104F0134082C56
:10E0A400A24601D90024A24619F80400DBF8003086
:10E0B40038F8102037F81010521A9B1ACBF8003099
:10E0C400FFF7FEFC86F800A02B78A342E6D1BDE85A
:10E0D400F88F00BF429E0220419E0220309702200A
:10E0E400409702201C9702202097022000B583B09D
:10E0F40001210DF10700FFF723FF18B19DF8070078
:10E1040003B000BD4FF0FF30FAE700BF084B00B585
:10E1140083B01B788DF8070033B101210DF107009E
:10E12400FFF7B2FD03B000BD03F0FF0003B000BD74
:10E134004D9E0220034B1B780BB1FFF7A5BD03F0E6
:10E14400FF0070474D9E02202DE9F04100240D4E42
:10E1540001230D4DA0460D4F33703B782846A34252
:10E1640005D0FFF771FC030658BF08F500680134B9
:10E174002035042CF1D1BFF34F8F00234046337078
:10E18400BDE8F0814B9E0220808C00204A9E022034
:10E19400204B1B7813B1204B1A8802B970471F4BD0
:10E1A400C2F500621E481F4930B51B7883B01E4C6F
:10E1B40000EB431001EBC321012305462370002328
:10E1C400CDE90012FFF702FCDDE900120A44BFF3B7
:10E1D4004F8F4FF0E023C3F8701F20318A42FAD8E2
:10E1E400BFF34F8FBFF36F8F04202946FFF706FC60
:10E1F4000A49002208480B7802800133DBB2042B61
:10E2040028BF13460B70BFF34F8F074B1A7003B030
:10E2140030BD00BF4D9E02202E9E02204A9E022049
:10E22400808C0020801024204B9E02202E4B2DE950
:10E23400F0411E7886B1DFF8C88098F800305BB9E9
:10E244000123F10788F8003040D4B20727D4002313
:10E2540088F80030730701D4BDE8F081234B1A68B5
:10E26400002AF9D0EFF30582002AF5D1EFF31085E7
:10E2740072B61868002830D01D4C217800292CD1A2
:10E284000122227042691A60002A2AD0916105B9DC
:10E2940062B600258368457798472570DCE7154BFF
:10E2A4001B78002BD3D0144F002557F8044F236854
:10E2B40020461B69984710B163699B6898470D4BCA
:10E2C40001351A78EBB29A42EFD8C0E7FFF7C8FEDF
:10E2D4000028BAD0AFF30080B7E7002DBCD162B6F6
:10E2E400BAE7064B1A60D2E7509E0220C48E002083
:10E2F4003B9E02203C9E02201C8B0020D08E0020DE
:10E304003D9E022010B500234FF470440F224FF4B9
:10E31400806EA0F88C411946A0F88E214FF4604419
:10E32400A0F890310A46B0F8883148F2B82C43F08E
:10E33400F003A0F8883101EB4103013100EB4313F2
:10E3440004299C80A3F806E05A841A865A805A81CC
:10E35400A3F80EC05A82DA825A83DA83EBD1B0F87A
:10E36400883143F00F03A0F88831B0F8883143F4C2
:10E374007063A0F8883110BD374B384A996F38481C
:10E3840041F47F0170B5996741F20106D3F880101A
:10E3940045F6C05543F226040A43C3F88020FFF72C
:10E3A400B1FF00F58040FFF7ADFF00F58040FFF7B7
:10E3B400A9FF00F58040FFF7A5FF0022A0F5031098
:10E3C4004FF00F0E114600EB42134FEA421C01328C
:10E3D4009981042A5981A3F80EE09E82DD8020F8F9
:10E3E4000C1019829C81EED100221E484FF00F0EB2
:10E3F40041F20106114645F6C05543F2260400EBEE
:10E4040042134FEA421C01329981042A5981A3F82C
:10E414000EE09E82DD8020F80C1019829C81EED1E2
:10E42400002211480F2641F20105114645F6C05459
:10E4340043F2260E00EB42134FEA421C013299814B
:10E44400042A5981DE819D82DC8020F80C10198217
:10E45400A3F80CE0EED170BD00C00F40000003FC37
:10E4640000C03D4000001E4000401E40074A506A64
:10E47400936A19468446506A936A9942F9D184454D
:10E48400F7D1DB0B43EA4040704700BF00400D402A
:10E4940008B5D0E900325BB1BAB10F4BA3FB02134C
:10E4A400DB0803EB4303B2EB83030AD1012008BD6D
:10E4B400094BA3FB0213DB0803EB4303B2EB830317
:10E4C40001D0D21A4260F02AF0D800F093FE1C2248
:10E4D400034600201A6008BDABAAAAAA30B583B0CF
:10E4E40060B3044621B11D46B2FA82F35B09A2B9B6
:10E4F400206818B362680AB3164B174902FB03F38A
:10E50400B1EBB30F1AD3A368FBB900232360636094
:10E51400A360E360012003B030BD0193069BC0E912
:10E524000012C360FFF7B4FF60B1002DF2D062683F
:10E5340001992068A56000F095FDEBE700F05AFE14
:10E5440016230360002003B030BD002100F08AFDD3
:10E55400DBE700BFABAAAAAA5555551503460846E2
:10E56400194600F09DBC00BF53B94AB9002908BF41
:10E5740000281CBF4FF0FF314FF0FF3000F09CB972
:10E58400ADF1080C6DE904CE00F006F8DDF804E006
:10E59400DDE9022304B070472DE9F04782B0064656
:10E5A400DDF828E00846B4460D46002B4ED18A42D9
:10E5B40014466DD9B2FA82F242B1C2F120039540F9
:10E5C40026FA03F394401D4306FA02FC260CA7B274
:10E5D400B5FBF6F14FEA1C4306FB115543EA05432C
:10E5E40001FB07F0984209D9E31801F1FF3580F0E7
:10E5F4000381984240F20081023923441B1A1FFA16
:10E604008CFCB3FBF6F006FB10334CEA034C00FB26
:10E6140007F363450AD914EB0C0C00F1FF3580F0C5
:10E62400ED80634540F2EA80A444023840EA0140A8
:10E63400ACEB030C0021BEF1000F04D02CFA02F362
:10E644000022CEE9003202B0BDE8F0878B4209D93E
:10E65400BEF1000F01D0CEE900610021084602B0EE
:10E66400BDE8F087B3FA83F1174600294DD1834200
:10E6740002D3B24200F20F81B6EB070C60EB030346
:10E6840001201D46BEF1000FDDD0CEE900C5DAE75A
:10E69400002A00F098801A46B4FA84F3002B40F064
:10E6A400AF800B1B270CA6B20121B3FBF7F54FEA91
:10E6B4001C4007FB153340EA034306FB05F8984565
:10E6C40007D9E31805F1FF3002D2984500F2E8803B
:10E6D4000546A3EB08031FFA8CFCB3FBF7F007FB1A
:10E6E40010334CEA034C06FB00F3634508D914EBE2
:10E6F4000C0C00F1FF3602D2634500F2CE803046A6
:10E70400ACEB030C40EA054095E7C1F120058B40D2
:10E7140022FA05FC4CEA030C00FA01F426FA05F38C
:10E72400E84002FA01F943EA04084FEA1C4206FAF7
:10E7340001FAB0FBF2F71FFA8CF602FB17004FEA5E
:10E74400184444EA004407FB06F0A0420AD91CEB33
:10E75400040407F1FF3380F09C80A04240F29980CA
:10E76400023F6444241A1FFA88F3B4FBF2F002FB5C
:10E77400104443EA044300FB06F69E4209D91CEB0D
:10E78400030300F1FF3480F082809E427FD9023877
:10E79400634440EA0740A0FB09749B1BA3423E4626
:10E7A400A04664D361D0BEF1000F0AD0BAEB0602D2
:10E7B40063EB080303FA05F5CA401543CB40CEE9E1
:10E7C400005300213FE7730843EAC1734A08190C58
:10E7D40041EA02414FEAC67C9BB2B2FBF4F0264602
:10E7E400A04627461F2243EA0143B1FBF4F1A3EB01
:10E7F400080341EA004158E72946FFE6284615E7A1
:10E804001A46C3F120019C4026FA01F320FA01F1D3
:10E8140090400343270C06FA02FCB1FBF7F0A6B2C2
:10E8240007FB1015190C41EA054100FB06F58D4262
:10E834003BD9611801D28D4220D8491B0138B1FB64
:10E84400F7F5019505FB06F8019D9BB207FB151131
:10E8540043EA0143434526D2E31805F1FF31C6D20A
:10E864004345C4D2A91E2344C1E7BA459BD2B7EBA2
:10E87400090664EB0C040138A04694E7651B29449F
:10E884000238B1FBF7F5019505FB06F8DCE72046F5
:10E894007FE71F4666E70846F4E6A44402382FE7FC
:10E8A400023D234415E70199A1E7491BB1FBF7F5A4
:10E8B400019505FB06F8C7E7704700BF024B014608
:10E8C400186800F00BB800BFC0820020024B01465C
:10E8D400186800F0E1BD00BFC08200202DE9F04FB0
:10E8E40001F10B02162A85B0804624D8102900F2C3
:10E8F400AB8000F0C9FA022518211022B74C21443C
:10E90400A1F108004E68864200F062817268F168E5
:10E91400B46822F003023244E1608C60516841F033
:10E9240001014046516000F0B5FA06F108042046A2
:10E9340005B0BDE8F08F32F0070200F18580914206
:10E9440000F28280019200F09FFA019AB2F5FC7FF6
:10E95400C0F0BA81570A7FD0042F00F27281970960
:10E9640007F139052BB207F1380CDB009B4C23442B
:10E97400A3F108065B689E4207D10DE00028DF681A
:10E9840080F21381BE4207D03B46596821F003014F
:10E99400881A0F28F2DD6546236991498B4200F0FD
:10E9A400F1805E6826F00306B11A0F2900F3918105
:10E9B4008B480029C4E9040080F27981B6F5007F10
:10E9C400676880F01981F10801310FFA81FC76093A
:10E9D4000121B14054F83C0098600F4304EBCC0192
:10E9E4000839D960676044F83C30C360AB10012635
:10E9F4009E40BE4236D83E4206D125F0030576003D
:10EA04003E4205F10405FAD004EBC50A04EBC50740
:10EA1400A946F9680EE0486820F0030EAEEB020C3C
:10EA2400BCF10F0F0B46C96800F31881BCF1000F4D
:10EA340080F22D818F42EED109F1010919F0030F03
:10EA440007F10807E5D17FE10C23C8F80030002462
:10EA5400204605B0BDE8F08F4FF4007340254FF019
:10EA64003F0C83E7A768796821F0030393429A4631
:10EA740003D3991A0F2900F387805A495A4E09681B
:10EA8400103111440820CDE9011200F0E3FB019993
:10EA94004B1E03444542834630681D40B0F1FF3F9E
:10EAA40018BF29464046019100F092FB411C0546DF
:10EAB400DDE9011200F02B8107EB0A0C844500F21A
:10EAC40024814A4B186800EB01090BF1FF3EC3F89F
:10EAD400009000F08981306801301BBFA5EB0C0C5D
:10EAE40009EB0C003560186015F00700814600F052
:10EAF4004881C0F108000544CDE901236B1803EAFD
:10EB04000E015844401A00EA0E06314640469B4620
:10EB140000F05EFB421CDDE9012300F09581401BFF
:10EB2400304440F001011868A56000EB0609A742D3
:10EB34006960C3F8009017D0BAF10F0F40F25E81FC
:10EB4400AAF10C0121F0070C796801F0010141EAF6
:10EB54000C017960052607EB0C01BCF10F0FC1E92C
:10EB6400016600F263816968214B1E684E4538BF17
:10EB7400C3F800901F4B1E684E4501D2C3F80090A5
:10EB84002F46C6E0676831E7BD1841F0010142F045
:10EB940001027A604046A560696000F07BF907F1E4
:10EBA4000804204605B0BDE8F08F9A680193194423
:10EBB400D760BA604A6842F0010240464A6000F0F9
:10EBC40069F9019B03F10804204605B0BDE8F08F04
:10EBD400CE68B1427FF49AAE0235DDE6C07B0020F8
:10EBE400C87B0020CC900020B88200209C9000209C
:10EBF400C4900020C8900020B6F5206F4FEA56203C
:10EC04007CD3142800F2D38000F15C0109B25B309C
:10EC1400C90004EB010C6158ACF1080C8C4503D11C
:10EC2400A8E089688C4504D0486820F00300B0420D
:10EC3400F7D8D1F80CC0C3E9021CCCF80830CB607B
:10EC4400D4E6142F72D9542F00F2BA80170B07F1AF
:10EC54006F052BB207F16E0CDB0087E69D1842F0BE
:10EC640001025A609E68864AF1608E60C4E90455C8
:10EC7400C5E902224CF001026A60404643F80EC026
:10EC8400019300F007F9019B03F10804E0E69E44B8
:10EC94001C46DEF8043043F00103CEF8043054F887
:10ECA400083F4046D9608B6000F0F4F8D0E61E447B
:10ECB40040467268019342F00102726000F0EAF883
:10ECC400019B03F10804C3E6D508691C09B2C90015
:10ECD40014E69D1842F001025A60694A0193C4E99E
:10ECE4000455C5E9022241F001026A604046995187
:10ECF40000F0D0F8019B03F10804A9E6B00900F183
:10ED0400390109B23830C90083E7A74263D0A76844
:10ED1400796821F003009042A0EB020102D30F298D
:10ED24003FF732AF404600F0B5F890E607F15C05D6
:10ED34002BB207F15B0CDB0018E6514651F8083999
:10ED44008B428A4640F09A8015F0030F05F1FF3597
:10ED5400F3D1636823EA0603636076009E423FF6BC
:10ED640081AE1EB97EE6760009F104091E42FAD08E
:10ED74004D4649E68010012606FA00F00743676015
:10ED840059E7CDE902236B1803EA0E01ABEB010648
:10ED940006EA0E0631464046019300F019FA431C78
:10EDA400019B04BF4E461846DDE90223B7E654280A
:10EDB40027D8300B00F16F0109B26E30C90028E783
:10EDC400B7F5AA7F27D8D70B07F178052BB207F13F
:10EDD400770CDB00CAE52B4B186800EB01090BF13B
:10EDE400FF3EC3F8009076E615EA0E0F7FF473AE8B
:10EDF400A568514441F001016960B5E601236B60E7
:10EE040090E7B0F5AA7F25D8F00B00F1780109B29C
:10EE14007730C900FDE640F254539F4224D8930C46
:10EE240003F17D0503F17C0CEB009FE507F108017C
:10EE34004046CDE9012300F02FFBA568029B6968D9
:10EE4400D3F80090019A8FE6A9F108010BEB0100B9
:10EE5400002664E640F2545188420BD8B00C00F10D
:10EE64007D01C9007C30D4E64FF47E737F254FF0DA
:10EE74007E0C7BE54FF47E717E20CAE663686CE706
:10EE8400C87B00209C900020014800F0DFB900BF3F
:10EE940098900020014800F0DBB900BF9890002052
:10EEA40013460A460146022000F05EBA024B0344B0
:10EEB400587800F0080070472C0F0020032A11D85E
:10EEC400002A3BD0013A431E0139024401E09A4230
:10EED40034D013F8010F11F801CF6045F7D0A0EB3F
:10EEE4000C00704710B541EA0004A40784460B46A1
:10EEF4000FD0013A431E0139024401E09A421BD06B
:10EF040013F8010F11F801CF6045F7D0A0EB0C0006
:10EF140010BDDCF80040D3F800E0744519466046A3
:10EF240003F104030CF1040CE3D1043A032AF0D8EE
:10EF340060461946002ADCD1002010BD002070472D
:10EF4400884270B531D98B1883422ED9032A00EB3D
:10EF540002011DD941EA030C1CF0030F1D4618D110
:10EF64004FEA920C0CF1FF36A1EB8C048C4653F85B
:10EF740004ED4CF804EDA445F9D1C6EB867301EB1E
:10EF8400830105EB830CACF10403043902F00302A2
:10EF940052B102F1FF3C6FEA0C0C9C4413F8012DB2
:10EFA40001F8012D6345F9D170BD032A50D941EA16
:10EFB40000039B074ED10F2A51D922F00F0301F110
:10EFC400100601F1100C103B203100F1100E194411
:10EFD4005CF8104C4EF8104C5CF80C4C4EF80C4C91
:10EFE4005CF8084C4EF8084C5CF8044C4EF8044CA1
:10EFF4000CF1100C8C450EF1100EE9D1F11812F041
:10F004000C0F034402F00F0503F1100325D025F083
:10F01400030CACF1040426461A1F1C198C465CF838
:10F0240004EB42F804EFA242F9D104310433314431
:10F03400334405F00302002AB6D0013A0132013B01
:10F044000A4411F801CB03F801CF9142F9D170BD04
:10F054000346F0E7013A0346F0E72A46EBE70346A6
:10F064001546D4E730B584078646034606D0A2B3D6
:10F0740003F8011B980702F1FF32F8D1032A26D9BD
:10F084005FFA81FC0CEB0C2C0F2A0CEB0C402AD9F8
:10F0940022F00F0C9C44C3E90000C3E902001033C2
:10F0A4006345F8D112F00C0F02F00F0417D04FEAA9
:10F0B400940C0CF1FF351A4603EB8C0C42F8040B4C
:10F0C4006245FBD1043304F0030203EB850322B150
:10F0D4001A4403F8011B9A42FBD1704630BD224604
:10F0E400002AF5D1F9E71446E1E700BF8AB340EA04
:10F0F40001039B0730B504468E4618D1032A07D86E
:10F1040015E0043A23D01CF0803F20D1032A26D9ED
:10F114002368DEF80050A3F10131AB4221EA030C6D
:10F124002046714604F104040EF1040EE9D003787C
:10F134000C78A3420FD1013A024406E06BB110F8F7
:10F14400013F11F8014FA34205D19042F6D10020AE
:10F1540030BD10467047181B30BD184630BD2046E0
:10F164007146E4E710B504460843830701D1032A36
:10F1740019D8A44601F1FF3E07E01EF8011F03F869
:10F18400011B501E31B19C4602466346002AF4D14D
:10F19400204610BD94440028FAD003F8011B6345AF
:10F1A400FBD1204610BD0B46A44618681946A0F1B1
:10F1B400013323EA000313F0803F01F10403D9D1A2
:10F1C400043A032A4CF8040BEFD81946D2E700BFDF
:10F1D40038B5074C0023054608462360FDF766FF53
:10F1E400431C00D038BD2368002BFBD02B6038BDF6
:10F1F4003C960020014B1868704700BFC082002075
:10F2040070B50E4E0E4DAE4208D0761BB6100024DB
:10F2140055F8043B01349847A642F9D8094E0A4DE3
:10F2240000F046FAAE4208D0761BB610002455F81A
:10F23400043B01349847A642F9D870BDF01D006024
:10F24400F01D0060FC1D0060F01D0060704700BFF1
:10F25400704700BF082802D14FF48050704708B5AA
:10F26400FFF7C8FF162303604FF0FF3008BD00BF4F
:10F27400000000000000000000000000000000008A
:10F28400000000000000000000000000000000007A
:10F2940030B490F800F020F007016FF0000C10F08B
:10F2A400070491F820F040F048804FF000046FF01C
:10F2B4000700D1E9002391F840F000F1080082FA38
:10F2C4004CF2A4FA8CF283FA4CF3A2FA8CF34BBB03
:10F2D400D1E9022382FA4CF200F10800A4FA8CF27C
:10F2E40083FA4CF3A2FA8CF3E3B9D1E9042382FA4A
:10F2F4004CF200F10800A4FA8CF283FA4CF3A2FA5F
:10F304008CF37BB9D1E9062301F1200182FA4CF296
:10F3140000F10800A4FA8CF283FA4CF3A2FA8CF3FD
:10F32400002BC6D0002A04BF04301A4612BAB2FA1F
:10F3340082F200EBD20030BC7047D1E9002304F024
:10F344000305C4F100004FEAC50514F0040F91F859
:10F3540040F00CFA05F562EA05021CBF63EA0503F6
:10F3640062464FF00004AAE7F0B51D4C83B0054691
:10F374002068019116461F46FFF768FF194A019954
:10F38400136823B35A6820681F2A23DC4DB9541C20
:10F3940002325C6043F82210FFF75AFF002003B0EA
:10F3A400F0BD03EB820E0124CEF88860D3F88861A7
:10F3B400944046EA040C022DC3F888C1CEF80871C3
:10F3C400E5D1D3F88C512543C3F88C51DFE7064BC4
:10F3D4001360D7E7FFF73CFF4FF0FF30DFE700BFD4
:10F3E400AC820020008F0020048F0020F8B5064670
:10F3F40008200C46FFF72EFF07463046FFF744FD72
:10F40400224A93685D6825F00305A5F111031C1BCE
:10F414003C44B4FBF7F4013C07FB04F4A74208DCCA
:10F4240000213046FFF7D4FE184A93682B449842D3
:10F4340004D03046FFF72EFD0020F8BD614230466F
:10F44400FFF7C6FE0130114A0DD0114993682D1BF8
:10F4540045F001055D600B6830461B1B0B60FFF730
:10F4640019FD0120F8BD00213046FFF7B1FE074A1F
:10F474009268831A0F2BDCDD43F001035360054BC4
:10F4840003491B68C01A0860D3E700BFC07B002093
:10F494009C900020B8820020002965D02DE9F0411D
:10F4A4000C460746FFF7F0FC54F804EC7D49A4F140
:10F4B400080C2EF001030CEB03028D685068954292
:10F4C40020F003000EF0010600F08B801518506048
:10F4D4006D6805F00105A846AEBB54F8084CACEBCA
:10F4E400040C2344DCF8084001F1080E74456BD089
:10F4F400DCF80C50E560AC60B8F1000F00F08C80D3
:10F5040043F00100CCF804001360B3F5007F35D25A
:10F51400DA0848685C090132012312B2A3400343AC
:10F524004B6051F83200CCF8080001EBC203083BF1
:10F53400CCF80C3041F832C0C0F80CC03846BDE8F5
:10F54400F041FFF7A7BC85B9034401F1080E9068A8
:10F55400704543F001047AD0D268C2609060CCF860
:10F5640004404CF80330D0E770474EF00102B3F585
:10F57400007F44F8042C4CF80330C9D3B3F5206F52
:10F584004FEA53204AD2980900F1390212B200F12D
:10F594003804D20088188A580838904203D15FE0B2
:10F5A4009268904204D0516821F003019942F7D83F
:10F5B400D068CCE90220C0F808C03846C2F80CC0B4
:10F5C400BDE8F041FFF766BCA5BB1844D2E90223AD
:10F5D400D3609A6040F00103CCF804304CF800008A
:10F5E400ACE7184446B954F8083CACEB030C184497
:10F5F400DCE90223D3609A6040F00103CCF80430C4
:10F60400294BC1F808C01B68834297D8274B38465A
:10F614001968FFF7EBFE91E7034498E714280FD924
:10F62400542824D8180B00F16F0212B200F16E04B2
:10F63400D200AFE743F00101CCF8041013607DE77A
:10F6440000F15C0212B200F15B04D200A2E7C1E94E
:10F6540004CCCCE902EECCF804404CF803306DE75E
:10F66400A4100123A3404C6823434B60A1E7B0F5E9
:10F67400AA7F07D8D80B00F1780212B200F1770400
:10F68400D20087E740F25452904206D8980C00F119
:10F694007D0200F17C04D2007CE74FF47E727E246C
:10F6A40078E700BFC07B0020BC820020CC90002003
:10F6B4005FF800F0A11D00605FF800F04D1D0060D0
:04F6C400F8B500BFD6
:08F6C80098EEFF7F0100000035
:10F6D000000000000000000000000000000000002A
:10F6E000000000000000000000000000000000001A
:10F6F000000000000000000000000000000000000A
:10F7000000000000000000000000000000000000F9
:10F7100000000000000000000000000000000000E9
:10F7200000000000000000000000000000000000D9
:10F7300000000000000000000000000000000000C9
:10F7400000000000000000000000000000000000B9
:10F7500000000000000000000000000000000000A9
:10F760000000000000000000000000000000000099
:10F770000000000000000000000000000000000089
:10F780000000000000000000000000000000000079
:10F790000000000000000000000000000000000069
:10F7A0000000000000000000000000000000000059
:10F7B0000000000000000000000000000000000049
:10F7C0000000000000000000000000000000000039
:10F7D0000000000000000000000000000000000029
:10F7E0000000000000000000000000000000000019
:10F7F0000000000000000000000000000000000009
:10F8000000000000000000000000000000000000F8
:10F8100000000000000000000000000000000000E8
:10F8200000000000000000000000000000000000D8
:10F8300000000000000000000000000000000000C8
:10F8400000000000000000000000000000000000B8
:10F8500000000000000000000000000000000000A8
:10F860000000000000000000000000000000000098
:10F870000000000000000000000000000000000088
:10F880000000000000000000000000000000000078
:10F890000000000000000000000000000000000068
:10F8A0000000000000000000000000000000000058
:10F8B0000000000000000000000000000000000048
:10F8C0000000000000000000000000000000000038
:10F8D0000000000000000000000000000000000028
:10F8E0000000000000000000000000000000000018
:10F8F0000000000000000000000000000000000008
:10F9000000000000000000000000000000000000F7
:10F9100000000000000000000000000000000000E7
:10F9200000000000000000000000000000000000D7
:10F9300000000000000000000000000000000000C7
:10F9400000000000000000000000000000000000B7
:10F95000881F002004060000342500200507000051
:10F96000802B00200508000034320020060A000029
:10F97000043A0020060C0000CC410020060D0000D7
:10F98000404A0020070D000058530020070E0000D9
:10F99000D45C0020080D00001C660020090F000048
:10F9A0004C70002009120000D81300200A14000037
:10F9B000031E090E011A16110B05131B0719101D42
:10F9C0000C170308040020141000000000000000C1
:10F9D0000100000003000000020000000000000021
:10F9E0002F576176655F50616C0000002F5761767C
:10F9F000655F50616C2F57617665446174612E7745
:10FA0000666D000053442043617264204552524F9A
:10FA10005200000053746172747570204661696C05
:10FA200065643A00384D42206672656520737061E6
:10FA30006365000053442063617264206861732031
:10FA40006E6F00000A0328163111210935191A2892
:10FA50004F6C7D6254785A6773807D5F6C00000044
:10FA60004F6E00004F6666004E6F207761766566C8
:10FA70006F726D00436C69636B20746F20706C61F2
:10FA8000790000003C2053637265656E20536176F7
:10FA90006572203E00000000436C69636B20746F48
:10FAA00020766965770000003C20446576696365CF
:10FAB00020496E666F20203E0000000020000000FC
:10FAC0003C202020205265626F6F74202020203E51
:10FAD000000000003C202020202045786974202070
:10FAE0002020203E000000004669726D776172653B
:10FAF0002076310048617264776172652076330048
:10FB00004E6565647320464154333200534420638C
:10FB100061726420697320657846415400000000DA
:10FB2000576176652050616C2076332E30000000DE
:10FB300020436F6E6E6563746564000063616100ED
:10FB4000436C69636B206A6F79737469636B2D3ED4
:10FB500000000000434F4D4D2E204641494C555268
:10FB60004521000073657474696E67732E2E2E0034
:10FB70004C6F6164696E672064656661756C7400C2
:10FB8000436C69636B20746F2073746F70000000A6
:10FB90003C20204368616E6E656C20312020203E41
:10FBA000000000003C20204368616E6E656C2032CE
:10FBB0002020203E000000003C20204368616E6E43
:10FBC000656C20332020203E000000003C202043B4
:10FBD00068616E6E656C20342020203E00000000BD
:10FBE000436C69636B20666F72206D656E750000F3
:10FBF000455846415400000000000000000000008D
:10FC000000000000000000000000000000000000F4
:10FC100000000000000000000000000000000000E4
:10FC200000000000000000000000000000000000D4
:10FC300000000000000000000000000000000000C4
:10FC40000F0000000000000000000000000000C0E5
:10FC50003F0000000000000000000000000000E085
:10FC60007F0000000000000000000000000000F025
:10FC7000FF0000000000000000000000000000186D
:10FC80008F010000000000000000000000000018CC
:10FC90008F01000000000000000000000000001CB8
:10FCA0008F0300000000000000000000000000FCC6
:10FCB000FF0300000000000000000000000000FC46
:10FCC000FF0300000000000000000000000000FC36
:10FCD000FF03000000000000000000000000000022
:10FCE0000000000000000000000000000000800193
:10FCF000000C000000000000000000000000A0FD5B
:10FD0000FF2D000000000000000000000000A80D12
:10FD1000FCAD000000000000000000000000280C06
:10FD20006CA10000000000000000000000600AFC60
:10FD3000FF81320000000000000000000080020C83
:10FD40006C010A0000000000000000000080020CAE
:10FD5000FC010A000000000000000000008000FC20
:10FD6000FF0108000000000000000000004000004B
:10FD70000000100000000000000000000000003C37
:10FD8000E001000000000000000000000000003C56
:10FD9000E001000000000000000000000000000082
:10FDA0000000000000000000000000000000003C17
:10FDB000E001000000000000000000000000000062
:10FDC0000000000000000000000000000000007EB5
:10FDD000F003000000000000000000000000007EB2
:10FDE000F00300000000000000000000000000FE22
:10FDF000FF7F000000000000000000000000F0FF96
:10FE0000FFFFFF03000000000000000000E0FF070C
:10FE10000000F07F000000000000000000FF010073
:10FE2000000000E00F00000000000000F0030000F0
:10FE3000000000007C000000000000000F00000037
:10FE400000000000C0030000000000F000000000FF
:10FE500000000000001C00000000000E0000000078
:10FE60000000000000600000000000010000000031
:10FE700000000000008003000000000000000000FF
:10FE80000000000000000C00000000000000000066
:10FE9000000000000000100080FF070000000000CC
:10FEA0000000000018000000C0FF07000000000074
:10FEB0000000000018000000C0FF07000000000064
:10FEC0000000000018000000C0000000000000005A
:10FED0000000000018000000C0000000000000004A
:10FEE0000000000018000000C00080FF81FF3038D3
:10FEF00018FE837F180EFF01C00080FFC3FF31385A
:10FF000018FF87FF1887FF01C0FF0180C3C1313888
:10FF1000180386C198830300C0FF0380C3C1716CBE
:10FF20001C0386C1D881030080FF0780C3C1616CB8
:10FF30000C038601F8800300000086FFC3C1616CDA
:10FF40000C0386017880FF00000086FFC3C1E1EE4C
:10FF50000E0386017800FF0100008681C3C1C1C67F
:10FF600006038601F801800100008681C3C1C1C675
:10FF700006038601D8038001C0FF8781C3C1C1C7C2
:10FF80000703860118078001C0FF87FFC3C1C18333
:10FF900007FF8701188EFF01C0FF03FFC3C18183E4
:10FFA00003FE8301189CFF00000000000000000019
:10FFB0000000000000000000000000000000000041
:10FFC0000000000000000000000000000000000031
:10FFD0000000000000000000000000000000000021
:10FFE0000000000000000000000000000000000011
:10FFF0000000000000000000000000000000000001
:02000004600199
:1000000000000000000000000000000000000000F0
:1000100000000000000000000000000000000000E0
:1000200000000000000000000000000000000000D0
:1000300000000000000000000000000000000000C0
:1000400000000000000000000000000000000000B0
:1000500000000000000000000000000000000000A0
:100060000000000000000000000000000000000090
:100070000000000000000000000000000000000080
:100080000000000000000000000000000000000070
:100090000000000000000000000000000000000060
:1000A0000000000000000000000000000000000050
:1000B000000000000000000060008001000000005F
:1000C0000000FC0700001800600080010000000034
:1000D0000000FC0F0000180060008001000000001C
:1000E00000000C1C000018006000800100000000EF
:1000F00000000C38000018006000800100000000C3
:1001000000000C30000018006000800100000000BA
:1001100000000C6000001800C0C0C000000000001B
:1001200000000C6000001800C0C0C0E07F1860C074
:1001300007000C60F03F1800C0C0C0F07F1860F0EE
:100140000F000C60F83F1800C0C0C038601860385D
:100150001C000C601C301800C0E0C1186018601C46
:1001600038000C600C301800C0E0C1186018600C3A
:1001700030000C300C30180080E161186030300C19
:1001800030000C380C30180080E161186030300C01
:1001900030000C1C0C301800803163186030300CBB
:1001A0003000FC0F0C301800803163186030300CC8
:1001B0003000FC070C30180080316318606018FCB8
:1001C0003F000C000C301800001B3618606018FC53
:1001D0003F000C000C301800001B36186060180C33
:1001E00000000C000C301800001B36186060180C62
:1001F00000000C000C301800001B361860C00C0CFE
:1002000000000C000C301800000F3C1860C00C0CF3
:1002100000000C000C301800000F3C1860C00C0CE3
:1002200000000C000C301800000E1C1860C00C0CF4
:1002300000000C000C301800000E1C186080070C29
:1002400000000C000C30180000061818F080071C85
:1002500000000C000C783800000618F0FF8107F849
:100260003F000C00F8FFF003000618F0CF8107F004
:100270003F000C00F8E7E003000000000000000071
:10028000000000000000000000000000000000006E
:10029000000000000000000000000000000000005E
:1002A000000000000000000000000000000000004E
:1002B000000000000000000000000000000000003E
:1002C000000000000000000000000000000000002E
:1002D000000000000000000000000000000000001E
:1002E000000000000000000000000000000000000E
:1002F00000000000000000000000000000000000FE
:1003000000000000000000000000000000000000ED
:1003100000000000000000000000000000000000DD
:1003200000000000000000000000000000000000CD
:1003300000000000000000000000000000000000BD
:1003400000000000000000000000000000000000AD
:10035000000000000000000000000000000000009D
:10036000000000000000000000000000000000008D
:10037000000000000000000000000000000000007D
:10038000000000000000000000000000000000006D
:10039000000000000000000000000000000000005D
:1003A000000000000000000000000000000000004D
:1003B000000000000000000000000000000000003D
:1003C000000000000000000000000000000000002D
:1003D000000000000000000000000000000000001D
:1003E000000000000000000000000000000000000D
:1003F00000000000000000000203000001040000F3
:100400000001030418202123008023200000232062
:1004100000802220000022200080212000002120D6
:10042000008020200000202003020001CD9E00005B
:10043000D19E0000D59E0000D99E00000000000063
:10044000000000003DA10000210700006DBA00007F
:1004500069BA0000A507000065BA000061BA000093
:100460005DBA000000000000000000003101000043
:1004700045A10000290100002D010000000000003E
:100480000000000029070000BD090000290100004C
:100490002D010000000000000000000029070000FE
:1004A000BD090000290100002D010000000000002E
:1004B000000000008D0900007909000029010000FA
:1004C00065090000210800002D090000090800004E
:1004D0000000000000000000016E0000056E00003A
:1004E000456D000031710000217F0000FD740000A7
:1004F000416E0000C17D00000D8000008975000084
:10050000C1720000DD7D0000496D0000556D0000E6
:10051000156C0000196C00001D6C0000216C0000BF
:10052000616D0000856D0000A96D0000B96D0000CF
:10053000CD6D0000B5710000196E0000956F0000D0
:10054000017200006D730000000000000000000058
:10055000B15D0000B55D0000C95D0000795E00007E
:10056000A9680000C1660000396200001968000037
:10057000396A00003D6B0000D5600000A1630000F7
:10058000995D00009D5D0000A15D0000A55D00007B
:10059000A95D00006967000045660000C9650000AC
:1005A00051610000B96400003D650000915D0000EC
:1005B000AD5D0000D569000035630000F15D00000D
:1005C000C0040020D4040020E8040020FC04002023
:1005D00098030020A4030020B004002009070000B5
:1005E0000D070000150700001D070000D8399D27E2
:1005F0000054EA2A00A4781F007B9A1700202020CC
:1006000020202020202028282828282020202020C2
:100610002020202020202020202020202088101092
:1006200010101010101010101010101010040404EE
:1006300004040404040404101010101010104141AC
:10064000414141410101010101010101010101019A
:1006500001010101010101011010101010104242AE
:10066000424242420202020202020202020202026A
:10067000020202020202020210101010200000000A
:10068000000000000000000000000000000000006A
:10069000000000000000000000000000000000005A
:1006A000000000000000000000000000000000004A
:1006B000000000000000000000000000000000003A
:1006C000000000000000000000000000000000002A
:1006D000000000000000000000000000000000001A
:1006E000000000000000000000000000000000000A
:1006F00000000000000000000000000000000000FA
:1007000000000042C8801F40B8821F40080000005F
:1007100000000042C4801F40B4821F40040000005B
:1007200000C0004224801F4014821F4010000000BF
:1007300000C0004228801F4018821F402000000097
:1007400000C000422C801F401C821F40400000005F
:1007500000C0004234801F4024821F40000100007E
:100760000040004264811F4054831F400004000089
:100770000040004280811F4070831F400000020043
:10078000004000427C811F406C831F40000001003C
:100790000040004268811F4058831F40000800004D
:1007A000004000423C811F402C831F40010000009C
:1007B0000040004244811F4034831F400400000079
:1007C0000040004240811F4030831F400200000073
:1007D0000040004248811F4038831F40080000004D
:1007E0000000004204811F40F4821F40000004000A
:1007F0000000004208811F40F8821F4000000800EE
:100800000000004218811F4008831F400000800044
:100810000000004214811F4004831F40000040007C
:100820000000004200811F40F0821F4000000200D3
:1008300000000042FC801F40EC821F4000000100CD
:100840000000004224811F4014831F400000000468
:100850000000004228811F4018831F40000000084C
:10086000000000421C811F400C831F40000000015B
:100870000000004220811F4010831F400000000242
:1008800000000042EC801F40DC821F40001000008E
:1008900000000042F0801F40E0821F400020000066
:1008A0000000004234811F4024831F4000000040AC
:1008B0000000004238811F4028831F400000008054
:1008C0000080004294801F4084821F40000004008A
:1008D00000C0004290801F4080821F4000000080C6
:1008E00000800042A8801F4098821F4000008000C6
:1008F00000800042A4801F4094821F4000004000FE
:10090000004000426C811F405C831F4000100000CB
:1009100000C0004230801F4020821F408000000045
:1009200000400042B0811F40A0831F400000002013
:1009300000400042AC811F409C831F40000000101B
:100940000040004284811F4074831F400000040067
:100950000040004288811F4078831F40000008004B
:10096000000000422C811F401C831F40000000102B
:100970000000004230811F4020831F400000002003
:10098000000000420C811F40FC821F40000010004C
:100990000000004210811F4000831F400000200023
:1009A00000800042C8811F40B8831F4000800000C3
:1009B00000800042C4811F40B4831F4000400000FB
:1009C00000800042C0811F40B0831F400020000013
:1009D00000800042BC811F40AC831F40001000001B
:1009E00000800042D0811F40C0831F4000000200F1
:1009F00000800042CC811F40BC831F4000000100EA
:100A000000C0004274801F4064821F40000000014B
:100A100000C0004280801F4070821F40000000081C
:100A200000C0004284801F4074821F4000000010FC
:100A300000C000426C801F405C821F4000004000EC
:100A400000C000427C801F406C821F4000000004F8
:100A500000C0004278801F4068821F4000000002F2
:100A600000C0004288801F4078821F4000000020A4
:100A700007080C0B06050F000D0E01028384070802
:100A80000C0B06050F000D0E01028384FFFFFFFF14
:100A9000FFFFFFFFFFFF8182090A0000ED970000C2
:100AA000D597000059970000BF0003030405040612
:100AB000050A1400FC0DFC0D0001EC03BF0B912096
:100AC000060010D6002108D218D4783011220B4627
:100AD00034D5103149421100231AB932D493082574
:100AE0004289E8109208254289E810920825428937
:100AF0000C002417D812D4135A542832894C2234AB
:100B00004A64129984A26294012514C912D4194925
:100B100074A14DC472B15C2C9951F434012619D9D9
:100B200012D49A4A8412A14448164F254291843621
:100B300091892624920027085218D5384800280D9C
:100B4000D516D413A989643ACA840A290ED514D4B7
:100B500010AA09653AC9446A002A0E7872D411694C
:100B6000231D42349116002B0C7872D413AB1D62F6
:100B70006235002C0834F6D39958002D0718D2D4CA
:100B800038042E073318D438082F10C714D45594BE
:100B90000AA542A9502A944A013011D812D493D2FE
:100BA000445A843C4A44DAA83200310DD812D49316
:100BB0000E6912B1FE76083212D812D4A2892442EC
:100BC000A2585538942A8B0F013314D812D4A28915
:100BD0002442A2582A9CCB8944894846023414D81E
:100BE00012D40E4B87348948452691490E51B116CF
:100BF000003512D812D4388C75198DE46231512227
:100C00009291003615D812D4A28924C2885865342E
:100C10009208394A443212003712D812D438845517
:100C2000C552B1542C154BC552003815D812D4A258
:100C3000892442468948461349848C12918C043990
:100C400014D812D4A28924428E12D18A5825281190
:100C5000C948003A088318D4B0430D3B0A94F6D330
:100C600059479B58003C0BD712D48E0AF5ACE700CD
:100C70003D0A6872D438C4713C043E0BD714D408C2
:100C8000EBA35EC3003F10D812D4A289244246A928
:100C90006675B858064016D812D4A289244292E547
:100CA00022A14828121691BA4C5401410FD812D4EF
:100CB00093D2445A848C87228F024216D812D4A829
:100CC00089D42432894C221299641221378909006F
:100CD0004310D812D4A2892442B27E94886424009E
:100CE000440DD812D430C92442FE9BC404450DD80B
:100CF00012D4388C753689753E04460CD812D43817
:100D00008C753689F50C4711D812D4A2892442B2C9
:100D100026234789684409480CD812D410F2F150B0
:100D2000E4A300490CD812D438C4C4FA6F87004A2F
:100D30000FD912D4B3CAF5934C2453910E014B141E
:100D4000D812D410B249641291A69A4837894C221D
:100D5000240A4C0AD812D410EB7F3E044D14D8124A
:100D6000D410124BA6834542915024140991A3003C
:100D70004E12D812D410D66A261345429190DC1A2E
:100D800089024F0FD812D4A2892442FE5122929197
:100D900000500FD812D430C92442DE2426B1CE0030
:100DA0005111E8F2D3A2892442FE22215144B2BA61
:100DB000005212D812D430C92442DE24266D129972
:100DC0004448145313D812D4A2892442B25C4E571B
:100DD000264A44321200540BD812D438C4C4FADF65
:100DE00000550DD812D410F23F4A44321200560F6B
:100DF000D812D410729488F4466415AB015712D8F7
:100E000012D410F245429150241449C954240A586E
:100E100013D812D4101225226D44AA9448136911D4
:100E20001205590FD812D4101225226D44AA58DF8A
:100E3000005A10D812D438845595A5CA5265F121AC
:100E4000005B0AD614D43804F51F0D5C10C714D407
:100E5000908AA562A9582A968AA5025D0AD614D45A
:100E600030EA3F1E025E0B4832D593D24412A100F5
:100E70005F0719F2D3380860073456D59029610E00
:100E80008812D42AC9C49283905152096211D8128F
:100E9000D410EB65349208399624921100630D88C2
:100EA00012D42AC9C8DA65A20A00640ED812D4D6B0
:100EB000D344A9C851225A11650F8812D4A289249B
:100EC000C243592E135500660DD812D4A389741647
:100ED0001AC5FA086714C892D3A9CC6A1299442695
:100EE0002AC92D4246890500680DD812D410EB6539
:100EF000349208F928690CB812D413CBA1647D3B55
:100F0000046A0EF794D3558751F595C626A9006B50
:100F100012D812D410EB4D225291116B2235895008
:100F2000006C0AD812D421EB7F3B046D138812D4D5
:100F300088A81C26128A8422A14828128A026E0CD4
:100F40008812D4908C4612211F056F0E8812D4A2ED
:100F50008924428E12918C047011C892D3908C46D1
:100F60001221C7924432126B06710EC892D39A288E
:100F700015394A442B621D720C8812D49090461287
:100F8000B15E01730D8812D4B108E9763151620166
:100F9000740DB812D4122B1AC57A925100750B88B1
:100FA00012D410F251225A11760E8812D410122542
:100FB000226D44AA580677108812D41072915024DA
:100FC00014C96122920078108812D4104A4432AABF
:100FD000584A134984027911C892D310F251225A07
:100FE000111325221909007A098714D4B80AF57A51
:100FF0007B0CD812D4A48975A38B75277C07D218D3
:10100000D4F8507D0DD812D4A08B75A78975230212
:101010007E0B3852D5195124A40900A0060010D621
:1010200000A109D218D4201D0E06A212C712D49313
:101030000A4922E25431221211A52200A314C91236
:10104000D4238A6422995C6A95AB162311496902FC
:10105000A4139930D4884F2692934C2413C9441773
:10106000C97A00A510B812D4080F252219CD28344A
:101070008AB501A609D218D4388C0F03A718D81244
:10108000D4A28924329198269289642219592493F2
:1010900088642400A8082674D5109104A919B812F0
:1010A000D4A28924C20945128A4882925044421926
:1010B0004A44321200AA119892D42A05C59283900C
:1010C00028A9C4218700AB19B910D40D0525328990
:1010D0004C2293C82452895422954825D25000AC02
:1010E000084892D478102BAD0616D4D430AE19B877
:1010F00012D4A28924C20945128A4828922449445C
:10110000329488642400AF0718B2D53804B00C6656
:10111000F4D492514424094D04B10D7852D413CB28
:101120000E31B11C7808B20A75D4D499A889B415C7
:10113000B30D75D4D499A8898414C90400B40834B3
:1011400056D5922801B50DA7B2D390F1563944A6D1
:10115000AA00B618D812D4391C2C2F128A4C22930C
:10116000C82432894C2293C82402B70733B8D43834
:1011700008B80A4594D31252241300B90974D4D480
:10118000918C7421BA0E9792D49A49D4D8246A7358
:10119000D001BB1AB912D40845255289542295486A
:1011A0002532894C2293C824C2501400BC15C83281
:1011B000D409CBA3916064144E8A85442949F41460
:1011C00000BD15C832D409CBA3916064144E91457B
:1011D0004291A8341C26BE16C832D49843A2C258E5
:1011E00028320A27C542A294A4723C02BF10D8122A
:1011F000D413CBE162558D8C12918C04C011F8127E
:10120000D491ABC3A5349144C878287214C111F8A5
:1012100012D4D50E97D2441221E3A1C85100C213B3
:10122000F812D493D24472A894269208190F458ECE
:1012300002C314F812D412854C2139584A13498438
:101240008C87224701C412F812D41169874A692297
:101250002D42C64391A300C5130813D4A289B4D16B
:10126000C1529A4822643C14390AC611D812D42BB0
:10127000D124328948A7C348FF8900C7141893D3E3
:10128000A2892442B27E94886454B94C229C01C83D
:1012900010F812D491AB030F63CD26B1E64300C919
:1012A00010F812D494AA430F63CD26B1E64300CAC6
:1012B00011F812D493D24472D061ACD924D67C08F0
:1012C000CB10F812D41169473B8C359BC49A0F019F
:1012D000CC0CF614D491AA9B84FA9301CD0CF6148D
:1012E000D4D30E3209F52703CE0DF614D49251440F
:1012F0006293507F32CF0DF614D41091C426A1FE14
:10130000C900D01AD910D4B1290925428950223CEC
:10131000498412A14428114A64221300D116F812FC
:10132000D412854C21394C58339928128A84E456BA
:10133000240AD212F812D492AB43692289901F2555
:1013400022190900D312F812D494AAC369228990F1
:101350001F2522190900D413F812D493D244722005
:101360004D2411F2A344242301D514F812D412857C
:101370004C213994269208F95122929100D612F804
:1013800012D4116907D24412217F9488642400D7B3
:101390000E8712D488CE246AC399446D1AD81AF8DD
:1013A000F2D30F9554644D11528414A18428214A1C
:1013B000A82611894A7100D90FF812D492ABC384C0
:1013C000FCA344242301DA0FF812D494AA4385FC29
:1013D000A344242301DB11F812D493D244729090D9
:1013E0007F9488642400DC0FF812D411690709F98E
:1013F0008F12918C04DD12F812D494AA438544898B
:10140000481B912AD60D00DE0FD714D490AA5A6437
:10141000BC1D22525500DF1BD812D41B4A4432890E
:101420004C22924C641299484D2293C824221511E3
:1014300000E011C812D492AB032D42B1E4206494B1
:101440005402E111C812D494AA832D42B1E420645D
:10145000945402E213C812D493D244729845289649
:101460001C848C924A00E314C812D412854C213992
:10147000D022144B0E4246492500E411B812D41173
:101480006987598462C941C828A904E513D812D4D0
:10149000A289B4D18116A1587210324A2A01E614E9
:1014A0008812D499484212994446A2496412514480
:1014B0003201E711C892D32AC9C8DA65A2A25C2614
:1014C00011CE00E812C812D491AB83692289F05082
:1014D00096CB441500E911C812D4D50EA68924C2B2
:1014E00043592E135500EA13C812D493D2447220E4
:1014F0004D24111ECA7299A802EB12B812D41169B8
:1015000007D24412E1A12C97892A00EC0CC812D40E
:1015100091AB43C9FA7608ED0CC812D494AA83C9DA
:10152000FA7608EE0EC812D493D244721859DF0E20
:1015300001EF0CB812D411698791F5ED10F016D8AF
:1015400012D488C524C2E950228B094BA222A3449D
:10155000242301F111C812D412854C21394C321ABE
:1015600049847C14F211C812D491AB83692289900A
:10157000A344242301F310C812D4D50EA689244213
:101580008E12918C04F413C812D493D24472204D5D
:101590002411729488642400F514C812D412854C66
:1015A000213994269208394A44321200F611B812B1
:1015B000D4116907D24412214789484602F70EA880
:1015C00032D413CB510F0739AA5806F814A8F2D316
:1015D0000F95544411528412A284242251290EF9E9
:1015E0000EC812D492ABC3847C94885604FA0DC8FA
:1015F00012D4D50E14F251225A11FB10C812D493F2
:10160000D2447290908F12D18A00FC0EB812D4117D
:10161000690709F92811AD08FD130893D394AA436B
:10162000857C948856C44489484602FE101795D399
:1016300090EAB5A422E3242949B502FF13F892D316
:1016400011690709F92811AD888912918C040000ED
:101650000004FFFF00000000BF00020203030204B9
:1016600004040600FF05FF05FF00E901D3058E20F5
:101670000580CD002106E9C8AC00220693CB2415D5
:10168000230AACC8A434541A2A012409B3C7A5A15B
:10169000474A002508ABC864D446012609ACC8C532
:1016A00014AB98022705D1CB082807F2C7A966001A
:1016B0002908B2C7C45429002A07ABC8A46A352B2D
:1016C00008ABC8C5B462022C0692C729002D058B51
:1016D000CA0C2E05C9C8042F07ABC85665043008CC
:1016E000ABC8554355003107ABC825590D3207AB80
:1016F000C835531A3308ABC8CC9417003408ABC8AC
:10170000243562013508ABC88CA817003607ABC872
:101710004DD5023708ABC8CC5446003807ABC8AD2E
:10172000D6023907ABC8B5E4023A06E1C8C4003BAB
:1017300007AAC765A8003C07ABC8A6BA003D069B30
:10174000C9EC013E07ABC8E4AA043F08ABC8E89463
:1017500061024006ABC82D5B4108ABC85543A900E8
:101760004208ABC8A8B4D2024308ABC855325500F2
:101770004408ABC8A8642D004508ABC88CA8E2009B
:101780004608ABC88CA862044708ABC8CDA4920039
:101790004808ABC82435940A4907ABC8AC580D4A71
:1017A00007ABC896AA024B08ABC824B5920A4C07EF
:1017B000ABC8C4E6004D08ABC8A431940A4E08ABD0
:1017C000C8AAA124004F07ABC85556055008ABC89E
:1017D000A8B462045107B3C755561D5208ABC8A838
:1017E000B4920A5307ABC8EDBC005407ABC8ACD8E1
:1017F000025507ABC824D7085608ABC8246BA4040D
:101800005708ABC82435860A5808ABC824D55201FE
:101810005908ABC8245556005A07ABC8CC540E5BC8
:1018200006EAC8AC4A5C07ABC8C45C065D06AAC839
:10183000A86A5E0593CB355F058BC70C6006D2CBDB
:10184000C4006107A3C82D95046208ABC84495D4B1
:10185000026306A3C8CD2C6408ABC8A6A592006598
:1018600006A3C855536608ABC8A6B462026708ABA6
:10187000C7AD2417006808ABC84495AC006908AB35
:10188000C86524D3006A08B3C766582E006B08AB3E
:10189000C8C4B4920A6C07ABC8C8D6006D08A3C808
:1018A000A4A154006E07A3C8A864056F07A3C85578
:1018B000AA027008ABC7A8B462047108ABC72D9523
:1018C00064007208A3C8A41523007307A3C88DBCC5
:1018D000007408ABC8A51573007507A3C8242B09AD
:1018E0007607A3C824AB027708A3C8243554007830
:1018F00007A3C8A432157908ABC72495E4027A0778
:10190000A3C8CC94067B08B3C7A624EB007C06E9E9
:10191000C80C017D09B3C7E4A8628A007E0794CB96
:10192000259500A00580CD00A106E9C8A401A20864
:10193000ABC8A5115702A307ABC8A6A81AA408A450
:10194000C8C424550CA508ABC8A46AC504A606E9FA
:10195000C82801A708B3C78D54C905A8068BCCA415
:1019600000A909B4C7A9B8964C0AAA07ABC8ADA488
:1019700007AB089CC925155300AC0693C9CC00AD34
:10198000058BCA0CAE08A4C9A9B19202AF058BCCD5
:101990000CB0069BCA7501B108ABC8A595D100B2C1
:1019A00006A2C92803B307AAC828A900B406D2CB47
:1019B0002900B508ABC7246B4500B607ACC80DB508
:1019C0007AB705C9CA04B806D2C82900B906A2C99F
:1019D000AD02BA07ABC875A301BB089CC9A4985453
:1019E00002BC08B4C7E41A553BBD08B4C7E44AC7F3
:1019F0002CBE09B4C7E89851B203BF08ABC86598BC
:101A0000B200C008ABC8E494860AC108ABC8A66A95
:101A1000A800C208ABC8C894860AC308ABC88D9496
:101A2000860AC408ABC8A4D65001C508ABC8C59483
:101A3000860AC609ACC88D9486AA04C708B3C755E0
:101A4000323501C808ABC8C4A1E200C907ABC88ED3
:101A50001507CA08ABC88D91E200CB08ABC8A4B18A
:101A6000E200CC08ABC8C415D300CD08ABC88E14B7
:101A7000D300CE08ABC8A515D300CF07ABC8A4B21E
:101A80001AD009ACC8CCB4AA9100D108ACC825952D
:101A9000AE0AD208ABC8E4945405D308ABC8A64A32
:101AA0005500D408ABC8C5945405D508ACC88DD52D
:101AB0001901D608ABC8A496AA00D7069BC9A40EE4
:101AC000D807ABC81D6A01D908ABC8E494D408DABA
:101AD00008ABC8A64A8D00DB08ABC86594D408DC07
:101AE00008ABC8A49CD408DD08ABC8E6542600DEC9
:101AF00008ABC844955604DF08B3C7552B0D09E061
:101B000008ABC8E4B89200E108ABC8A6B89200E2FE
:101B100008ABC869B49200E309ACC8251555A90003
:101B2000E408ABC8A48C5612E508ABC865B89200AF
:101B3000E608A4C88DB4E200E708ABC7555A2500F3
:101B4000E808ABC8E494A600E907ABC8A66A0AEAAD
:101B500008ABC8C894A600EB07ABC8A4D614EC0722
:101B6000ABC8E4580DED06ABC8CE6AEE07ABC8753E
:101B7000A601EF08ABC8A42CD300F008ABC8A47230
:101B80005500F109ACC82595646A01F208ABC8E4B8
:101B9000985A00F308ABC8A6985A00F408ABC86579
:101BA000985A00F507ABC86CD405F608ABC8A48CEE
:101BB000BA00F708ABC865B45102F807A3C82DB541
:101BC00000F908ABC8E4945412FA08ABC8A64A2539
:101BD00001FB08ABC865945412FC08ABC8A49C5424
:101BE00012FD08B3C7A66AC405FE09B3C7C4A8D2CC
:101BF0008A00FF09B3C7A49C465C0000000004FFF4
:101C0000FF000000BF0002020303030404050700F5
:101C1000FF06FF0600010A0216062F200500BD017F
:101C20002106B1B1192922075BB7495600230A2DB5
:101C3000B1AB86AA86AA0024092DB15BF54E6901D5
:101C4000250834B1C9B1770026092CB18B2956314A
:101C500005270599B719280772B153CD00290872D5
:101C6000B189A952002A076BB149D56A2B0A2DB157
:101C7000CD280E9951042C075BAF5325002D060C7F
:101C8000B519012E0652B119012F0724B38F6D002B
:101C9000300873B1AB5C1500310773B14BB235320C
:101CA0000934B15331C77204330A34B11939692484
:101CB0009302340A34B18DAA1A312700350A34B19F
:101CC000197A23991400360A34B1537945991400CE
:101CD000370A34B11939E6982300380A34B1533140
:101CE000A9289302390A34B15351A69D14003A072A
:101CF0006AB11971043B0833AFB3912A013C076BF9
:101D0000B14D75013D081CB319198D003E076BB12B
:101D1000C955093F0973B16BA60C1300400934B1D2
:101D20005351DD4801410934B153518E2903420A10
:101D300034B15971A4284702430934B1535197492A
:101D400001440934B159D1391200450934B1197A25
:101D5000E53C02460834B1197AE51A470934B15313
:101D600051A79906480834B189724C33490773B1B9
:101D700059B1354A0834B16FCBA4004B0A34B1894C
:101D80002A4999CA004C0734B1C9DD234D0934B141
:101D900089E38866004E0834B1896BA9334F093452
:101DA000B153D1991400500A34B159518E94330073
:101DB000510A3CAF53D15C49A300520934B1595187
:101DC0008ED40C530A34B15331655426055407732D
:101DD000B159B10B550834B1899E4901560934B146
:101DE00089CE241500570934B189E6386200580AB3
:101DF00034B1893249156500590873B14956590102
:101E00005A0934B11939B647005B0773B119B139B2
:101E10005C0924B3C928A38C025D0773B199CD1165
:101E20005E0553B96B5F060CB11901600652B989A2
:101E300001610824B11B51A902620A34B1C9794574
:101E4000391200630623B19B59640834B1AF46943C
:101E500069650824B153696405660934B1ADCA994E
:101E6000230067092CAF1B31A98C06680834B1C95F
:101E7000794533690873B1CB4856036A097BAFCD06
:101E8000B05415006B0934B1C95592A90C6C077395
:101E9000B1915D036D0824B1496948196E0724B1F9
:101EA00059D10C6F0824B15351260570092CAF5934
:101EB000518E940171082CAF1B51A61D720824B1DC
:101EC00059516700730824B11B1A0D05740934B108
:101ED000CB71E68C04750724B189661A760763B165
:101EE000495605770724B189721C780824B18949BD
:101EF000AA1879092CAF89329525007A0824B119DE
:101F0000B11C017B0873B14D49D6017C05B1B139D3
:101F10007D0973B1C951C514017E0714B94B2A015B
:101F2000A00500BD01A106B1B14923A20934AF8DBE
:101F300023356702A3082CB155715602A40A2DB1AE
:101F4000C969A6B87200A50973B149AA5A3101A698
:101F500006A9B15102A7087BAF9BAA920BA8064B1A
:101F6000BB4901A90B3DAF5B59A5A9924E0BAA062F
:101F70001BB75B49AB071DB38BB201AC0614B31999
:101F800039AD054BB519AE0B3DAF5B79A439755A28
:101F900000AF060CBB1901B0065BB7EB02B10B3505
:101FA000B1CD280E99511C02B20662B55106B30696
:101FB00062B51969B40652B95300B5082CAF89E669
:101FC0004819B60834B11B6AF503B70652B51901B2
:101FD000B80652AF5300B90763B54B320DBA061BB2
:101FE000B7EB02BB081DB389A54C00BC093CAFC9C7
:101FF000CDA87600BD093CAFC92D1DB300BE0A3C7B
:10200000AF913AAAA87600BF0973B1CB30C554018D
:10201000C00934B153518E2903C10934B153518ED3
:102020002903C20934B153518E2903C30934B15372
:10203000518E2903C40A34B18949C5316500C509E7
:1020400034B1932A8E2903C60934B11BA91AAA25D3
:10205000C70A3CAF535197494600C80934B1197AB1
:10206000E53C02C90934B1197AE53C02CA0934B128
:10207000197AE53C02CB0934B1197AE53C02CC0768
:1020800073B159B135CD0773B159B135CE0773B1BD
:1020900059B135CF0773B159B135D00934B1996908
:1020A000758D04D10834B14973A933D20934B153C1
:1020B000D1991400D30934B153D1991400D40934FF
:1020C000B153D1991400D50934B153D1991400D624
:1020D0000A34B1894945332900D70824B18949AA6E
:1020E00018D80934B11BE9484702D90834B1899E90
:1020F0004901DA0834B1899E4901DB0834B1899E6F
:102100004901DC0A34B1891945332900DD0873B16E
:1021100049565901DE0A34B1C92B8E943300DF09C8
:1021200034B15351955602E00A34B1CB288EA854ED
:1021300001E10934B1AD4754AA00E20934B1ADD28E
:10214000884A15E30A34B14B2A8EA85401E40934B5
:10215000B1ABE1884A15E50934B1937244A50AE6AA
:102160000824B11B69C501E7086BAF9B592500E83E
:102170000A34B1CB28AA34B202E90934B1AD551AF8
:102180005901EA0A34B18B29AA34B202EB0A34B1FC
:102190004919AB34B202EC0873B1C9495603ED07D3
:1021A00073B12B6535EE0773B1AB6635EF0873B1CC
:1021B00049595603F00A34B1CBC88A322900F109D3
:1021C00034B14B2AAD6806F20A34B1CB28AA289361
:1021D00002F30934B1AD55944901F40A34B1D3582E
:1021E00045991400F50A34B14B2AAA289302F60A3D
:1021F00034B1ABA18A322900F7092CB1D37064A89D
:1022000000F80924B11B69A49100F90934B1CBA8E5
:1022100034D300FA0734B16D9A69FB0834B1D33076
:102220009A69FC0934B1AB5134D300FD093CAF6D60
:10223000CA549600FE0A34AFC92BCA913200FF0A75
:102240003CAFAB5194A92C0100000004FFFF00003B
:10225000BF0002020304030404050800FF06FF0692
:1022600000011A023106962005007E032107316322
:1022700033520022079B6E93AC00230D3D6257A69C
:1022800034543554991200240A3D629B57BD53DAE9
:10229000112508AB6613536700260A3C621753B337
:1022A0006AA6002705196F332807B262A79A012989
:1022B00008B2621353A5002A0A2C6213931A49C567
:1022C000002B0A2D629B511C32A3082C079B5EA792
:1022D0004A002D060C6A33022E079B5E9756022F8A
:1022E0000834625FB633003008B36257B92A003150
:1022F00007B36297646B320A3462A7624E2A8F007A
:10230000330A34623362D4482605340A34621B55DA
:1023100035624E00350A346233F446322900360AFB
:102320003462A7F28A322900370A34623372CC3120
:102330004700380A3462A76252512605390A3462CE
:10234000A7A24C3B29003A07AA6233E2083B08B334
:102350005E672355023C07B3629BCA5C3D081C665E
:1023600033321A013E08B36293CB54023F09B36281
:10237000D74C192600400C455E2BA35C49255943D8
:102380000541093462A7A21C5306420A3462B3E233
:1023900048518E0443093462A7A22E9302440934A3
:1023A00062B3A27324004509346233F4CA79044647
:1023B00009346233F4CA3500470A3462A7A24E33A7
:1023C00029004809346213E59866004907B362B3EF
:1023D000626B4A09346237735546004B0934621305
:1023E0005592A9334C08346293BB47004D093462BF
:1023F00013C711CD004E09346213D75867004F0937
:102400003462A7A2332900500A3462B3A21C2967A0
:102410000051093C5EA7A25C6E14520A3462B3A25A
:102420001C29CA00530A3462A762CAA84C0A54087D
:10243000B362B362170055083462133D9302560924
:102440003462139D492A005709346213CD71C400C8
:10245000580A34621365922ACA00590B3562937583
:10246000AA33CA28025A09346233726C8F005B07A0
:10247000B3623362735C0A34629333CA28A31C5D6F
:1024800007B362339B235E069372D7005F060C5E30
:1024900033026006927213036108246237A24C0370
:1024A000620A346293F38A7224006307A36237B32B
:1024B00000640934625F8D28D30065082462A7D2C6
:1024C000C80A660934625B9533470067092C5EA72A
:1024D00062DA49016809346293F38A66006908B3D5
:1024E000629791AC066A09BB5E9B61A92A006B09E1
:1024F000346293CB91A20C6C07B36223BB066D09C7
:102500002562A35A2AA9026E072462B3A2196F0892
:102510002462A7A24C0A70092C5EB3E24839037109
:10252000082C5E3762DA057208246293929D01736B
:1025300007A36237F202740A346297E3CC292600BB
:102540007507246213CD347607A36293AC0A77092A
:1025500025629355525D00780824621393543179B3
:102560000A2C5E13651A3129007A08246233623915
:10257000027B0B3C62AB324A1AC58C047C0531638A
:10258000737D0C3C62A351CC48659424007E0714F3
:1025900072975402A005007E03A1073163934600A1
:1025A000A209345E1B476ACE04A30A34625B8D988D
:1025B000934A00A40A2D6293D34C71E500A50B3514
:1025C00062935335641C3202A6063963B306A70A28
:1025D0003C6237F28A698F04A8068B769302A90AB7
:1025E0003562B7AA3955B500AA07AB6AB7921EABD8
:1025F000081C6697544C01AC069B62330BAD058BEF
:102600006A33AE093562F7A1965A00AF058B76336F
:10261000B0069B6ED705B108AB6297564603B2076A
:10262000AB6AD74C69B307AB6AA32F00B4069272AA
:10263000A700B5092C5E13CD913200B60C35623778
:10264000461A29A998620AB705096B13B806925E63
:10265000A700B907AB6A976435BA07AB6AD78D068E
:10266000BB081C6693625209BC0A3C62935B518DA5
:102670009800BD0A3C6293ABA4728C03BE0C3C6212
:102680009351CC4855232600BF09B36297618AA9AC
:1026900002C00A3C62975154714C19C1093C625BFB
:1026A000AB38A60CC20A3C62A76252714C19C30A2D
:1026B0003C62975454714C19C40A3C6213335471F0
:1026C0004C19C50A3C62A76252714C19C6093462A2
:1026D00037526BA84AC70A3C5EA7A22E938C00C84B
:1026E0000A3C6297511A7AE511C9093C625B0EBD3A
:1026F000F208CA0A3C62A7E2D82B8F00CB0A3C62E0
:1027000013331A7AE511CC09BB6293D38AD500CD75
:1027100009BB629BD28AD500CE09BB62578D14AB30
:1027200001CF09BB6293F28AD500D00B356237E343
:1027300048658A6901D10A3C629754B9D49401D2A0
:102740000A3C62975154D14C0AD3093C625BAB6896
:102750002605D40A3C62A76252D14C0AD50A3C62D3
:10276000975454D14C0AD60A3C62133354D14C0AC4
:10277000D7069B62933AD809346237D2918E04D936
:10278000093C629751E94C0ADA083C62DB74260581
:10279000DB093C62A7A2675200DC0A3C6213338A61
:1027A000CEA400DD0B3D625FE65467945104DE0A5F
:1027B0003462935794236500DF093462A7A2EA5478
:1027C00009E00A3C629751C623CA34E1093C625BC6
:1027D0005323CA34E20A3C625B6538A24C03E30A25
:1027E0003C629754C623CA34E409346257C3116566
:1027F0001AE50A3C62A7629223CA34E609256233CD
:10280000A2324700E708AB5E37B34A00E80B3C62F0
:102810009751C62A8DAC00E90A3C625B532A8DAC05
:1028200000EA0B3C62A762862A8DAC00EB0A346298
:10283000574395465600EC09BB62933392D500EDA1
:1028400009BB629B3292D500EE08BB62D796D500D9
:10285000EF08B36293B2AC06F00C3C629362955100
:102860001A312900F10A3C629754862B9A01F20B27
:102870003C629751C62ACAA400F30A3C625B532A01
:10288000CAA400F40B3C62A762862ACAA400F50B16
:102890003C629754C62ACAA400F60A346213335421
:1028A000512605F708AB6297D14609F8092462372B
:1028B000D2482301F90A3C62975186D14C03FA09A8
:1028C0003C625BE368A601FB0A3C62A76246D14C0E
:1028D00003FC09346213338A661AFD0B445E5BE322
:1028E00028D3884901FE0A3C5E93F38A23E50CFF56
:1028F0000C3C5E13338A328D98140000000004FFF4
:10290000FF000000BF0002020304030504060A00E2
:10291000FE07FE07000142029207B320050062078E
:102920002107394367A80022079B52275901230D2D
:102930003D42AF4C69A86AA8322500240B3D4237BE
:10294000AF7AA7B42300250B3D422FAAEEAA251388
:1029500000260C3D422FA798729564540127051953
:1029600053672808BB42379575012908BB42279752
:1029700055092A0A2D4627A76AA876002B0A2D4654
:1029800037A3386446112C079B3E4F95002D060D4A
:102990004E67082E079B3E2FAD042F0B3D421F654F
:1029A00094BB514600300A3D4237A7DA4E750431D8
:1029B0000C3D4237CB94514619C521320C3D426F34
:1029C000E58CA2CC190D01330C3D42676894B386A7
:1029D0003A2D00340C3D423FCB54A6A1334A00357A
:1029E0000B3D42E746C9CC48A705360B3D4257E6AA
:1029F0008C92A9D302370C3D4267689433CA35CA1A
:102A000000380B3D426F659D56D66901390C3D4239
:102A10006F65A95446394A003A0ABB3E2FAD0CD324
:102A20004A003B09BB3E2FAD0C55093C0ABC423F56
:102A3000B6514619053D081D4A676838043E0BBC6F
:102A40004227A38C328A6D003F0A3D426FE536CAA9
:102A50007404400B3D426F65B99295E102410B3D14
:102A60004237A75A8F917500420C3D4267C42AA68F
:102A700059C5A100430C3D426F658D32CA28A70598
:102A8000440D3D4267C42AA698628A4301450C3D25
:102A900042E746198D94514643460D3D42E746199B
:102AA0008D9451461901470C3D426F658D328A3B2A
:102AB0002D0048093D4227DB63643B4908BB426760
:102AC000C5AE014A0C3D4277679451466594004B70
:102AD0000B3D4227CB54EA14AB1C4C0E3D4227A3BE
:102AE0008C32CA28A38C86004D0A3D4227EBB59252
:102AF000B6034E0A3D4227EBA992DC3A4F093D420C
:102B00006F65EFB400500D3D4267A4AC87CA28A39F
:102B10008C00510A453E6F65AF6AC300520B3D42BF
:102B200067A4AC872AAB1C530B3D426F650D37D4AD
:102B30006901540E3D4267C88C32CA28A38C22001A
:102B400055083D4227FB4E0B560B3D4227DBA94C57
:102B500031E508570A3D4227BB924A7700580A3DA3
:102B60004227EB5457B50E590C3D4227EB5467945E
:102B70005146115A0A3D42676894BBD1105B08BBAD
:102B80004267C4CE015C0D3D4227A30C33CC30C359
:102B90008C025D08BB4267768E005E071D5237A728
:102BA0003A5F060D3E67086006125B2706610A2D34
:102BB000426FC334741A01620C3D4227A38C92A960
:102BC000A75200630A2D426F658D725A00640B3D57
:102BD000421F6594CC2D950A650A2D426FE531326E
:102BE0005C00660C3D42575679C48C32CA00670CB3
:102BF0003D3A6F689D46463A2D00680B3D4227A33B
:102C00008C92A9ED006908BB422F23D91A6A0BCC1C
:102C10003A3F635D4B9914006B0C3D4227A38CB285
:102C20004CB3CA016C07BB4247F61A6D0A2D4247E6
:102C3000B5545249076E082D422799DA0E6F092DB7
:102C4000426F653B2D00700C3D3A27997A2A9551C9
:102C50004600710B3D3ACFDC52A98C320A720B2D23
:102C60004227991A65941100730A2D426F65B8E1E5
:102C70005000740D3D422FA33C624619C5A8007553
:102C8000082D42273B950A760A2D4227EB54A61CB5
:102C90000177092D42275B49750178092D4227A745
:102CA000BAAA03790B3D3A279B4A65A4D3027A0856
:102CB0002D4267E8F6107B0BBC42576594348A19A5
:102CC000097C063943E7087D0CBC4247A39891CAAA
:102CD0002849007E091D522FAA241300A005006276
:102CE00007A1073943270D01A20C3D3E370F1553AD
:102CF0004C79C408A30B3D4257567967149502A43A
:102D00000A2D4227A799E2CA01A50D453E27EB549B
:102D1000C72133CA2802A6063943670DA70B453ED3
:102D20006F65343B374A0BA8068B5E2705A90C3D1F
:102D3000426F6595A64A3A2D00AA0AB4466F44A58B
:102D40006A3402AB0B2E42B78A29E6986300AC07BF
:102D5000944A67E400AD068C4E6704AE0B3D426FAB
:102D6000E591E6D46901AF060D5E6708B0069B5297
:102D7000AF0BB10B354237A33864467108B208ACCB
:102D80004E4FC5E608B30AAC4E67A3A4D14800B4C1
:102D900006125B4F01B50A353E27DB53A98C00B6FE
:102DA0000E3D426F8C34525231C5145300B70509A1
:102DB0004F27B806123B4F01B907AB4E2FC96ABA6D
:102DC0000AB4464F4599341C01BB0C2E4227E698A5
:102DD000638A294600BC104E3E2F230D33CC686613
:102DE000A4531C1906BD104E3E2F230D33CC68652D
:102DF00054C38C321ABE0E4D3E47C39C619459A6F3
:102E000034320ABF0A3D4237D319E5D602C00C4519
:102E1000422FC3BCB21E23EB00C10B4542BF5E591B
:102E20008F917500C20C454237A7B8B21E23EB0044
:102E3000C30C45422F2AB9B21E23EB00C40B4542F6
:102E4000AFA656D663641DC50C454237A7B8B21E5F
:102E500023EB00C60B3E4277A4B239466C0EC70D79
:102E60004D3A6F658D32CA28A75D03C80E45422FC3
:102E70008F8D321A29A38C8600C90E45423F8D8D55
:102E8000321A29A38C8600CA0E4542378E8D321A1B
:102E900029A38C8600CB0E4542AF1A1B65345246DF
:102EA000190D01CC09C34227A7155B03CD09C34205
:102EB00037A5155B03CE09C342AF1A29B606CF0961
:102EC000C34227E5155B03D00D3D4267C42A8E54EB
:102ED000A6381400D10B454237754F95E4D601D280
:102EE0000B45422FC3BCB23B2D00D30A4542BF5E07
:102EF000D99D1600D40B454237A7B8B23B2D00D55B
:102F00000A454237355776A705D60A4542AFA65639
:102F100076A705D7092D4227A7BAAA03D80B3D42A9
:102F20006FC52BCD991600D90A45422FC3DA3B2D28
:102F300000DA094542BFCCDE6901DB0B454237A709
:102F40008CB33B2D00DC0A4542AFC6D93B2D00DDDA
:102F50000C4542BFCC3AD519651401DE0E3D42271F
:102F6000A391F2501965941100DF0B3D426F6599F2
:102F7000CA2A2B05E00C45422FC34C6E98864E237F
:102F8000E10B4542BF26374C43A711E20C454237BF
:102F9000A74C6D98864E23E30C454237B5A90DD357
:102FA000D06904E40B3D42AFA6364C43A711E50CB3
:102FB000454237A79C374C43A711E60B2E426F645E
:102FC000548D998700E70B3D3A6F658D72DA3500B5
:102FD000E80C45422FC34CAE3C46860BE90B4542FC
:102FE000BF26571E23C305EA0C454237A74CAD3C0C
:102FF00046860BEB0B3D42AFA6561E23C305EC09DC
:10300000C3422767245B03ED08C342AF86B235EEA7
:1030100008C342AF2D5B03EF08BB422765D91AF006
:103020000B3D424743B9B29D1600F10A454237B500
:103030007132B51DF20B45422FC34CAE6CA705F3A0
:103040000A4542BF2657B6D302F40B454237A74C78
:10305000AD6CA705F50B454237B5A995EDB400F663
:103060000A3D42AFA656B6D302F7092D4637534361
:103070005311F80A2D426FC895E65000F90B4542EE
:103080002FC34C65A75201FA0A4542BFA6B253A905
:1030900000FB0B454237A78CB353A900FC0A3D4205
:1030A000AFC6D9A95400FD0C4D3ABFCCA65219E9C0
:1030B000B400FE0D453A27A391B23D54461901FFD5
:1030C0000D4D3AAFC6D9542A239D160000000004C6
:1030D000FFFF0000BF0002020304030504060C000A
:1030E000FE07FE08FF0139028507A82005006A07D0
:1030F0002107394367A80022079B56275901230B54
:103100003542AF1AAA4C69A80A240D4D3E37AF4A82
:10311000E59D54B5230025093D4247CEDC390526FF
:103120000C3D422FA79872956454012705195767E3
:10313000280ACB3E37C514EB9803290BCB3E27C793
:103140001CAB9822002A0A3D42B7AA765ECD082B16
:103150000A2D4637A3386446112C071B3E4F8D04B9
:103160002D060D4E67082E06924267042F0C3D4235
:103170001FE58C728D7246003009BC424F45CFA4CA
:10318000003108BB422FC9AE01320A3D426FE58CC7
:10319000727B08330C3D42676894B3863A2D003445
:1031A0000C3D423FCB54A6A1334A00350C3D42E7CB
:1031B0004623C38C745A00360C3D4257E68C46CAEF
:1031C0003A2D00370D3D4267689433CA19651401E2
:1031D000380B3D426F659D56D66901390C3D426FF3
:1031E000659D4646394A003A07AA4267C4113B0921
:1031F000333ECF466A24003C07AB4637D5053D0831
:103200001D4A676838043E08AB46275725003F0A29
:103210003D426FE536CA7404400C3D426F6535523D
:103220005223C305410A3D426F653D46B603420C39
:103230003D4267C42AA659C5A100430C3D426F65B3
:103240008D32CA28A705440D3D4267C42AA698625C
:103250008A4301450C3D42E746198D945146434649
:103260000D3D42E746198D9451461901470C3D42E8
:103270006F658D328A3B2D0048093D4227DB636430
:103280003B4908BB4267C5AE014A0C3D4277679493
:1032900051466594004B0B3D4227CB54EA14AB1CBE
:1032A0004C0E3D4227A38C32CA28A38C86004D09C0
:1032B0003D4227AF95B43B4E0A3D4227EBA992DC35
:1032C0003A4F093D426F65EFB400500D3D4267A48F
:1032D000AC87CA28A38C00510A3D426F65579251B2
:1032E00005520B3D4267A4AC872AAB1C530B3D42F1
:1032F0006F650D37D46901540E3D4267C88C32CAE0
:1033000028A38C220055083D4227FB4E0B560A3D50
:103310004227BB5399720457093D42277B25D505A7
:10332000580A3D4227EB5457B50E590C3D4227EB46
:103330005467945146115A0A3D42676894BBD110B4
:103340005B08CB3E67C43E075C0D3D4227C38C3211
:10335000CC30A30C035D08CB3E67F639025E071D37
:103360005637A73A5F060D3A670860069B5627173F
:10337000610A2D426FC334741A01620C3D4227A3C7
:103380008C46CAF65000630A2D426F658D725A0052
:10339000640B3D421F659486B6D308650A2D426FC3
:1033A000E5A1325C00660B3D4257567967945106A1
:1033B000670B3D3A6F653B8D8CD202680B3D42270F
:1033C000A38C46CAEE006908BB422F23D91A6A0AA9
:1033D000CC3A3F63DD9649016B0C3D4227A38CB28A
:1033E0004CB3CA016C07BB4247F61A6D0A2D42471F
:1033F000B5545249156E082D422799DA0E6F092DE2
:10340000426F653B2D00700C3D3A67A46C0F9551DF
:103410004600710B3D3A6F683B8D8C320A720B2D62
:103420004227991A65941100730A2D426F68B8E11A
:103430005000740C3D4237A338644619652875085E
:103440002D42273B950A76092D4227DBA98E00776E
:10345000092D42275B49750178092D4227A7BAAA91
:1034600003790A3D3A27DBA96E23007A082D4267CB
:10347000E8F6107B09CB3E37C52AC73A7C06493FA0
:10348000E7017D0ACB3E27C73AC52A027E091D4ABD
:103490002FAA241300A005006A07A1073943270DAE
:1034A00001A20B3D3E37AF4AC554ED08A30B3D4288
:1034B00057567967149502A4082D4227F54E3DA56D
:1034C0000C3D4227A76AC838644611A606394367EF
:1034D0000DA70CC4426F64A4A24C1A8D04A8068BDD
:1034E0005E2705A90F3E426FA48C645251268DD2EF
:1034F0004800AA07AB526F253DAB092D4237F54E68
:103500003905AC091D466768945100AD058B4E67BF
:10351000AE0E3E426FA48C5C51458DD24800AF0682
:103520000D5E6708B009A4564F45991400B10C3DD3
:103530004237A3386446991A02B208AB56AF99D203
:1035400000B308AB5647A7BC00B4079B563795009D
:10355000B50B3D3A273B87D2282300B60F45426F73
:103560008C34D24849C514534C01B706124F670436
:10357000B806933A7701B907AB562FC96ABA07ABB9
:1035800056AF1B0DBB0A2D4227E594534F00BC10CC
:1035900055422F6B945146B54C71E48C1200BD0E10
:1035A00055422F6B94514675CA28D768BE0F5542B5
:1035B00047C39C615459A638724609BF0A3D423739
:1035C000D319E5D602C00D55422FC34CAEACC7C8C7
:1035D0007600C10B5542BF2657D663643BC20D55DA
:1035E0004237A74CADACC7C87600C30C5542CF4D8F
:1035F000ADACC7C87600C40B4D42AFA656D66364C7
:103600003BC50C554237A79C57D663643BC60C3D5F
:10361000426FA898E248658A69C70E4D3A6F658D7A
:1036200032CA28A78DA204C81055422FC34C8D8DD5
:10363000321A29A38C8600C90E5542BFA6C6461968
:103640008D94514643CA0F554237A78CC746198DF2
:1036500094514643CB0E4D42AFC663A38C46CA2855
:10366000A321CC0AD3422767B462D700CD0AD34244
:103670003765B462D700CE09D342AFBD62D700CF61
:1036800009CB4227E515BB06D00C3D426F5671A40D
:1036900032C5B400D10C5542CF8DB39E2AC9AD03BB
:1036A000D20C55422FC34CAEEC9D1600D30A5542A6
:1036B000BF2657F64E0BD40C554237A74CADEC9DA8
:1036C0001600D50B5542CF4DADEC9D1600D60A4DD8
:1036D00042AFA656F64E0BD7092D4627A7BAAA0326
:1036E000D80F4D3E1FA515575249A599564600D9EA
:1036F0000B55422FC34C65DF6901DA0A5542BFA65C
:10370000B2EFB400DB0B554237A78CB3EFB400DC4B
:103710000A4D42AFC6D9775A00DD0E5542BFA6B258
:103720004E754619651401DE0ABC4227AF688E94B7
:1037300001DF0B3D426F6599CA2A2B05E00C45421B
:103740002FC34C6E98864E23E10B4542BF26374C63
:1037500043A711E20C454237A74C6D98864E23E3F0
:103760000B4542CF4D6D98864E23E40B3D42AFA6EC
:10377000364C43A711E50C454237A79C374C43A76D
:1037800011E6092D426FA7B4EA11E70C3D3A6F65C7
:103790008D72DA284A00E80C45422FC34CAE3C54E7
:1037A000860BE90B4542BF26571E2AC305EA0C4586
:1037B0004237A74CAD3C54860BEB0B3D42AFA656AF
:1037C0001E2AC305EC09C3422767245B03ED09C326
:1037D000423765245B03EE08C342AF2D5B03EF085D
:1037E000BB422765D91AF00C4D42AFAE324C43DBD9
:1037F0006901F10A4542CF8D93A9ED00F20B4542D4
:103800002FC34CAE6CA705F30A4542BF2657B6D36B
:1038100002F40B454237A74CAD6CA705F50A4542AB
:10382000CF4DAD6CA705F60A3D42AFA656B6D30202
:10383000F7092D463753435311F80A2D426FC895A7
:10384000E65000F90B45422FC34C65775A00FA0A3F
:103850004542BFA6B23B2D00FB0B454237A78CB3B8
:103860003B2D00FC0A3D42AFC6D99D1600FD0B550D
:103870003ABFA6B29DEA3602FE0E4D3A27A38C4609
:10388000CAF650196504FF0B4D3AAFC6D94E751BE9
:103890000100000004FFFF0000000000BF00030261
:1038A0000304030504050D00FE09FE0AFF015F0283
:1038B000C408542005006E0721074943C721092287
:1038C000079B5A476209230E3D464F294906A532F8
:1038D00028A52401240F4D4257362851926D499452
:1038E0000C5A04250D4D424FA474CC8A498B940088
:1038F000260E45424F9644495689A2295202270670
:10390000195BC700280BDB3E57122551B7280B293E
:103910000CDB3E47166551972889002A0A2D52571D
:10392000A5B23445002B0A2D4A57180D5218012C08
:10393000079B3E8F52022D060D52C7202E089B3E3C
:103940004FB224002F0B4D42672DCC8A59180230FC
:103950000B4D425796D4BC25B508310B4D42572626
:1039600025614F8300320B4D42CF926961D67110B1
:10397000330C4D42C72066B535D49205340F4D4205
:103980005F984949949492410B1300350C4D42C7FE
:10399000B1620A432D5900360D4D42CF9289E19014
:1039A00064B66401370C4D42C72066611666610D2E
:1039B000380D4D42CF92D99225B3250B00390D4DCC
:1039C00042CF92D992210CB564013A0BC33E4FB25B
:1039D000E448B224003B0AC33E4FB2E48852023CA2
:1039E000084D4267D6B5033D09254AC7A063830049
:1039F0003E094D4247DAAD23003F0C4D42CF92695C
:103A00006156CCA108400D4D42CF92999644492C65
:103A1000E910410C4D425796D46CC390D902421024
:103A20004D42C71055A2244AA64A94448302430B30
:103A30004D42CF9289BD250B0044124D42C710550F
:103A4000A2244AA2244AA2241A1400450B4D42C7BC
:103A5000B13824617110460B4D42C7B1382461233F
:103A600000470C4D42CF92894D9B962C00480B4D40
:103A70004247E6360C995B004908CB42C712F56510
:103A80004A0B4D42D716F6124512004B0D4D4247D8
:103A9000664A4A5A1255322D4C094D4247D88F83F7
:103AA000004D0D4D4247A62D4BA2249A5B004E0DB2
:103AB0004D4247364D4AA224D24D0B4F0A4D42CFBC
:103AC00092F92D5900500C4D42C79064B641091B24
:103AD00001510A553ECF92F9A5B206520D4D42C78B
:103AE0009064B6412955322D530C4D42CF9289E94D
:103AF0001A6AC90254094D42C72085FD0455094D73
:103B00004247E66FC902560D4D4247E69694922809
:103B1000C9C208570D4D4247E62551122551BA003A
:103B2000580E4D4247A625A524AB44494D0B590CD0
:103B30004D4247A625A5240B3B015A0C4D42C720F8
:103B4000666156CCC2415B09DB3EC710F5A7015C3C
:103B50000B4D4247988669310D035D09DB3EC7D4A2
:103B60009F86005E081D5A5796D4025F060D3EC719
:103B700020600612634714610B3542CF9A0C9AA459
:103B80002801620C4D4247581C92CC6D5000630ACC
:103B90003542CF9289B56401640B4D4267CBA0B921
:103BA000254300650C3542CF920D4398250B0066E6
:103BB0000C4D42975409B3210ADB00670C453ACFFC
:103BC00092D99221D49205680A4D4247D862D2DC3C
:103BD000026908C3424F2875196A0B543A5FACB5A5
:103BE0004952A2006B0D4D4247D89494B424AA6464
:103BF000016C08CB4287D42F036D0D354287D2A2CA
:103C0000244AA2245A006E0935424762D2DC026F70
:103C10000A3542CF92B9250B00700C453AC7906423
:103C2000B641098B00710A453ACFA0D992216C7236
:103C30000935424762121B01730C3542CF92256A47
:103C400092250B00740C45424F980D51D814290051
:103C50007509354247E6495102760B354247664BB6
:103C60004A491601770B35424766499444E9027880
:103C70000B35424796D4C22CA905790C453A47E644
:103C8000A428A1962C007A093542C7A0751C047B94
:103C90000B5D3E9F1436A961AB007C064943C70308
:103CA0007D0B5D3E871AB64A6193067E091D5A4F09
:103CB000A4245202A005006E07A108494347320C14
:103CC00001A20E454657B65494288992CA1601A3FC
:103CD0000D4D42975409B32D2C290A00A40C3546EA
:103CE00047964C4994444B16A50F4D4247A625A52F
:103CF0002419A46890C208A6084943C7900C01A7DC
:103D00000ED4428F12894A2425A2942800A8079332
:103D10006247A204A90F4D46CF9229C9215A964461
:103D20004B1600AA0C3D4ACF9A0C5A32A48300AB22
:103D30000B354657D25392255912AC071D4AC7205E
:103D400016AD068B52C700AE0E4D46CF920DC9215F
:103D500019945BB200AF060D62C720B009A4568F5C
:103D600012498902B10B3D4657180D52980F02B205
:103D7000082B564F53920CB3072B564FB705B4067A
:103D800012638F02B50A453A47E66950C410B6126D
:103D90004D42CF30244332244392285112255112F0
:103DA000B7060A538700B806123B8F02B9082B5694
:103DB0004F225506BA0A3D4ACF92D9927910BB0CD0
:103DC00035464792255912253D01BC0C55424F26D8
:103DD000D6E64C4AA231BD0C55424F26D6D62C0908
:103DE000B36CBE0F55424F9664699464512625D139
:103DF00018BF0C4D42570E855931D39205C00E5550
:103E0000424F9A435952D38621D302C10D55425F86
:103E10001DCA929A360C9916C20D55429754CF92EC
:103E20009A360C9916C30E554257D28E64494D1BD3
:103E3000864C0BC40F55424F29C9912CA969C390D8
:103E40006901C50F55425796646196D4B461C8B4F0
:103E500000C6114D424FB244499444893225511253
:103E60002503C70B5D3ACF9289BD255B0DC80D5563
:103E7000424F9A0F633824613808C90C55425F7D60
:103E800018C32109C341CA0D554297541DC6704835
:103E9000C27010CB0E55424F298987311C92301CBD
:103EA00004CC0AD34247162E519701CD0AD342576C
:103EB000122E519701CE0BD4428F128553D6690131
:103EC000CF0AD34247A2644BD465D0114D42C710EC
:103ED00055A2241A92521225D1A000D10D55425755
:103EE000D29C699392489B16D20C55424F9A234B11
:103EF000E62D5900D30B55425F1D59326FC902D4CC
:103F00000B554297545E326FC902D50B554257D2BA
:103F1000BE64DE9205D60C55424F29C997CC5BB2E0
:103F200000D70A2D464796D42AB500D8105D3E67C3
:103F3000B24497444994649A922504D90B55424F50
:103F40009A67BE250B00DA0A55425F3DF32D5900F2
:103F5000DB0B55429754CD7C4B1600DC0B55424F82
:103F6000298933DF9205DD0B55425F3DD3925AD844
:103F700004DE0D4D42473824996D50C22200DF0EF9
:103F80004D428F548992521255328B02E00D4D42B0
:103F90004F9A236B326892A204E10C4D425F1D5987
:103FA0009341931425E20C4D4297545E9341931430
:103FB00025E30D4D4257D2BE268326294A00E40D43
:103FC0004D424F29C9D764D0244509E50D55429784
:103FD00054D2D764D0244509E60B3542CF96244B02
:103FE00029E902E70B453ACF9289B564AB01E80EA7
:103FF0004D424F9A234B360C61962C00E90D4D42F1
:104000005F1D59B26108B36401EA0D4D4297545ED9
:10401000B26108B36401EB0E4D424F29C9976C1889
:10402000C22C5900EC09CB4247164A5D06ED09CB7C
:104030004257124A5D06EE0ACC428F12855AA705F6
:10404000EF0ACB4247A264529701F00D55424F2D23
:1040500053A325734B1600F10B4D4257D29C983455
:10406000B700F20C4D424F9A234BE6962C00F30B0F
:104070004D425F1D5932B76401F40B4D4297545EB7
:1040800032B76401F50B4D4257D2BE646EC902F6D9
:104090000C4D424F29C997CC2D5900F70A3D465780
:1040A000980F7A1801F80E453E67B2444BA224538C
:1040B000B28400F90A4D424F9A679E1425FA0A4DC0
:1040C000425F3DF3A42801FB0B4D429754CD3C29A0
:1040D0004A00FC0B4D424F2989334F8A12FD0D5D7A
:1040E0003A5F3D735294504B1600FE0D553A4758B7
:1040F0003169DAA4286108FF0E5D3A4F2989332718
:104100004509B5640100000004FFFF000000000045
:10411000BF0003020304030504060D00FE09FE09A7
:1041200000017002E408FB200500EE072107C9C367
:10413000C7210922071BDB476209230EBDC64F2991
:104140004906A53228A52401240CBDC6573628D916
:10415000960C5A0425104EC24FA6444914A6612954
:1041600089122D01260D3EC28F16B56951A2454B0D
:1041700000270699DBC700280B4BC3571225512D8A
:10418000CA02290C4BC347166551254A22002A0C46
:104190002ECA4F9449C3A44509002B0AADCA57182B
:1041A0000D5218012C089CBECFA264002D068DD2A2
:1041B000C7202E081BBF4FB224002F0BCDC2672D86
:1041C000CC8A591802300D4EC2971625A1C724CAB1
:1041D0002400310BCDC2572625614F8300320E4E8D
:1041E000C2CF9084621A665A980E03330D4EC2C72E
:1041F000352CCEA9980C0900340F4EC267A8255162
:10420000254BB26418D304350E4EC2C721AD2C5ACB
:104210009A8AC99000360E4EC2D714A6954513C58A
:10422000644800370C4EC2C735AC866998860038A2
:104230000F4EC2CF9084C664484263322400390DC9
:104240004EC2CF90843665498BD1043A0B43BF4FA1
:10425000B2E448B224003B0BC4BE5734E5D8A26494
:10426000003C08CDC267D6B5033D0826CAC71D1D50
:10427000063E09CDC247DAAD23003F0D4EC2CF90B6
:1042800084621A5673300240104EC2CF9084A62129
:104290008994644AE42101410D4EC2971625A1710B
:1042A0001844630042124EC2C72065499664C91083
:1042B00065499664C302430C4EC2CF90846A8FC98D
:1042C000900044124EC2C7206549966449966449DD
:1042D0009664C302450C4EC2C721AD0E515A1D064D
:1042E000460B4EC2C721AD0E51DA0A470D4EC2CF62
:1042F00090846AD3106ACA12480B4EC247E8380C41
:10430000A26300490ACDC2C720857D1A044A0B4E1C
:10431000C2DF98F6924513004B104EC247A82551B4
:104320002513932CAA2561004C094EC247DAAFC36E
:10433000004D0B4EC247380DD1E2D1314E0D4EC269
:1043400047286E4A2425DA680C4F0B4EC2CF908462
:104350007E4C8604500C4EC2C7A084C661495B01E6
:10436000510E56BECF9084BE4452920C7100520E34
:104370004EC2C7A084C661A945B5240C530F4EC2D6
:10438000CF90846A3CC4A9980C09005409CDC2C7D7
:104390002085FD04550A4EC247E88FC99000560C8F
:1043A0004EC247684CA2DE441300570B4EC247E88A
:1043B000C5651AA231580E4EC2472826519B16B524
:1043C000846200590CCDC247A625A5240B3B015A97
:1043D0000B4EC2C7352C8AADC3005B09DCBEC7A03B
:1043E000F5B7215C0BCDC247988669310D035D0995
:1043F000DCBEC790F5B7415E089DDA5796D4025FE0
:10440000060EBEC701600612E34714610C36C2CF28
:104410001027C3A8294B00620D4EC247DAB268A22A
:10442000B8290B00630C36C2CF90846A3119120090
:10443000640B4EC26FCBA28D366509650D36C2CFB7
:104440009084C3A086C99000660D4EC2D79425699A
:104450003864692300670F46BACFA2255934C54393
:1044600012264302680B4EC247DAB268A2630069A3
:104470000AC5C2578E889D06016A0CD5BA678E8818
:104480008D9A962C006B0D4EC247DA9644D116D504
:1044900092306C09CDC28FD84F83006D0DB5C287A5
:1044A000D2A2244AA2245A006E0A36C247B268A297
:1044B00063006F0B36C2CF90848EC99000700C469B
:1044C000BA47B268E2A62C6915710B46BACFA28D25
:1044D0009AB2A40D720A36C247326549DA08730DE2
:1044E00036C2CF908489AC84C99000740C46C24F08
:1044F0001A0E59DA162D00750936C247E84D5902D1
:10450000760BB5C247664B4A491601770BB5C247D1
:1045100066499444E902780C36C247984499A84504
:104520004918790D46BA47E8A62CA9980C09007AD3
:104530000836C2C7B1E3307B0CDDBED71256233537
:104540000BAB037C06C9C3C7037D0DDDBEC71AD6FE
:1045500052290D2B13007E099DDA4FA4245202A08C
:104560000500EE07A108C9C347320C01A20EC5C65B
:1045700057B65494288992CA1601A30D4EC2D794F7
:10458000256938A6356501A40C36C647980C51A795
:10459000210903A50F4DC247A625A52419A468909B
:1045A000C208A608C9C3C7900C01A70ED4C28F12B7
:1045B000894A2425A2942800A80794DE472405A947
:1045C000114EC2CF90848A25522225528CC9900068
:1045D000AA0CBDCACF9A0C5A32A48300AB0F3EC6B8
:1045E0005F12255112256112266112AC079DCAC7C0
:1045F0002016AD068CD2C710AE114EC2CF90848A61
:10460000255992C5928CC99000AF068DE2C720B0A3
:1046100009A4D68F12498902B10BBDC657180D5295
:10462000980F02B208B3D24F53521AB309B3D2C78C
:1046300094644A05B40612E38F02B50A3EBE47E809
:10464000382D5600B6134EC2CF3028C9922C919205
:1046500025599225599200B7060AD38700B8061249
:10466000BB8F02B908B3D24F22B50CBA0AB4CE8FB1
:104670001249893A04BB103EC647122661122651E0
:104680001225519201BC0E56C24FA8B60D899664F0
:1046900049B606BD0D56C24FA83625439286D501B0
:1046A000BE1056C2C71AC659122591966449B6065D
:1046B000BF0D4EC2570EA6613514932101C00F568F
:1046C000C2579C635A9484E230886200C10F56C27C
:1046D0005F98835A9484E230886200C20F56C29772
:1046E00016E5901625A1380CA218C30F56C28F6488
:1046F00087B42809C56110C500C40F56C24FD40E37
:104700006951128AC3208A01C50F56C2971665A245
:104710001625A1380CA218C6124EC24F3224599247
:104720002559724BB2244B8600C70D5EBACF9084D8
:104730006A8FC910D600C80F56C2579C23C390A6D3
:104740004394A6C300C90F56C25F9843C390A643C3
:1047500094A6C300CA0F56C29716E5C390A6439409
:10476000A6C300CB0E56C24FD43E0C693A44693AF8
:104770000CCC0BD5C24F9A0F52D86910CD0CD5C2B4
:104780005796238314761A04CE0CD5C25796C48349
:1047900014761A04CF0CD5C247A6A58314761A0442
:1047A000D0124EC2C720654996644394644996640A
:1047B000C302D10F56C28F640F3725522229D1C6AA
:1047C00000D20D56C2579C4343127A4C8604D30D37
:1047D00056C25F986343127A4C8604D40E56C29731
:1047E00016E5C890841E932101D50E56C28F6447EA
:1047F0008624F4980C0900D60E56C24FD48E0C496C
:10480000E831191200D70C36C647984499A8454993
:1048100018D8145EBE6F3224D99448891229911297
:104820006DC990A400D90C56C2579C23A18FC99082
:1048300000DA0C56C25F9843A18FC99000DB0C567A
:10484000C29716E5A18FC99000DC0C56C24FD41E4A
:10485000FA980C0900DD0BD5C25F3DD3925AD804FB
:10486000DE0D4EC2473A28A17158D22A00DF0ECD84
:10487000C28F548992521255328B02E00E4EC257AB
:104880009C43439C0CA3A62C01E10E4EC25F98638F
:10489000439C0CA3A62C01E20F4EC29716E5C8104C
:1048A00027C3A8294B00E30E4EC28F6447863819F0
:1048B000464D5902E40E4EC24FD48E0C71328C9A82
:1048C000B204E50F56C29716653A34C4C9306ACAB5
:1048D00012E60D36C28F1226C930B5244A02E70D02
:1048E00046BACF90846A3119C21A00E80F4EC257F7
:1048F0009C4343120E831A264302E90F4EC25F986F
:104900006343120E831A264302EA104EC29716E53D
:10491000C89084C3A086C99000EB104EC24FD48EBD
:104920000C49380C6A980C0900EC0ACDC24F9A2346
:1049300062A741ED0ACDC257964362A741EE0ACD68
:10494000C28F54173B0D02EF0BCDC2479444B9D828
:104950006910F01056C24F9469491C0D49E8980C33
:104960000900F10B4EC28F644F164D740CF20D4EC0
:10497000C2579C4343123A264302F30D4EC25F983E
:104980006343123A264302F40E4EC29716E5C890CE
:10499000848EC99000F50D4EC28F64478624744CF6
:1049A0008604F60E4EC24FD48E0C49E8980C0900CE
:1049B000F70ABDC657980F7A1801F80F46BE6F3236
:1049C00024D99428D1960C490AF90B4EC2579C233E
:1049D000A1376509FA0B4EC25F9843A1376509FB01
:1049E0000B4EC29716E5A1376509FC0B4EC24FD49A
:1049F0001E7A539600FD0F5EBA5F9843A19BB2A446
:104A000062322400FE0E56BA475A593451DC9425BE
:104A10004D01FF0E5EBA4FD41EBA294B2A2643021F
:104A200000000004FFFF0000BF00030203040305B1
:104A300004070E00FE0AFE0BFE01830300095E2040
:104A40000500F2072107D1C3C72111220723DF4741
:104A5000E2122313D5C24F29899264504A49322861
:104A6000A5244A120024135EBE5F36245122258DF0
:104A700063222552920C6104250F56C28F24259281
:104A8000B486E964892C00260E56C29716F5669204
:104A9000122D894C012706A1DFC710280B6CBB5FC4
:104AA000548BB28E5958290CECBA47580BB34E5957
:104AB00054032A0BBDC657A5B2654B53042B0ABD40
:104AC000C657581AA4B0042C0822BB879228002D80
:104AD000068DD2C7202E081BBF4FB224002F0E6EAA
:104AE000BA6F310DD3621AA6619A02300D56C29781
:104AF0001625A18F49944900310BD5C2572625614F
:104B00009F0601320D56C2CF9084621AA661E3302F
:104B1000330D56C2C7352CCEA92826430234105671
:104B2000C267A825591275C992614C1300350F56FA
:104B3000C2C7214D07254C53514C8604360E56C230
:104B4000D714A69545138DC99000370D56C2C735A9
:104B50004CC3344CC33404381156C2CF9084621213
:104B6000655A9484C6644800390E56C2CF90846E4C
:104B7000CA928A5A34013A0B43C34FB2E448B22472
:104B8000003B0942BFC7102A89023C08CDC267D644
:104B9000B5033D0826CEC71D1D063E09CDC247DA26
:104BA000AD23003F0D56C2CF9084626B1D4C230095
:104BB000401256C2D7944943122991122991B4C484
:104BC0004300410D56C2971625A1711844C70042F3
:104BD0001256C2C7106549A825439425A12D192254
:104BE00000430D56C2CF9084D68E62322400440D0D
:104BF00056C2C7106549E8B7648800450C56C2C75D
:104C000021AD0E51DA3A0C460B56C2C721AD0E51FA
:104C1000DA15470D56C2CF9084D6D210DA942548C3
:104C20000B56C247E8380CA2C700490AD5C2C720B4
:104C300085FD34084A0C56C2DF98F6922559340196
:104C40004B1056C247A825512513932CAA25A1180D
:104C50004C0956C247DA5F87014D0C56C247380DE2
:104C6000D1E2D163004E0E56C247286E9B1249898D
:104C70007614034F0C56C2CF9084FE980C09005056
:104C80000C56C2C7A0848EC392B602511066BACF2A
:104C900090841E87484A346548E300520E56C2C7C6
:104CA000A0848EC312D592500C530D56C2CF90845F
:104CB000664731191200540A57C2C7218BFB1B00EB
:104CC000550A56C247E81F932101560C56C247E8C1
:104CD0009844BD892600570CD5C247E697444994AD
:104CE0002E00580E56C2472826519BA8452DA118C4
:104CF000590CD5C247664B4A491676025A0C56C221
:104D0000C735AC86D5301D065B0A6CBBC7A0F5DF86
:104D100086005C0E6EBA471AA7715A4EE3344E03F2
:104D20005D0AECBAC790F5DF06015E091EE2971630
:104D30002561005F060EBAC70160061BE347566196
:104D40000D3EC2CF908469328C623208620D56C229
:104D500047DAB268A271531600630C3EC2CF90844A
:104D60006A63322400640B56C26FCBA28D6ECA12E6
:104D7000650E3EC2CF9084E230A861322400660CFA
:104D800056C29F1655B3414BBB0167114EBACFA215
:104D9000255992455B982C61322400680B56C24716
:104DA000DAB268A2C700690BD5C2579823624F8355
:104DB000006A0CE5BA671D113B6A5AB2006B0E56C9
:104DC000C247DA9644956C8B6A49186C09D5C28F34
:104DD000D89F06016D0EBDC287D2A2244AA2244AE2
:104DE000A2056E0A3EC247B268A2C7006F0B3EC260
:104DF000CF90841E932101700D4EBA47B268A27104
:104E000053963405710B4EBACFA28D6ECA921672AC
:104E10000A3EC247B268A2DA0A730E3EC2CF90843D
:104E2000492C2761322400740C56C2575A1BB4B463
:104E300053A60075093EC247E89BB204760CBDC27A
:104E400047664B4A49164600770DBDC247664994EE
:104E50004449942E00780D3EC247282651A6454964
:104E60002806790D4EBA47E84D5952311912007A89
:104E70000A3EC2C7B1350C87017B0B6CBB9792759C
:104E80000AB38E027C07E9BBC787007D0CECBA87AA
:104E900098758CB22E12007E0B26DE4F984452126B
:104EA0002600A00500F207A108D1C387320C01A299
:104EB000124EBE57382425254BB2244BA264C8326B
:104EC00000A30DCDC2975409B3210AB3212AA40C23
:104ED00036CA47980C51A7210903A510D5C2479699
:104EE00094922C1AA46890C21200A608D1C3C710CD
:104EF0000D01A7135EC2CF908449AC4549984499EF
:104F00009C84C99000A80794E6472405A9105EC2B6
:104F1000CF90848A320DD9D3624C8604AA0DC5CEB7
:104F2000CF92258326294A3A08AB0F3EC25F12254D
:104F30005112256112266112AC07A5C2C72036ADF9
:104F4000068CD2C710AE145EC2CF908483320DD1CE
:104F5000B04C43344463322400AF068DE6C720B022
:104F600009A4DE8F12498902B10BB5C257180D5240
:104F7000180D02B20ABCD28F126551DB10B30CBC03
:104F8000D28F12658928250A00B4071BE357520205
:104F9000B50BC5BA47E6B62C891802B615E5BACFE7
:104FA000A0244AA2244A4589922889922889926895
:104FB000B70689D74700B8071ABB4FA200B9083B0C
:104FC000D34F227519BA0AB4D28F1249893A04BB59
:104FD000103EC2471226611226511225519201BC81
:104FE0001056C24FA825519730AA2815690803BD4D
:104FF0001056C24FA825519730C9949A964403BEC3
:105000001156C2871655A24C52C22889948AB406FA
:10501000BF0D5EBA579A836963514C8604C00F6610
:10502000C2579C635A9484E230888E01C10F66C2D5
:105030005F98835A9484E230888E01C21066C297CA
:1050400016E5901625A1380CA26300C30F66C28F27
:105050006487B42809C561101D03C40F5EC24F9454
:10506000435A9484E230888E01C50F5EC29716655C
:105070005A9484E230888E01C60D56C2D790943A75
:105080000D43D49F06C70E66BACF9084D68E623287
:10509000843500C80F66C2579C23C390560725ADC0
:1050A0000E03C90F66C25F9843C390560725AD0E25
:1050B00003CA0F66C29716E5C390560725AD0E03C7
:1050C000CB0E5EC24F940F435A1D94B43A0CCC0BD6
:1050D000E5C24F9A0F52D8A741CD0BE5C25F7D9034
:1050E000C23E0D02CE0CE5C25796C48314F6691079
:1050F000CF0BDDC24F7990C23E0D02D01457C2CF04
:105100009095C2241CA4244CC2244CB2688800D1BF
:105110001266C28F64D73625522229911229D136C0
:1051200001D20E66C2579C434312FA31191200D3C2
:105130000E66C25F98634312FA31191200D40E66EC
:10514000C29716E5C890847E4C8604D50E66C28F41
:1051500064478624F463322400D60E5EC24F942343
:105160004312FA31191200D70D3FC2479A6495B421
:105170009255D200D81676BA6F6548B22991122995
:1051800051222552A22D19923405D90C66C2579C82
:1051900023A13F264302DA0C66C25F9843A13F2653
:1051A0004302DB0C66C29716E5A13F264302DC0CE6
:1051B0005EC24F9487FE980C0900DD0DE5C25F3D8D
:1051C000D3925292859D00DE0D56C2479A0E4AE850
:1051D000382C690ADF0F56C29716F5B445B5244B33
:1051E000B26101E00F56C2579C434312A6C9308AF0
:1051F000C920E10F56C2671D1A92304D86514C06E8
:1052000001E21056C29716E5C8908469328C62326A
:1052100008E30F56C28F644786244C936114934170
:10522000E40F4EC24F94234312A6C9308AC920E529
:10523000115EC29716653A3424619A0CA3980C0249
:10524000E6103FC2CFA04425294906298B2A8302B4
:10525000E70D4EBACF90846A6332843500E8105669
:10526000C2579C4343128AC3A086C99000E91056D6
:10527000C25F986343128AC3A086C99000EA1156A0
:10528000C29716E5C89084E230A861322400EB1082
:105290004EC24F942343128AC3A086C99000EC0BE0
:1052A000D5C24F9A23624F8300ED0AD5C25F1D110C
:1052B0007B1A04EE0AD5C28F54177B1A04EF09CD6E
:1052C000C24F5DEC6910F00DDDC24FAD922683E652
:1052D0002D5900F10B56C28F644F164DF418F20D84
:1052E00056C2579C4343127A4C8604F30D56C25F54
:1052F000986343127A4C8604F40E56C29716E5C89A
:1053000090841E932101F50E56C28F64478624F4C3
:10531000980C0900F60D4EC24F942343127A4C8626
:1053200004F70A2EC2978E0C3B2201F8135EBA6F67
:10533000180D499448891229D1960C499A02F90B03
:1053400056C2579C23A16FCA12FA0B56C25F9843EC
:10535000A16FCA12FB0B56C29716E5A16FCA12FCC9
:105360000B4EC24F9487BE294B00FD1266BA5F9860
:1053700043A19864499425D918D53400FE0E66BA25
:1053800047DAB268A27153963405FF115EBA4F94A2
:10539000876292255196646354D30000000004FF95
:1053A000FF000000BF0003020304030505080D0011
:1053B000FE09FE0900017202EC092B2005006E0CAB
:1053C0002107C9438C431222071C5B8CC814230E8F
:1053D000BE469CA86558A26458A21600240FCD4270
:1053E000AC6C50A224DB922819B4082510CE429C44
:1053F0004C8992284CC35225D11200260DBE421C66
:105400002D6AD3A2448B96002706995B8C01280B4A
:10541000CB43AC244AA25A9405290C4B438C2CCA8A
:10542000A24A9444002A0CAE529C289386498B12BF
:10543000002B0AAD4AAC301AA430022C089C3E9CCA
:1054400045C9002D068D528C412E081B3F9C644996
:10545000002F094F42EC6A9F6300300DCE422C2D85
:105460004A428F49944900310BCD42AC4C4AC29E0E
:105470000601320ECE429C2109C534CCB4301D0643
:10548000330DCE428C6B589C53311912003410CE20
:1054900042CC504BA24A9664C930A60900350ECEC4
:1054A000428C435A59B43415932101360ECE42AC86
:1054B000294C2B8B268AC99000370CCE428C6B5816
:1054C0000DD3300D01380FCE429C21098DC9908437
:1054D000C6644800390DCE429C21096DCA9216A3BC
:1054E000093A0B433F9C64C9916449003B0BC43E9D
:1054F000AC68CAB145C9003C084D43CCAC6B073D14
:1055000008A64A8C3B3A0C3E09CD428CB45B47005E
:105510003F0DCE429C2109C534ACE660044010CE5C
:10552000429C21094D431229C994C84302410DCE22
:10553000422C2D4A42E33088C6004212CE428C21D2
:10554000CA92504B86284B422D192200430CCE4262
:105550009C2109D51E932101440DCE428C21CA9273
:10556000D0B7648800450CCE428C435A1DA2B43A91
:105570000C460BCE428C435A1DA2B415470DCE42A9
:105580009C2109D5A621D49425480BCE428CD071FC
:105590001844C700490ACD428C410AFB34084A0B23
:1055A000CF42AC418C7BCAB20D4B10CE428C504BDB
:1055B000A24A262659544BC2004C09CE428CB45FF5
:1055C00087014D0E4F428C54DD968A1449916A0D25
:1055D0004E0DCE428C50DC94484AB4D1184F0CCEBC
:1055E000429C2109FD980C0900500CCE428C4109C7
:1055F0008DC392B602510ED63E9C21097D89A4240A
:1056000019E200520ECE428C41098DC3528B6A4979
:1056100018530FCE429C2109D578885331191200B6
:10562000540A4F428C4316F71B00550ACE428CD0C9
:105630001F93210156114F428C544DB2288BB24A10
:105640009884499A01570E4F428CD453244552A452
:10565000744B00580E4F428C544DB24A5AC92AA975
:105660001A590C4F428C544DB24A1A77035A0ACE3B
:10567000428C6BD86B3A0C5B094C438C41EBDB10D2
:105680005C094F428C38EF73005D09CC428C21EBF2
:10569000DB205E089D5AAC2CA9055F070F3E8C43AA
:1056A00000600692638C28610CB6429C214E8651A4
:1056B000539600620DCE428CB465D14471531600EE
:1056C000630CB6429C2109D562322400640BCE42A1
:1056D000DC96451B6DCA12650DB6429C21098741B7
:1056E0000D932101660DCE42AC294BD27090D2466B
:1056F00000670FC63A9C454BB2688A87244C8604E3
:10570000680BCE428CB465D144C700690AC542AC6F
:105710001C113B0D026A0CD53ACC1C111B352D59BE
:10572000006B0ECE428CB42D89A22DAA2561006C8F
:1057300009CD421CB19F06016D0E37428C4589226E
:105740002992222952036E0AB6428C64D144C700C2
:105750006F0BB6429C21091D932101700DC63A8C36
:1057600064D1C44D59D22A00710BC63A9C451B35F1
:1057700065491B720AB6428C64CA92B411730DB6A5
:10578000429C2109135909932101740CC6429C348F
:105790001CA4B42D5A00750EB6428C2CC9922CC98B
:1057A000922C5A02760BB5428CCC9694922C0277AE
:1057B0000C37428CD4144991D22D01780CB6428C0E
:1057C000308932518B9230790DC63A8CD04D595276
:1057D000311912007A08B6428C63C7617B0C4D43C5
:1057E000AC254C23350BD3017C06C9438C077D0CBB
:1057F000CD428C35CC52290D93097E099D5A9C4887
:1058000049A404A005006E0CA108C9438C641802C9
:10581000A20EC546AC6CA928511225952D02A30DE8
:105820004F42BCAD94AE71555B1600A40CB6468CCD
:105830003019A24E431206A5104F428C544DB24A65
:105840003688E120C61900A608C9438C211902A791
:105850000E54431C251295484A44295100A80714A8
:10586000638C480AA9114F46ACAD12454A45C9940C
:105870008A54C9B209AA0CBD4A9C3519B4644807B8
:1058800001AB0C3F46BCA81FA3300AA300AC07A67F
:10589000468C6B03AD060C538C21AE104F46ACAD5D
:1058A00012454A45A998946ED904AF068E628C03BE
:1058B000B00924571C25921205B10BBD46AC301A15
:1058C000A4301F04B20BB4521C25CA12251B02B30C
:1058D0000AB4521C252A4A8902B40692631C05B5F3
:1058E0000ABE3E8CD0715AAC00B613CE429C6150B9
:1058F00092255922254BB2244BB22401B7068A5374
:105900000C01B806923B9C01B908B3529C446A1939
:10591000BA0AB44E1C2592127508BB0C3F468C285F
:105920008CC2288CFA0DBC0F57429C546E1C22313D
:10593000C9A24C4905BD0E57429C546E5286280E92
:10594000C57808BE1157421C314AF32CAA4862920E
:105950004599920ABF0DCE42AC1C4CC36A2826431F
:1059600002C00FD642AC38C7B42809C56110C500C3
:10597000C10FD642BC3007B52809C56110C500C2A9
:105980000FD6422C2DCA212D4A4271184431C30F23
:10599000D6421CC90E6951128AC3208A01C40FD68F
:1059A000429CA81DD2A2241487411403C50FD642DD
:1059B0002C2DCA442D4A4271184431C6134F421C43
:1059C0006588B2288BB26819B2288BB26808C70DF7
:1059D000DE3A9C2109D51E9321AC01C80FD642ACFA
:1059E000384786214D87284D8701C90FD642BC30E4
:1059F0008786214D87284D8701CA0FD6422C2DCA94
:105A000087214D87284D8701CB0ED6429CA87D1853
:105A1000D27488D27418CC0BD5429C341FA4B0D356
:105A200020CD0BD542BCFA20859D0601CE0BD54278
:105A30002CA93A4861A741CF0CD5428C4C4B072981
:105A4000EC3408D0134F429C212B85493864499887
:105A50008449160D1100D11157421C298974281D43
:105A6000954C8AB4445C03D20E5742AC3C070725E0
:105A7000F59A0C0A00D30E5742CC34070725F59A45
:105A80000C0A00D40E57423C31CAA14149BD2683BD
:105A900002D50F57421C2989746C5052AFC9A0001F
:105AA000D60F57429C2CCA72685052AFC9A000D77B
:105AB0000CB6468C308932518B9230D814DE3EDCE5
:105AC0006448B229911225522225DA92214901D93E
:105AD0000CD6429C3887421F932101DA0CD642BC77
:105AE0003087421F932101DB0CD6422C2DCA431F65
:105AF000932101DC0CD6429CA83DF431191200DD43
:105B00000BD542BC7AA625B5B009DE0DCE428C7409
:105B10005042E3B0A45500DF10CE429C294BB22482
:105B2000AA6491125A1600E00ECE42AC388786382D
:105B300019464D5902E10DCE42CC3A34C4C9306AFF
:105B4000CA12E20FCE422C2DCA91214E8651539695
:105B500000E30ECE421CC98E0C71328C9AB204E462
:105B60000ECE429CA81D19E26418356509E50FD6D2
:105B7000422C2DCA7468889361D49425E60E37426E
:105B80001C63940C4A9445150B00E70DC63A9C2102
:105B900009D56232843500E80FCE42AC38878624BE
:105BA0001C06354C8604E90FCE42BC30C786241C47
:105BB00006354C8604EA10CE422C2DCA9121098765
:105BC000410D932101EB10CE429CA81D1992701833
:105BD000D430191200EC0BCD429C3447C44E8300E4
:105BE000ED0BCD42AC2C87C44E8300EE0ACD421C97
:105BF000A92E761A04EF0BCD428C288972B1D320DE
:105C0000F010D6429C28D392381A92D03119120043
:105C1000F10BCE421CC99E2C9AE818F20DCE429C84
:105C200038C78624744C8604F30DCE42BC30C78638
:105C300024744C8604F40ECE422C2DCA9121091DE9
:105C4000932101F50ECE421CC98E0C49E8980C092F
:105C500000F60ECE429CA81D1992D031191200F701
:105C60000ABD46AC301FF43002F80FC63EDC644873
:105C7000B22951A22D199214F910CE429C3887B244
:105C8000244BB2244BB26809FA10CE42BC3087B222
:105C9000244BB2244BB26809FB10CE422C2DCAB360
:105CA000244BB2244BB26809FC11CE429C5A922379
:105CB00059922559922559B404FD0FDE3ABC30871C
:105CC00042376549C5644800FE0ED63A8CB4B268C6
:105CD000A2B8294B9A02FF0EDE3A9CA83D74539657
:105CE000544C860400000004FFFF0000BF000302C4
:105CF0000404040505090F00FD0AFD0BFF019303D1
:105D00002A0A11200500C8332108B10C330E910076
:105D10002208347B33225300230E861973A2966126
:105D2000895A86256A012414B7F9F2C241892229C9
:105D30004CD2350923A9328819002511A7097342CD
:105D4000254A4AAD711AB5941231012612A709737A
:105D5000C4288BB228543529A94595480B2706310C
:105D60007C3306280CC3FBB29228897A8BB20029B7
:105D70000CC3FB32B2288B7A8992082A0D7739F34B
:105D80004A95B62D69AA65002B0B7719F3E2DA3034
:105D900064710D2C0952DC32862451002D071749FD
:105DA000330E012E07220C3386002F0CA709B3D324
:105DB000382DA7E53406300DA709B3B64AEA6B9231
:105DC000651300310DA709F35231C9A2B8B76108B4
:105DD000320CA70973062555FB791802330EA70963
:105DE000330E715ADDE3584D06053411A70973537C
:105DF00031C9A25A1226C390C61500350FA7093320
:105E00000E726548C4B8AC2683023610A709B38663
:105E1000288D2B4322AAD6645000370EA709330ED3
:105E2000711AA7711AA771083811A709B3B64A9A4F
:105E300064D95649D524CB2600390FA70973062506
:105E400075548624AE4643043A08720C33867808AB
:105E50003B0AA2DC3286784812053C09A50A33B316
:105E60008E69073D0A4729330E393E0C013E0AA5CB
:105E70000A33D28E5947003F0EA70973062555E312
:105E8000B4398733004011A709730625350D4AA69A
:105E9000449322E78302410DA709F3D224ABA4D691
:105EA000E16A0D4212A7093306294C523119A43078
:105EB000498DC92001430DA70973062595FB9A0C4E
:105EC0000A00440DA7093306294C523F2683044596
:105ED0000DA709330E727990E2E66108460CA70916
:105EE000330E727990E2CE00470FA709730625950D
:105EF000DB86D49A0C0A00480AA7093352D7E1EA94
:105F000035490AA50A330629ECA7414A0DA809F329
:105F10000635EF53980D19004B11A709335231C9BB
:105F2000A2DA988451560A93344C0AA70933E2FE48
:105F30003C0C014D10A7093352755B2A4A458AA4CF
:105F400048B5064E0FA709335275543229D2127143
:105F5000B5064F0CA709730625F5D7645000500D00
:105F6000A709332EA9751892B83300510EC7E972EC
:105F70000625F54B26550635175210A709332EA9CD
:105F8000751892282B8549AA06530EA70973062572
:105F9000B5EF5635191400540AA709330E59DCDF42
:105FA00000550BA7093352FF9A0C0A005611A70996
:105FB00033526B9245599455C2244CD20C5710A7BA
:105FC0000933524F911449911429DD12005810A73A
:105FD00009335235C92A699C2659255503590DA7FD
:105FE00009335235C92A69DC1B005A0CA709330E44
:105FF00071DAE77818025B0AC4FB3206AD7F1B0238
:106000005C0BA70933F2382FE7E53C5D0AC4FA328E
:1060100086AC7F1B045E0A4769F3D224ABA4015F00
:106020000718F8320E026007338B33B202610E7725
:106030000973063D4E862115952109620FA7093384
:10604000E296211155EBA80C0900630C7709730641
:1060500025955B934101640DA709B35B86445C1DE4
:10606000952109650D77097306255587733E28002C
:10607000660EA709F3B65216C5E120C68D00671358
:10608000A7D97286444CC2248C86281F94544D068E
:1060900005680CA70933E296211155AF01690AA5DD
:1060A0000A737474EC69106A0DD6D93275CADA5560
:1060B000342643026B0FA70933E2564D493435D1DC
:1060C00032250D6C09A50A33C6FE34086D10770918
:1060D0003316258AA4488AA4488AD4006E0B77090F
:1060E0003392211155AF016F0C7709730625F59A8C
:1060F0000C0A00700FA7D93292211155EBA80C4958
:106100005C06710DA7D97286445C1D9521891B72AE
:106110000C770933A2494BC2246E05730D770973BE
:106120000625D5075D4D0605740C9709B3E270D8B6
:10613000E26ED9027510770933C2244CC2244CC2D6
:10614000248C8624760E7709335235C9A2AC1226E8
:106150006906770E7709335253244552A4744B00D5
:10616000780D770933D224ABA495AC9206790DA6AD
:10617000D93242DF9425159321017A0A7709330E2B
:1061800069AFC3107B0DC5FBB296B01A696A16568B
:10619000077C06C1FC323E7D0EC5F932D6B0966A48
:1061A000521A5626007E0A3779733429D21400A079
:1061B0000500C833A108B10C33A46108A2118609F7
:1061C00033A3218912A992255132442100A311A79A
:1061D00009F3B6521C0E629C8A4996240B00A40E49
:1061E000673933D26490B2288B06250DA510A70914
:1061F000335235C92AD920868318D700A608B1FCA6
:1062000032066510A70EB4FA729448542253224AFB
:106210008902A807259A33322DA9159818B3862C20
:106220004C224B9428A11225929484D91001AA0CD7
:10623000753973A4D21245433A08AB0D8719F3A2FE
:106240007E8BC2288CC228AC07462933AE0DAD0721
:10625000154A330601AE159818B3862C4C9249891D
:106260001265524A4A9414B32102AF061699330EAE
:10627000B00A446B7394484A1400B10E9719F3E2C4
:10628000DA3064711D1B8600B20B64497394284B8D
:10629000946C08B30B64497394A828250A00B408C9
:1062A000338BB3921200B50C97E93252AFDBB2C810
:1062B0003100B616A7097386214BB4444B922109CD
:1062C0009330099330099300B707224C338600B806
:1062D0000834DAB2A64401B90863497312A965BA51
:1062E0000A654973964C4BE641BB0E871933A230C1
:1062F0000AA330CAA27E03BC0FA7097352B97188E2
:10630000C4248B322515BD0EA7097352B94919A2B1
:106310003814E321BE11A70973C428CDB3A822897C
:106320004916654A2ABF0DA709F372B8DA9CAAC9B3
:10633000A000C00EC70973F23ABA555275B85A0395
:10634000C10DC70973DBD1AD92AAC3D51AC20FC75D
:1063500009F3D224AB635B255587AB35C30FB7096F
:10636000733469C7B64AAA0E576B00C40FB70973D6
:10637000B228CBB1AD92AAC3D51AC50FB709B3B62F
:10638000DA986495541DAED600C615A709739421FA
:10639000CAA22CCAA26C58A22CCAA22C1A02C710DC
:1063A000D7D972062595FB9A0CA216851A00C8113A
:1063B000C70973F23A360C491C0F595C1D8600C997
:1063C00010C70973DBB16148E278C8E2EA3004CA59
:1063D00012C709F3D224AB23C390C4F190C5D56191
:1063E00008CB12B70973B228CB916148E278C8E2B2
:1063F000EA3004CC0CC50A33D2FA20853D0D02CD1B
:106400000CC50A33B3FA20853D0D02CE0DC50AB383
:10641000B2A4960E52D8D320CF0CB50A33322D1D1C
:10642000A4B0A741D015A80873062D8CD2241DC294
:10643000244DD2244DC2689000D112B7097334693B
:1064400047D251C9A4488AB4445C03D20EC7097329
:10645000F23A3828A9AFC9A000D30DC70973DBC130
:1064600041497D4D0605D410C709F3D224AB4383BF
:1064700092FA9A0C0A00D50FB7097334698706257A
:10648000F535191400D60FB70973B228CBA14149CD
:106490007D4D0605D70D771933D224ABA495AC9268
:1064A00006D816C7F9B2934109B7444BA4488A9459
:1064B0004CC9C664506200D90DC70973F23A96FA06
:1064C00035191400DA0CC70973DBB1D4AFC9A000C9
:1064D000DB0EC709F3D224AB23A95F934101DC0E85
:1064E000B70973B228CB91D4AFC9A000DD0EC7099C
:1064F00073DBB1544DB24A1AB701DE0EA70933E27D
:10650000785852EB30247119DF14A609B3A62CC9B0
:10651000922851B2A896644996240A00E011B7095E
:10652000B3F23A36E871320CA9A80C4900E110B771
:106530000973DBC1418F93614845654802E212B798
:1065400009F3D224AB43831E27C3908ACA9004E385
:1065500012A709B3A424D2A1418F9361484565488D
:1065600002E412A70973B228CBA1418F9361484579
:10657000654802E512B709F3C428D4B1418F93618D
:106580004845654802E60F7709732C512D4A0625C8
:10659000CAA28A32E70FA7D9720625955B9341D428
:1065A000A25003E80FB70973F23A3828A93A9CF3CE
:1065B0004101E90FB70973DBC14149D5E19C0F0ADD
:1065C00000EA11B709F3D224AB438392AAC3391F5F
:1065D0001400EB11A70973B228CBA14149D5E19C66
:1065E0000F0A00EC0AB50A33D2FAD8D320ED0AB567
:1065F0000AF3DA91B1A741EE0DB609B3C224CA720B
:1066000064ED6D10EF0CA50A33A2248AC79E060123
:10661000F010B70973A2504CF26C5052AFC9A000F1
:10662000F10EA7097334694792211155AF01F20E9B
:10663000B70973F23A3828A9D7645000F30DB709A7
:1066400073DBC14149BD268302F40FB709F3D2249D
:10665000AB4383927A4D0605F50FA709733469871A
:106660000625F59A0C0A00F60FA70973B228CBA1EC
:106670004149BD268302F70E9709F3D235C786211B
:10668000C7D23503F81397F9B29341C9122D91225D
:106690002553B264506200F913B70973F23A162613
:1066A00061122661122661342401FA12B70973DBE4
:1066B000B13009933009933009A32109FB14B709BC
:1066C000F3D224AB236112266112266112464312D3
:1066D000FC14A70973A22CCAA13009933009933086
:1066E00009A32109FD0FE6D932DBA1D0376549C5E1
:1066F000644800FE10C7D932E296211155755486C0
:10670000242E03FF0FD6D972A2F6D0376549C5648F
:10671000480000000004FFFF00000000BF0003026B
:106720000404040505091100FD0AFD0BFF019A038D
:106730003F0A45200500E8332108B10C330E9100D3
:106740002208447B3322A7002315A808B38A5118D6
:1067500045C32015A36818A462144611002414B779
:10676000F9F2C2418922294CD2350923A93288196C
:10677000002511A7097342254A4AAD711AB5941232
:1067800031012612A70973C4288BB228543529A9D0
:106790004595480B2707417C338600280CC3FBB284
:1067A0009228897A8BB200290CC3FB32B2288B7AEB
:1067B0008992082A0D7739F34A95B62D69AA6500A2
:1067C0002B0B7719F3E2DA3064710D2C0842EC32AE
:1067D0008644012D071749330E012E07220C3386FC
:1067E000002F0CA709B3D3382DA7E53406300DA729
:1067F00009B3B64AEA6B92651300310DA709F3524B
:1068000031C9A2B8B76108320DA709B3B64A1AA7B1
:10681000BD0E4300330EA709330E715AD5CB623437
:1068200044003411A709735331C9A25A1226C390E8
:10683000C61500350EA709330E7279D0CB623444E9
:10684000003611A709B386288D2B9396A46A92650A
:106850001300370DA709330E711AA7711AB7013843
:1068600011A709B3B64A9A64D95649D524CB260054
:106870003910A709B3B64AAA2699B4C4D5688800C6
:106880003A08720C338678083B0A92EC32867848D4
:1068900014003C08950A33B3AE1D3D0A4729330E58
:1068A000393E0C013E09950A33D26E1D013F0DA7FA
:1068B00009B3B64A1AA7CD399C014013A709B3B64C
:1068C0004AA42815A5A254948A34E543024111A78D
:1068D00009F3D2244CC2242B0D5296A4D6004212A6
:1068E000A7093306294C523119A430498DC920011A
:1068F000430DA709B38628947B0FA32101440DA75C
:10690000093306294C523F268304450DA709330E4F
:10691000727990E2E66108460CA709330E7279900D
:10692000E2CE00470FA709B3B64A2AD786544DB224
:106930006C02480AA7093352D7E1EA35490AA50A89
:10694000330629ECA7414A0DA709B30631EE298B7E
:10695000B26C034B11A709335231C9A25A122A59FA
:10696000294C52354C0AA70933E2FE3C0C014D0D6F
:10697000A7093352755B2A52A47A0D4E0FA709332B
:106980005275543229D21271B5064F0CA7097306FD
:1069900025F5D7645000500FA7093306294C5263E0
:1069A00032487133005116B8F9B2C62C4A933449B3
:1069B000933449932C89B270C991005211A70933BD
:1069C00006294C52633248B55298A4015310A709C6
:1069D00073062595F3418F6335191400540AA709EE
:1069E000330E59DCDF00550BA70933527F4DB26CD3
:1069F000025611A70933526B9245599455C2244C43
:106A0000D20C5710A70933524F911449911429DD24
:106A100012005810A709335235C92A699C265925F6
:106A20005503590DA709335235C92A69DC1B005A91
:106A30000CA709330E71DAE77818025B0AC4FB323F
:106A400006AD7F1B025C0BA70933F2382FE7E53C4C
:106A50005D0AC4FA3286AC7F1B045E0A4769F3D232
:106A600024ABA4015F0718F8320E02600733AB3382
:106A7000B202610E770973063D4E862115952109F4
:106A8000620FA70933E296211155EBA80C090063A8
:106A90000C7709730625955B934101640DA709B333
:106AA0005B86445C1D952109650E770973062555A3
:106AB00087739A0C0A00660EA709F3B65216C5E151
:106AC00020C68D006713A7D97286444CC2248C86D9
:106AD000281F94544D0605680CA70933E29621112E
:106AE00055AF01690AA50A737474EC69106A0CD574
:106AF000DAF27474EC51D392056B0FA70933E2C636
:106B0000248B6A89261593346C09A50A33C6FE3492
:106B1000086D1077093316258AA4488AA4488AD4B8
:106B2000006E0B77093392211155AF016F0C770975
:106B3000730625F59A0C0A00700FA7D93292494BBB
:106B400052EB9624535C06710DA7D9B296DA6A4DC2
:106B50003269891B720C770933A2494BC2246E0536
:106B6000730D7709730625D5075D4D0605740C97DF
:106B700009B3E270D8E26ED902750A770933521F61
:106B8000952109760E7709335235C9A2AC122669D0
:106B900006770E7709335253244552A4744B00787C
:106BA0000D770933D224ABA495AC92067911A7D9FD
:106BB00072C2248C6A511685AA9A45A1087A0A776E
:106BC00009330E69AFC3107B0BB60AF3A6B44D4E62
:106BD0009B077C06C1FC323E7D0CB60933E6B459F6
:106BE0004B9B36007E0A3779733429D21400A005F6
:106BF00000E833A108B10C33A46108A2118609335F
:106C0000A3218912A992255132442100A311A70979
:106C1000F3B6521C0E629C8A4996240B00A40E67A0
:106C20003933D26490B2288B06250DA510A70933FD
:106C30005235C92AD920868318D700A608B1FC325C
:106C4000066510A70EB4FA729448542253224A895A
:106C500002A80723BB331225A9159818B3862C4C1C
:106C6000224B9428A11225929484D91001AA0C7564
:106C70003973A4D21245433A08AB0D8719F3A27EAB
:106C80008BC2288CC228AC07462933AE0DAD071540
:106C90004A330601AE169818B3862C4C92498912D5
:106CA000654894921225C56C8800AF061699330E7C
:106CB000B00A446B7394484A1400B10E9719F3E27A
:106CC000DA3064711D1B8600B20B64497394284B43
:106CD000946C08B30B64497394A828250A00B4087F
:106CE00033ABB3921200B50C97E93252AFDBB2C8A6
:106CF0003100B616A7097386214BB4444B92210983
:106D00009330099330099300B707224C338600B8BB
:106D10000934DAB292285100B90863497312A9659F
:106D2000BA0A654973964C4BE641BB0E871933A2EC
:106D3000300AA330CAA27E03BC0FA7097352B971EF
:106D400088C4248B322515BD0EA7097352B9491981
:106D5000A23814E321BE11A70973C428CDB3A82219
:106D6000894916654A2ABF0DA709F372B8DA9CAAA9
:106D7000C9A000C012E709B3F23A5A099330C94AD0
:106D8000839425A935C113E70933D33A9E266112AE
:106D900026596990B224B506C215E709F3D224AB8F
:106DA0008369122661929506294B526B00C314D752
:106DB00009B39428D1D14A988449561AA42C49ADD4
:106DC00001C414D709B39230C9D14A988449561ADC
:106DD000A42C49AD01C515E709F3D2244CD2384D96
:106DE000C2244CB2D22065496A0DC614A709F386A5
:106DF00028099330C9A265C8A25A9445D900C71082
:106E0000D7D9B28628947B0FA3210DA35002C810B6
:106E1000E709B3F23A340C727990E2E66108C910DE
:106E2000E70933D33A380C727990E2E66108CA1266
:106E3000E709F3D224AB23C3209707296E1E8600EF
:106E4000CB12D709B39230C9A16190CB8314370F0D
:106E50004300CC0CE50A73D2F22085FD3408CD0C3A
:106E6000E50AF3DA91410AFB6910CE0EE50AB3B2E6
:106E7000A4960E52D84F8300CF0DD50A734A493CD1
:106E800048613F0D02D014A7097386AC1426E12097
:106E9000256112266192454304D113D709B3942882
:106EA000D1A1541D954C8AB4445CAD01D20EE709C2
:106EB000B3F23A3628A9BF268302D30EE70933D3AB
:106EC0003A3A28A9BF268302D410E709F3D224ABAB
:106ED000438392FA6B322800D510D709B39428D196
:106EE000B14149FD35191400D610D709B39230C904
:106EF000B14149FD35191400D70D771933D224ABB0
:106F0000A495AC9206D816C7F9B2934109B7444B81
:106F1000A4488A944CC9C664506200D90EE709B3EC
:106F2000F23A94FA6B92651300DA0EE70933D33A1A
:106F300098FA6B92651300DB0FE709F3D224AB23B9
:106F4000A9BF26593601DC0FD709B39230C9A1D4A5
:106F50005F932C9B00DD0FE70933D33A98AA49567B
:106F600049E3DE00DE0EA70933E2785852EB302405
:106F70007119DF14A609B3A62CC9922851B2A8969C
:106F8000644996240A00E011B709B3F23A36E87171
:106F9000320CA9A80C4900E111B70933D33A3AE8F9
:106FA00071320CA9A80C4900E212B709F3D224AB44
:106FB00043831E27C3908ACA9004E312A709B3949F
:106FC00028D1B1418F93614845654802E412A70971
:106FD000B39230C9B1418F93614845654802E513CA
:106FE000C709F3D2244CD21C1CF438198654548699
:106FF00024E60F7709738C511625C3106551C5021D
:10700000E70FA7D9720625955B93412C851A00E8F6
:1070100010B709B3F23A3628A93A9CD3645000E974
:1070200010B70933D33A3A28A93A9CD3645000EAFE
:1070300011B709F3D224AB438392AAC3394D060595
:10704000EB11A709B39230C9B14149D5E19C268320
:1070500002EC0BC50A33D23A3AF63408ED0AC50AF7
:10706000F3DAE1B1A741EE0DC50AB3B2A4966363AA
:107070004F8300EF0CB50A734A490E8E3D0D02F0A6
:1070800012B70973A2504CF27088B224B526593653
:1070900001F10FA709B39428D1A1644844D56B002E
:1070A000F20EB709B3F23A3628A9D7645000F30EAE
:1070B000B70933D33A3A28A9D7645000F40FB70977
:1070C000F3D224AB4383927A4D0605F50FA709B39B
:1070D0009428D1B14149BD268302F60FA709B39286
:1070E00030C9B14149BD268302F70E9709F3D23565
:1070F000C78621C7D23503F81397F9B29341C91255
:107100002D91222553B264506200F90DB70973F234
:107110003A96FAA80C4900FA0DB70933D33A98FA0F
:10712000A80C4900FB0EB709F3D224AB23A98FCAE0
:107130009004FC0EA709B39230C9A1D44765480258
:10714000FD12E7D972DBC14A18D5A22C0A55358B3E
:107150004211FE10B7E932E2CAA425A9754B922963
:107160008E01FF14D7D9B26A510E854918D5A22CC9
:107170000A55358B421100000004FFFF000000009B
:107180001815A01616161119FF0000001815A016E4
:1071900004161119FF000000FE0118FE0115FD166E
:1071A0001215AE15B3169115CA163F15A216001585
:1071B000A1160015AB160115A01616161115C71647
:1071C0000F15C1169F15B116F215BB161F15B41673
:1071D000A016FD15BE160415B915A615A9FE0119B0
:1071E000FF0000001815AF19FF0000001815AE19B8
:1071F000FF0000000001140A646432328096980097
:1072000000040A9610081C1C8000400000010000C9
:10721000E482002012000000000600004820006008
:107220000A00000000020000E41F0060620000008D
:1072300000070000801F006062000000EE030000F5
:107240002885002012000000000004EE00850020C8
:1072500028000000000300007C1F00600000000008
:1072600001030904641F0060000000000203090418
:107270004C1F006000000000030309044485002047
:1072800000000000000000000000000000000000FE
:107290000000000000000000C07B0020C07B002038
:1072A000C87B0020C87B0020D07B0020D07B002042
:1072B000D87B0020D87B0020E07B0020E07B0020F2
:1072C000E87B0020E87B0020F07B0020F07B0020A2
:1072D000F87B0020F87B0020007C0020007C002050
:1072E000087C0020087C0020107C0020107C0020FE
:1072F000187C0020187C0020207C0020207C0020AE
:10730000287C0020287C0020307C0020307C00205D
:10731000387C0020387C0020407C0020407C00200D
:10732000487C0020487C0020507C0020507C0020BD
:10733000587C0020587C0020607C0020607C00206D
:10734000687C0020687C0020707C0020707C00201D
:10735000787C0020787C0020807C0020807C0020CD
:10736000887C0020887C0020907C0020907C00207D
:10737000987C0020987C0020A07C0020A07C00202D
:10738000A87C0020A87C0020B07C0020B07C0020DD
:10739000B87C0020B87C0020C07C0020C07C00208D
:1073A000C87C0020C87C0020D07C0020D07C00203D
:1073B000D87C0020D87C0020E07C0020E07C0020ED
:1073C000E87C0020E87C0020F07C0020F07C00209D
:1073D000F87C0020F87C0020007D0020007D00204B
:1073E000087D0020087D0020107D0020107D0020F9
:1073F000187D0020187D0020207D0020207D0020A9
:10740000287D0020287D0020307D0020307D002058
:10741000387D0020387D0020407D0020407D002008
:10742000487D0020487D0020507D0020507D0020B8
:10743000587D0020587D0020607D0020607D002068
:10744000687D0020687D0020707D0020707D002018
:10745000787D0020787D0020807D0020807D0020C8
:10746000887D0020887D0020907D0020907D002078
:10747000987D0020987D0020A07D0020A07D002028
:10748000A87D0020A87D0020B07D0020B07D0020D8
:10749000B87D0020B87D0020C07D0020C07D002088
:1074A000C87D0020C87D0020D07D0020D07D002038
:1074B000D87D0020D87D0020E07D0020E07D0020E8
:1074C000E87D0020E87D0020F07D0020F07D002098
:1074D000F87D0020F87D0020007E0020007E002046
:1074E000087E0020087E0020107E0020107E0020F4
:1074F000187E0020187E0020207E0020207E0020A4
:10750000287E0020287E0020307E0020307E002053
:10751000387E0020387E0020407E0020407E002003
:10752000487E0020487E0020507E0020507E0020B3
:10753000587E0020587E0020607E0020607E002063
:10754000687E0020687E0020707E0020707E002013
:10755000787E0020787E0020807E0020807E0020C3
:10756000887E0020887E0020907E0020907E002073
:10757000987E0020987E0020A07E0020A07E002023
:10758000A87E0020A87E0020B07E0020B07E0020D3
:10759000B87E0020B87E0020C07E0020C07E002083
:1075A000C87E0020C87E0020D07E0020D07E002033
:1075B000D87E0020D87E0020E07E0020E07E0020E3
:1075C000E87E0020E87E0020F07E0020F07E002093
:1075D000F87E0020F87E0020007F0020007F002041
:1075E000087F0020087F0020107F0020107F0020EF
:1075F000187F0020187F0020207F0020207F00209F
:10760000287F0020287F0020307F0020307F00204E
:10761000387F0020387F0020407F0020407F0020FE
:10762000487F0020487F0020507F0020507F0020AE
:10763000587F0020587F0020607F0020607F00205E
:10764000687F0020687F0020707F0020707F00200E
:10765000787F0020787F0020807F0020807F0020BE
:10766000887F0020887F0020907F0020907F00206E
:10767000987F0020987F0020A07F0020A07F00201E
:10768000A87F0020A87F0020B07F0020B07F0020CE
:10769000B87F0020B87F002000000000D0900020BC
:1076A00038910020A09100200000000000000000A0
:1076B00000000000000000000000000000000000CA
:1076C00000000000000000000000000000000000BA
:1076D00000000000000000000000000000000000AA
:1076E000000000000000000000000000000000009A
:1076F000000000000000000000000000000000008A
:107700000000000000000000000000000000000079
:107710000000000000000000000000000000000069
:107720000000000000000000000000000000000059
:1077300001000000000000000E33CDAB34126DE6F6
:10774000ECDE05000B00000000000000000000005F
:107750000000000000000000000000000000000029
:107760000000000000000000000000000000000019
:107770000000000000000000000000000000000009
:1077800000000000000000000000000000000000F9
:1077900000000000000000000000000000000000E9
:1077A00000000000000000000000000000000000D9
:1077B00000000000000000000000000000000000C9
:1077C00000000000000000000000000000000000B9
:1077D00000000000000000000000000000000000A9
:1077E0000000000000000000000000000000000099
:1077F0000000000000000000000000000000000089
:107800000000000000000000000000000000000078
:107810000000000000000000000000000000000068
:107820000000000000000000000000000000000058
:107830000000000000000000000000000000000048
:107840000000000000000000000000000000000038
:107850000000000000000000000000000000000028
:107860000000000000000000000000000000000018
:107870000000000000000000000000000000000008
:1078800000000000000000000000000000000000F8
:10789000000000000000000000000000000059404F
:1078A000BC0200002C010000576176652050616C1D
:1078B0002076332E30000000000000000029DE0793
:1078C000007B9A1700003A40DC1E006000000000B8
:1078D00000000000000000000000000000000000A8
:1078E0000000000000000000000000000000000098
:1078F0000000000000000000000000000000000088
:107900000000000000000000000000000000000077
:107910000000000000C039406C1E00600000000044
:107920000000000000000000000000000000000057
:107930000000000000000000000000000000000047
:107940000000000000000000000000000000000037
:107950000000000000000000000000000000000027
:1079600000000000740D002000000000E80300008B
:107970000000000010050020FFFFFFFF9490002092
:107980008030242000000000FFFFFFFF0000020005
:10799000C87F0020FFFFFFFFFFFFFFFFFFFFFFFF8C
:1079A000FFFFFFFFFFFFFFFFFFFFFFFFFFFFFFFFE7
:1079B000FFFFFFFF12010002EF020140C016830427
:1079C00080020102030100000000000080000000AE
:1079D000F5AB0000F5AB0000F5AB0000F5AB000027
:1079E000F5AB0000F5AB0000F5AB0000F5AB000017
:1079F000F5AB0000F5AB0000F5AB0000F5AB000007
:107A0000F5AB0000F5AB0000F5AB0000F5AB0000F6
:107A1000F5AB0000F5AB0000F5AB0000F5AB0000E6
:107A2000F5AB0000F5AB0000F5AB0000F5AB0000D6
:107A3000F5AB0000F5AB0000F5AB0000F5AB0000C6
:107A4000F5AB0000F5AB0000F5AB0000F5AB0000B6
:107A5000F5AB0000F5AB0000F5AB0000F5AB0000A6
:107A6000F5AB0000F5AB0000F5AB0000F5AB000096
:107A7000F5AB0000F5AB0000F5AB0000F5AB000086
:107A8000F5AB0000F5AB0000F5AB0000F5AB000076
:107A9000F5AB0000F5AB0000F5AB0000F5AB000066
:107AA000F5AB0000F5AB0000F5AB0000F5AB000056
:107AB000F5AB0000F5AB0000F5AB0000F5AB000046
:107AC000F5AB0000F5AB0000F5AB0000F5AB000036
:107AD000F5AB0000F5AB0000F5AB0000F5AB000026
:107AE000F5AB0000F5AB0000F5AB0000F5AB000016
:107AF000F5AB0000F5AB0000F5AB0000F5AB000006
:107B0000F5AB0000F5AB0000F5AB0000F5AB0000F5
:107B1000F5AB0000F5AB0000F5AB0000F5AB0000E5
:107B2000F5AB0000F5AB0000F5AB0000F5AB0000D5
:107B3000F5AB0000F5AB0000F5AB0000F5AB0000C5
:107B4000F5AB0000F5AB0000F5AB0000F5AB0000B5
:107B5000F5AB0000F5AB0000F5AB0000F5AB0000A5
:107B6000F5AB0000F5AB0000F5AB0000F5AB000095
:107B7000F5AB0000F5AB0000F5AB0000F5AB000085
:107B8000F5AB0000F5AB0000F5AB0000F5AB000075
:107B9000F5AB0000F5AB0000F5AB0000F5AB000065
:107BA000F5AB0000F5AB0000F5AB0000F5AB000055
:107BB000F5AB0000F5AB0000F5AB0000F5AB000045
:107BC000F5AB0000F5AB0000F5AB0000F5AB000035
:107BD0002800000000010400010000000000000077
:107BE000020157494E5553420000000000000000BA
:107BF000000000000000000012034D00530046008A
:107C00005400310030003000F80000001027000060
:107C1000FFFFFFFF0C030000000000000000000059
:107C20000000000000000000000000800807408005
:107C3000D52A01010301000000000000000000003F
:107C40000000000000000000000000000000000034
:107C50000000000000000000000000000000000024
:107C60000000000000000000000000000000000014
:107C70000000000000000000000000000000000004
:107C800000000000000000000000000000000000F4
:107C900000000000000000000000000000000000E4
:107CA00000000000000000000000000000000000D4
:107CB00000000000000000000000000000000000C4
:107CC00000000000000000000000000000000000B4
:107CD00000000000000000000000000000000000A4
:107CE0000000000000000000000000000000000094
:107CF0000000000000000000000000000000000084
:107D00000000000000000000000000000000000073
:107D10000000000000000000000000000000000063
:107D20000000000000000000000000000000000053
:107D30000000000000000000000000000000000043
:107D40000000000000000000000000000000000033
:107D50000000000000000000000000000000000023
:107D60000000000000000000000000000000000013
:107D70000000000000000000000000000000000003
:107D800000000000000000000000000000000000F3
:107D900000000000000000000000000000000000E3
:107DA00000000000000000000000000000000000D3
:107DB00000000000000000000000000000000000C3
:107DC00000000000000000000000000000000000B3
:107DD00000000000000000000000000000000000A3
:107DE0000000000000000000000000000000000093
:107DF0000000000000000000000000000000000083
:107E00000000000000000000000000000000000072
:107E10000000000000000000000000000000000062
:107E20000000000000000000000000000000000052
:107E30000000000000000000000000000000000042
:107E40000000000000000000000000000000000032
:107E50000000000000000000000000000000000022
:107E60000000000000000000000000000000000012
:107E70000000000000000000000000000000000002
:107E800000000000000000000000000000000000F2
:107E900000000000000000000000000000000000E2
:107EA00000000000000000000000000000000000D2
:107EB00000000000000000000000000000000000C2
:107EC00000000000000000000000000000000000B2
:107ED00000000000000000000000000000000000A2
:107EE0000000000000000000000000000000000092
:107EF0000000000000000000000000000000000082
:107F00000000000000000000000000000000000071
:107F10000000000000000000000000000000000061
:107F20000000000000000000000000000000000051
:107F30000000000000000000000000000000000041
:107F40000000000000000000000000000000000031
:107F50000000000000000000000000000000000021
:107F60000000000000000000000000000000000011
:107F70000000000000000000000000000000000001
:107F800000000000000000000000000000000000F1
:107F900000000000000000000000000000000000E1
:107FA00000000000000000000000000000000000D1
:107FB00000000000000000000000000000000000C1
:107FC00000000000000000000000000000000000B1
:107FD00000000000000000000000000000000000A1
:107FE0000000000000000000000000000000000091
:107FF0000000000000000000000000000000000081
:108000000000000000000000000000000000000070
:108010000000000000000000000000000000000060
:108020000000000000000000000000000000000050
:108030000000000000000000000000000000000040
:108040000000000000000000000000000000000030
:108050000000000000000000000000000000000020
:108060000000000000000000000000000000000010
:108070000000000000000000000000000000000000
:1080800000000000000000000000000000000000F0
:1080900000000000000000000000000000000000E0
:1080A00000000000000000000000000000000000D0
:1080B00000000000000000000000000000000000C0
:1080C00000000000000000000000000000000000B0
:1080D00000000000000000000000000000000000A0
:1080E0000000000000000000000000000000000090
:1080F0000000000000000000000000000000000080
:10810000000000000000000000000000000000006F
:10811000000000000000000000000000000000005F
:10812000000000000000000000000000000000004F
:10813000000000000000000000000000000000003F
:10814000000000000000000000000000000000002F
:10815000000000000000000000000000000000001F
:10816000000000000000000000000000000000000F
:1081700000000000000000000000000000000000FF
:1081800000000000000000000000000000000000EF
:10819000FFFFFFFFFFFFFFFFFFFFFFFFFFFFFFFFEF
:1081A000FFFFFFFFFFFFFFFFFFFFFFFFFFFFFFFFDF
:1081B000FFFFFFFFFFFFFFFFFFFFFFFFFFFFFFFFCF
:1081C000FFFFFFFFFFFFFFFFFFFFFFFFFFFFFFFFBF
:1081D000FFFFFFFFFFFFFFFFFFFFFFFFFFFFFFFFAF
:1081E000FFFFFFFFFFFFFFFFFFFFFFFFFFFFFFFF9F
:1081F000FFFFFFFFFFFFFFFFFFFFFFFFFFFFFFFF8F
:10820000FFFFFFFFFFFFFFFFFFFFFFFFFFFFFFFF7E
:10821000FFFFFFFFFFFFFFFFFFFFFFFFFFFFFFFF6E
:10822000FFFFFFFFFFFFFFFFFFFFFFFFFFFFFFFF5E
:10823000FFFFFFFFFFFFFFFFFFFFFFFFFFFFFFFF4E
:10824000FFFFFFFFFFFFFFFFFFFFFFFFFFFFFFFF3E
:10825000FFFFFFFFFFFFFFFFFFFFFFFFFFFFFFFF2E
:10826000FFFFFFFFFFFFFFFFFFFFFFFFFFFFFFFF1E
:10827000FFFFFFFFFFFFFFFFFFFFFFFFFFFFFFFF0E
:10828000FFFFFFFFFFFFFFFFFFFFFFFFFFFFFFFFFE
:10829000FFFFFFFFFFFFFFFFFFFFFFFFFFFFFFFFEE
:1082A000FFFFFFFFFFFFFFFFFFFFFFFFFFFFFFFFDE
:1082B000FFFFFFFFFFFFFFFFFFFFFFFFFFFFFFFFCE
:1082C000FFFFFFFFFFFFFFFFFFFFFFFFFFFFFFFFBE
:1082D000FFFFFFFFFFFFFFFFFFFFFFFFFFFFFFFFAE
:1082E000FFFFFFFFFFFFFFFFFFFFFFFFFFFFFFFF9E
:1082F000FFFFFFFFFFFFFFFFFFFFFFFFFFFFFFFF8E
:10830000FFFFFFFFFFFFFFFFFFFFFFFFFFFFFFFF7D
:10831000FFFFFFFFFFFFFFFFFFFFFFFFFFFFFFFF6D
:10832000FFFFFFFFFFFFFFFFFFFFFFFFFFFFFFFF5D
:10833000FFFFFFFFFFFFFFFFFFFFFFFFFFFFFFFF4D
:10834000FFFFFFFFFFFFFFFFFFFFFFFFFFFFFFFF3D
:10835000FFFFFFFFFFFFFFFFFFFFFFFFFFFFFFFF2D
:10836000FFFFFFFFFFFFFFFFFFFFFFFFFFFFFFFF1D
:10837000FFFFFFFFFFFFFFFFFFFFFFFFFFFFFFFF0D
:10838000FFFFFFFFFFFFFFFFFFFFFFFFFFFFFFFFFD
:10839000FFFFFFFFFFFFFFFFFFFFFFFFFFFFFFFFED
:1083A000FFFFFFFFFFFFFFFFFFFFFFFFFFFFFFFFDD
:1083B000FFFFFFFFFFFFFFFFFFFFFFFFFFFFFFFFCD
:1083C000FFFFFFFFFFFFFFFFFFFFFFFFFFFFFFFFBD
:1083D000FFFFFFFFFFFFFFFFFFFFFFFFFFFFFFFFAD
:1083E000FFFFFFFFFFFFFFFFFFFFFFFFFFFFFFFF9D
:1083F000FFFFFFFFFFFFFFFFFFFFFFFFFFFFFFFF8D
:10840000000000000000000000000000000000006C
:10841000000000000000000000000000000000005C
:10842000000000000000000000000000000000004C
:10843000000000000000000000000000000000003C
:10844000000000000000000000000000000000002C
:10845000000000000000000000000000000000001C
:10846000000000000000000000000000000000000C
:1084700000000000000000000000000000000000FC
:1084800000000000000000000000000000000000EC
:1084900000000000000000000000000000000000DC
:1084A00000000000000000000000000000000000CC
:1084B00000000000000000000000000000000000BC
:1084C00000000000000000000000000000000000AC
:1084D000000000000000000000000000000000009C
:1084E000000000000000000000000000000000008C
:1084F000000000000000000000000000000000007C
:10850000000000000000000000000000000000006B
:10851000000000000000000000000000000000005B
:10852000000000000000000000000000000000004B
:10853000000000000000000000000000000000003B
:10854000000000000000000000000000000000002B
:10855000000000000000000000000000000000001B
:10856000000000000000000000000000000000000B
:1085700000000000000000000000000000000000FB
:1085800000000000000000000000000000000000EB
:1085900000000000000000000000000000000000DB
:1085A00000000000000000000000000000000000CB
:1085B00000000000000000000000000000000000BB
:1085C00000000000000000000000000000000000AB
:1085D000000000000000000000000000000000009B
:1085E000000000000000000000000000000000008B
:1085F000000000000000000000000000000000007B
:10860000000000000000000000000000000000006A
:10861000000000000000000000000000000000005A
:10862000000000000000000000000000000000004A
:10863000000000000000000000000000000000003A
:10864000000000000000000000000000000000002A
:10865000000000000000000000000000000000001A
:10866000000000000000000000000000000000000A
:1086700000000000000000000000000000000000FA
:1086800000000000000000000000000000000000EA
:1086900000000000000000000000000000000000DA
:1086A00000000000000000000000000000000000CA
:1086B00000000000000000000000000000000000BA
:1086C00000000000000000000000000000000000AA
:1086D000000000000000000000000000000000009A
:1086E000000000000000000000000000000000008A
:1086F000000000000000000000000000000000007A
:108700000000000000000000000000000000000069
:108710000000000000000000000000000000000059
:108720000000000000000000000000000000000049
:108730000000000000000000000000000000000039
:108740000000000000000000000000000000000029
:108750000000000000000000000000000000000019
:108760000000000000000000000000000000000009
:1087700000000000000000000000000000000000F9
:1087800000000000000000000000000000000000E9
:1087900000000000000000000000000000000000D9
:1087A00000000000000000000000000000000000C9
:1087B00000000000000000000000000000000000B9
:1087C00000000000000000000000000000000000A9
:1087D0000000000000000000000000000000000099
:1087E0000000000000000000000000000000000089
:1087F0000000000000000000000000000000000079
:108800000000000000000000000000000000000068
:108810000000000000000000000000000000000058
:108820000000000000000000000000000000000048
:108830000000000000000000000000000000000038
:108840000000000000000000000000000000000028
:108850000000000000000000000000000000000018
:108860000000000000000000000000000000000008
:1088700000000000000000000000000000000000F8
:1088800000000000000000000000000000000000E8
:1088900000000000000000000000000000000000D8
:1088A00000000000000000000000000000000000C8
:1088B00000000000000000000000000000000000B8
:1088C00000000000000000000000000000000000A8
:1088D0000000000000000000000000000000000098
:1088E0000000000000000000000000000000000088
:1088F0000000000000000000000000000000000078
:108900000000000000000000000000000000000067
:108910000000000000000000000000000000000057
:108920000000000000000000000000000000000047
:108930000000000000000000000000000000000037
:108940000000000000000000000000000000000027
:108950000000000000000000000000000000000017
:108960000000000000000000000000000000000007
:1089700000000000000000000000000000000000F7
:1089800000000000000000000000000000000000E7
:1089900000000000000000000000000000000000D7
:1089A00000000000000000000000000000000000C7
:1089B00000000000000000000000000000000000B7
:1089C00000000000000000000000000000000000A7
:1089D0000000000000000000000000000000000097
:1089E0000000000000000000000000000000000087
:1089F0000000000000000000000000000000000077
:108A00000000000000000000000000000000000066
:108A10000000000000000000000000000000000056
:108A20000000000000000000000000000000000046
:108A30000000000000000000000000000000000036
:108A40000000000000000000000000000000000026
:108A50000000000000000000000000000000000016
:108A60000000000000000000000000000000000006
:108A700000000000000000000000000000000000F6
:108A800000000000000000000000000000000000E6
:108A900000000000000000000000000000000000D6
:108AA00000000000000000000000000000000000C6
:108AB00000000000000000000000000000000000B6
:108AC00000000000000000000000000000000000A6
:108AD0000000000000000000000000000000000096
:108AE0000000000000000000000000000000000086
:108AF0000000000000000000000000000000000076
:108B00000000000000000000000000000000000065
:108B10000000000000000000000000000000000055
:108B20000000000000000000000000000000000045
:108B30000000000000000000000000000000000035
:108B40000000000000000000000000000000000025
:108B50000000000000000000000000000000000015
:108B60000000000000000000000000000000000005
:108B700000000000000000000000000000000000F5
:108B800000000000000000000000000000000000E5
:108B900000000000000000000000000000000000D5
:108BA00000000000000000000000000000000000C5
:108BB00000000000000000000000000000000000B5
:108BC00000000000000000000000000000000000A5
:108BD0000000000000000000000000000000000095
:108BE0000000000000000000000000000000000085
:108BF0000000000000000000000000000000000075
:108C00000000000000000000000000000000000064
:108C10000000000000000000000000000000000054
:108C20000000000000000000000000000000000044
:108C30000000000000000000000000000000000034
:108C40000000000000000000000000000000000024
:108C50000000000000000000000000000000000014
:108C60000000000000000000000000000000000004
:108C700000000000000000000000000000000000F4
:108C800000000000000000000000000000000000E4
:108C900000000000000000000000000000000000D4
:108CA00000000000000000000000000000000000C4
:108CB00000000000000000000000000000000000B4
:108CC00000000000000000000000000000000000A4
:108CD0000000000000000000000000000000000094
:108CE0000000000000000000000000000000000084
:108CF0000000000000000000000000000000000074
:108D00000000000000000000000000000000000063
:108D10000000000000000000000000000000000053
:108D20000000000000000000000000000000000043
:108D30000000000000000000000000000000000033
:108D40000000000000000000000000000000000023
:108D50000000000000000000000000000000000013
:108D60000000000000000000000000000000000003
:108D700000000000000000000000000000000000F3
:108D800000000000000000000000000000000000E3
:108D900000000000000000000000000000000000D3
:108DA00000000000000000000000000000000000C3
:108DB00000000000000000000000000000000000B3
:108DC00000000000000000000000000000000000A3
:108DD0000000000000000000000000000000000093
:108DE0000000000000000000000000000000000083
:108DF0000000000000000000000000000000000073
:108E00000000000000000000000000000000000062
:108E10000000000000000000000000000000000052
:108E20000000000000000000000000000000000042
:108E30000000000000000000000000000000000032
:108E40000000000000000000000000000000000022
:108E50000000000000000000000000000000000012
:108E60000000000000000000000000000000000002
:108E700000000000000000000000000000000000F2
:108E800000000000000000000000000000000000E2
:108E900000000000000000000000000000000000D2
:108EA00000000000000000000000000000000000C2
:108EB00000000000000000000000000000000000B2
:108EC00000000000000000000000000000000000A2
:108ED0000000000000000000000000000000000092
:108EE0000000000000000000000000000000000082
:108EF0000000000000000000000000000000000072
:108F00000000000000000000000000000000000061
:108F10000000000000000000000000000000000051
:108F20000000000000000000000000000000000041
:108F30000000000000000000000000000000000031
:108F40000000000000000000000000000000000021
:108F50000000000000000000000000000000000011
:108F60000000000000000000000000000000000001
:108F700000000000000000000000000000000000F1
:108F800000000000000000000000000000000000E1
:108F900000000000000000000000000000000000D1
:108FA00000000000000000000000000000000000C1
:108FB00000000000000000000000000000000000B1
:108FC00000000000000000000000000000000000A1
:108FD0000000000000000000000000000000000091
:108FE0000000000000000000000000000000000081
:108FF0000000000000000000000000000000000071
:040000056000100087
:00000001FF
